[1783513340.748][INFO]: Starting ChromeDriver 149.0.7827.155 (07b52360cc15066f987c910ab34dfbcd4a8778d2-refs/branch-heads/7827@{#3246}) on port 15983
[1783513340.748][INFO]: Please see https://chromedriver.chromium.org/security-considerations for suggestions on keeping ChromeDriver safe.
[1783513340.753][INFO]: ChromeDriver was started successfully on port 15983
[1783513340.908][INFO]: [8efdbb22e63138c8342c133790a7028c] COMMAND InitSession {
   "capabilities": {
      "firstMatch": [ {
         "browserName": "chrome",
         "goog:chromeOptions": {
            "args": [ "--remote-allow-origins=*" ],
            "binary": "C:\\Program Files\\Google\\Chrome\\Application\\chrome.exe",
            "extensions": [  ]
         },
         "goog:loggingPrefs": {
            "browser": "ALL",
            "driver": "ALL"
         }
      } ]
   }
}
[1783513340.909][INFO]: Populating Preferences file: {
   "alternate_error_pages": {
      "enabled": false
   },
   "autofill": {
      "enabled": false
   },
   "browser": {
      "check_default_browser": false
   },
   "distribution": {
      "import_bookmarks": false,
      "import_history": false,
      "import_search_engine": false,
      "make_chrome_default_for_user": false,
      "skip_first_run_ui": true
   },
   "dns_prefetching": {
      "enabled": false
   },
   "profile": {
      "content_settings": {
         "pattern_pairs": {
            "https://*,*": {
               "media-stream": {
                  "audio": "Default",
                  "video": "Default"
               }
            }
         }
      },
      "default_content_setting_values": {
         "geolocation": 1
      },
      "default_content_settings": {
         "geolocation": 1,
         "mouselock": 1,
         "notifications": 1,
         "popups": 1,
         "ppapi-broker": 1
      },
      "password_manager_enabled": false
   },
   "safebrowsing": {
      "enabled": false
   },
   "search": {
      "suggest_enabled": false
   },
   "translate": {
      "enabled": false
   }
}
[1783513340.910][INFO]: Populating Local State file: {
   "background_mode": {
      "enabled": false
   },
   "ssl": {
      "rev_checking": {
         "enabled": false
      }
   }
}
[1783513340.912][INFO]: ChromeDriver supports communication with Chrome via pipes. This is more reliable and more secure.
[1783513340.912][INFO]: Use the --remote-debugging-pipe Chrome switch instead of the default --remote-debugging-port to enable this communication mode.
[1783513340.913][INFO]: Launching chrome: "C:\Program Files\Google\Chrome\Application\chrome.exe" --allow-pre-commit-input --disable-background-networking --disable-background-timer-throttling --disable-backgrounding-occluded-windows --disable-client-side-phishing-detection --disable-default-apps --disable-features=IgnoreDuplicateNavs,Prewarm --disable-hang-monitor --disable-popup-blocking --disable-prompt-on-repost --disable-sync --enable-automation --enable-logging --log-level=0 --no-first-run --no-service-autorun --password-store=basic --remote-allow-origins=* --remote-debugging-port=0 --test-type=webdriver --use-mock-keychain --user-data-dir="C:\Users\sunil\AppData\Local\Temp\scoped_dir25136_711735770" data:,
[1783513341.500][INFO]: resolved localhost to ["::1","127.0.0.1"]
[1783513341.505][INFO]: [8efdbb22e63138c8342c133790a7028c] RESPONSE InitSession {
   "capabilities": {
      "acceptInsecureCerts": false,
      "browserName": "chrome",
      "browserVersion": "149.0.7827.201",
      "chrome": {
         "chromedriverVersion": "149.0.7827.155 (07b52360cc15066f987c910ab34dfbcd4a8778d2-refs/branch-heads/7827@{#3246})",
         "userDataDir": "C:\\Users\\sunil\\AppData\\Local\\Temp\\scoped_dir25136_711735770"
      },
      "fedcm:accounts": true,
      "goog:chromeOptions": {
         "debuggerAddress": "localhost:63352"
      },
      "goog:processID": 23740,
      "networkConnectionEnabled": false,
      "pageLoadStrategy": "normal",
      "platformName": "windows",
      "proxy": {
      },
      "setWindowRect": true,
      "strictFileInteractability": false,
      "timeouts": {
         "implicit": 0,
         "pageLoad": 300000,
         "script": 30000
      },
      "unhandledPromptBehavior": "dismiss and notify",
      "webauthn:extension:credBlob": true,
      "webauthn:extension:largeBlob": true,
      "webauthn:extension:minPinLength": true,
      "webauthn:extension:prf": true,
      "~~~": "..."
   },
   "sessionId": "8efdbb22e63138c8342c133790a7028c"
}
[1783513341.712][INFO]: [8efdbb22e63138c8342c133790a7028c] COMMAND MaximizeWindow {
}
[1783513341.712][INFO]: Waiting for pending navigations...
[1783513341.716][INFO]: Done waiting for pending navigations. Status: ok
[1783513341.737][INFO]: Waiting for pending navigations...
[1783513341.738][INFO]: Done waiting for pending navigations. Status: ok
[1783513341.738][INFO]: [8efdbb22e63138c8342c133790a7028c] RESPONSE MaximizeWindow {
   "height": 688,
   "width": 1296,
   "x": -7,
   "y": -7
}
[1783513341.786][INFO]: [8efdbb22e63138c8342c133790a7028c] COMMAND Navigate {
   "url": "https://www.flipkart.com/"
}
[1783513341.786][INFO]: Waiting for pending navigations...
[1783513341.787][INFO]: Done waiting for pending navigations. Status: ok
[1783513341.999][INFO]: Waiting for pending navigations...
[1783513343.572][INFO]: Done waiting for pending navigations. Status: ok
[1783513343.572][INFO]: [8efdbb22e63138c8342c133790a7028c] RESPONSE Navigate
[1783513348.586][INFO]: [8efdbb22e63138c8342c133790a7028c] COMMAND FindElement {
   "using": "xpath",
   "value": "//form[@class='lilxh_ header-form-search']//input[@title='Search for Products, Brands and More']"
}
[1783513348.587][INFO]: Waiting for pending navigations...
[1783513348.588][INFO]: Done waiting for pending navigations. Status: ok
[1783513348.609][INFO]: Waiting for pending navigations...
[1783513348.612][INFO]: Done waiting for pending navigations. Status: ok
[1783513348.612][INFO]: [8efdbb22e63138c8342c133790a7028c] RESPONSE FindElement {
   "element-6066-11e4-a52e-4f735466cecf": "f.49D49945748C2EC068872BC92F3619EA.d.027CA8F8780B4543D931687130B58872.e.81"
}
[1783513348.632][INFO]: [8efdbb22e63138c8342c133790a7028c] COMMAND TypeElement {
   "id": "f.49D49945748C2EC068872BC92F3619EA.d.027CA8F8780B4543D931687130B58872.e.81",
   "text": "Washing Machine",
   "value": [ "W", "a", "s", "h", "i", "n", "g", " ", "M", "a", "c", "h", "i", "n", "e" ]
}
[1783513348.632][INFO]: Waiting for pending navigations...
[1783513348.633][INFO]: Done waiting for pending navigations. Status: ok
[1783513348.787][INFO]: Waiting for pending navigations...
[1783513348.791][INFO]: Done waiting for pending navigations. Status: ok
[1783513348.792][INFO]: [8efdbb22e63138c8342c133790a7028c] RESPONSE TypeElement
[1783513348.806][INFO]: [8efdbb22e63138c8342c133790a7028c] COMMAND TypeElement {
   "id": "f.49D49945748C2EC068872BC92F3619EA.d.027CA8F8780B4543D931687130B58872.e.81",
   "text": "",
   "value": [ "" ]
}
[1783513348.807][INFO]: Waiting for pending navigations...
[1783513348.808][INFO]: Done waiting for pending navigations. Status: ok
[1783513348.863][INFO]: Waiting for pending navigations...
[1783513350.372][INFO]: Done waiting for pending navigations. Status: ok
[1783513350.372][INFO]: [8efdbb22e63138c8342c133790a7028c] RESPONSE TypeElement
[1783513350.376][INFO]: [8efdbb22e63138c8342c133790a7028c] COMMAND FindElement {
   "using": "xpath",
   "value": "//div[text()='Popularity']"
}
[1783513350.376][INFO]: Waiting for pending navigations...
[1783513350.378][INFO]: Done waiting for pending navigations. Status: ok
[1783513350.410][INFO]: Waiting for pending navigations...
[1783513350.413][INFO]: Done waiting for pending navigations. Status: ok
[1783513350.413][INFO]: [8efdbb22e63138c8342c133790a7028c] RESPONSE FindElement {
   "element-6066-11e4-a52e-4f735466cecf": "f.49D49945748C2EC068872BC92F3619EA.d.D480351B863DF336FFCE7010E31A80CC.e.752"
}
[1783513350.418][INFO]: [8efdbb22e63138c8342c133790a7028c] COMMAND ClickElement {
   "id": "f.49D49945748C2EC068872BC92F3619EA.d.D480351B863DF336FFCE7010E31A80CC.e.752"
}
[1783513350.418][INFO]: Waiting for pending navigations...
[1783513350.423][INFO]: Done waiting for pending navigations. Status: ok
[1783513350.631][INFO]: Waiting for pending navigations...
[1783513350.638][INFO]: Done waiting for pending navigations. Status: ok
[1783513350.638][INFO]: [8efdbb22e63138c8342c133790a7028c] RESPONSE ClickElement
[1783513350.643][INFO]: [8efdbb22e63138c8342c133790a7028c] COMMAND FindElements {
   "using": "xpath",
   "value": "//span[contains(@id,'productRating')]"
}
[1783513350.643][INFO]: Waiting for pending navigations...
[1783513350.645][INFO]: Done waiting for pending navigations. Status: ok
[1783513350.672][INFO]: Waiting for pending navigations...
[1783513350.675][INFO]: Done waiting for pending navigations. Status: ok
[1783513350.675][INFO]: [8efdbb22e63138c8342c133790a7028c] RESPONSE FindElements [ {
   "element-6066-11e4-a52e-4f735466cecf": "f.49D49945748C2EC068872BC92F3619EA.d.D480351B863DF336FFCE7010E31A80CC.e.754"
}, {
   "element-6066-11e4-a52e-4f735466cecf": "f.49D49945748C2EC068872BC92F3619EA.d.D480351B863DF336FFCE7010E31A80CC.e.755"
}, {
   "element-6066-11e4-a52e-4f735466cecf": "f.49D49945748C2EC068872BC92F3619EA.d.D480351B863DF336FFCE7010E31A80CC.e.756"
}, {
   "element-6066-11e4-a52e-4f735466cecf": "f.49D49945748C2EC068872BC92F3619EA.d.D480351B863DF336FFCE7010E31A80CC.e.757"
}, {
   "element-6066-11e4-a52e-4f735466cecf": "f.49D49945748C2EC068872BC92F3619EA.d.D480351B863DF336FFCE7010E31A80CC.e.758"
}, {
   "element-6066-11e4-a52e-4f735466cecf": "f.49D49945748C2EC068872BC92F3619EA.d.D480351B863DF336FFCE7010E31A80CC.e.759"
}, {
   "element-6066-11e4-a52e-4f735466cecf": "f.49D49945748C2EC068872BC92F3619EA.d.D480351B863DF336FFCE7010E31A80CC.e.760"
}, {
   "element-6066-11e4-a52e-4f735466cecf": "f.49D49945748C2EC068872BC92F3619EA.d.D480351B863DF336FFCE7010E31A80CC.e.761"
}, {
   "element-6066-11e4-a52e-4f735466cecf": "f.49D49945748C2EC068872BC92F3619EA.d.D480351B863DF336FFCE7010E31A80CC.e.762"
}, {
   "element-6066-11e4-a52e-4f735466cecf": "f.49D49945748C2EC068872BC92F3619EA.d.D480351B863DF336FFCE7010E31A80CC.e.763"
}, {
   "element-6066-11e4-a52e-4f735466cecf": "f.49D49945748C2EC068872BC92F3619EA.d.D480351B863DF336FFCE7010E31A80CC.e.764"
}, {
   "element-6066-11e4-a52e-4f735466cecf": "f.49D49945748C2EC068872BC92F3619EA.d.D480351B863DF336FFCE7010E31A80CC.e.765"
}, {
   "element-6066-11e4-a52e-4f735466cecf": "f.49D49945748C2EC068872BC92F3619EA.d.D480351B863DF336FFCE7010E31A80CC.e.766"
}, {
   "element-6066-11e4-a52e-4f735466cecf": "f.49D49945748C2EC068872BC92F3619EA.d.D480351B863DF336FFCE7010E31A80CC.e.767"
}, {
   "element-6066-11e4-a52e-4f735466cecf": "f.49D49945748C2EC068872BC92F3619EA.d.D480351B863DF336FFCE7010E31A80CC.e.768"
}, {
   "element-6066-11e4-a52e-4f735466cecf": "f.49D49945748C2EC068872BC92F3619EA.d.D480351B863DF336FFCE7010E31A80CC.e.769"
}, {
   "element-6066-11e4-a52e-4f735466cecf": "f.49D49945748C2EC068872BC92F3619EA.d.D480351B863DF336FFCE7010E31A80CC.e.770"
}, {
   "element-6066-11e4-a52e-4f735466cecf": "f.49D49945748C2EC068872BC92F3619EA.d.D480351B863DF336FFCE7010E31A80CC.e.771"
}, {
   "element-6066-11e4-a52e-4f735466cecf": "f.49D49945748C2EC068872BC92F3619EA.d.D480351B863DF336FFCE7010E31A80CC.e.772"
}, "..." ]
[1783513350.683][INFO]: [8efdbb22e63138c8342c133790a7028c] COMMAND SetTimeouts {
   "implicit": 20000
}
[1783513350.683][INFO]: [8efdbb22e63138c8342c133790a7028c] RESPONSE SetTimeouts
[1783513350.687][INFO]: [8efdbb22e63138c8342c133790a7028c] COMMAND FindElements {
   "using": "xpath",
   "value": "//span[contains(@id,'productRating')]"
}
[1783513350.687][INFO]: Waiting for pending navigations...
[1783513350.708][INFO]: Done waiting for pending navigations. Status: ok
[1783513350.735][INFO]: Waiting for pending navigations...
[1783513350.737][INFO]: Done waiting for pending navigations. Status: ok
[1783513350.737][INFO]: [8efdbb22e63138c8342c133790a7028c] RESPONSE FindElements [ {
   "element-6066-11e4-a52e-4f735466cecf": "f.49D49945748C2EC068872BC92F3619EA.d.D480351B863DF336FFCE7010E31A80CC.e.754"
}, {
   "element-6066-11e4-a52e-4f735466cecf": "f.49D49945748C2EC068872BC92F3619EA.d.D480351B863DF336FFCE7010E31A80CC.e.755"
}, {
   "element-6066-11e4-a52e-4f735466cecf": "f.49D49945748C2EC068872BC92F3619EA.d.D480351B863DF336FFCE7010E31A80CC.e.756"
}, {
   "element-6066-11e4-a52e-4f735466cecf": "f.49D49945748C2EC068872BC92F3619EA.d.D480351B863DF336FFCE7010E31A80CC.e.757"
}, {
   "element-6066-11e4-a52e-4f735466cecf": "f.49D49945748C2EC068872BC92F3619EA.d.D480351B863DF336FFCE7010E31A80CC.e.758"
}, {
   "element-6066-11e4-a52e-4f735466cecf": "f.49D49945748C2EC068872BC92F3619EA.d.D480351B863DF336FFCE7010E31A80CC.e.759"
}, {
   "element-6066-11e4-a52e-4f735466cecf": "f.49D49945748C2EC068872BC92F3619EA.d.D480351B863DF336FFCE7010E31A80CC.e.760"
}, {
   "element-6066-11e4-a52e-4f735466cecf": "f.49D49945748C2EC068872BC92F3619EA.d.D480351B863DF336FFCE7010E31A80CC.e.761"
}, {
   "element-6066-11e4-a52e-4f735466cecf": "f.49D49945748C2EC068872BC92F3619EA.d.D480351B863DF336FFCE7010E31A80CC.e.762"
}, {
   "element-6066-11e4-a52e-4f735466cecf": "f.49D49945748C2EC068872BC92F3619EA.d.D480351B863DF336FFCE7010E31A80CC.e.763"
}, {
   "element-6066-11e4-a52e-4f735466cecf": "f.49D49945748C2EC068872BC92F3619EA.d.D480351B863DF336FFCE7010E31A80CC.e.764"
}, {
   "element-6066-11e4-a52e-4f735466cecf": "f.49D49945748C2EC068872BC92F3619EA.d.D480351B863DF336FFCE7010E31A80CC.e.765"
}, {
   "element-6066-11e4-a52e-4f735466cecf": "f.49D49945748C2EC068872BC92F3619EA.d.D480351B863DF336FFCE7010E31A80CC.e.766"
}, {
   "element-6066-11e4-a52e-4f735466cecf": "f.49D49945748C2EC068872BC92F3619EA.d.D480351B863DF336FFCE7010E31A80CC.e.767"
}, {
   "element-6066-11e4-a52e-4f735466cecf": "f.49D49945748C2EC068872BC92F3619EA.d.D480351B863DF336FFCE7010E31A80CC.e.768"
}, {
   "element-6066-11e4-a52e-4f735466cecf": "f.49D49945748C2EC068872BC92F3619EA.d.D480351B863DF336FFCE7010E31A80CC.e.769"
}, {
   "element-6066-11e4-a52e-4f735466cecf": "f.49D49945748C2EC068872BC92F3619EA.d.D480351B863DF336FFCE7010E31A80CC.e.770"
}, {
   "element-6066-11e4-a52e-4f735466cecf": "f.49D49945748C2EC068872BC92F3619EA.d.D480351B863DF336FFCE7010E31A80CC.e.771"
}, {
   "element-6066-11e4-a52e-4f735466cecf": "f.49D49945748C2EC068872BC92F3619EA.d.D480351B863DF336FFCE7010E31A80CC.e.772"
}, "..." ]
[1783513350.746][INFO]: [8efdbb22e63138c8342c133790a7028c] COMMAND GetElementText {
   "id": "f.49D49945748C2EC068872BC92F3619EA.d.D480351B863DF336FFCE7010E31A80CC.e.754"
}
[1783513350.746][INFO]: Waiting for pending navigations...
[1783513350.757][INFO]: Done waiting for pending navigations. Status: ok
[1783513350.815][INFO]: Waiting for pending navigations...
[1783513350.819][INFO]: Done waiting for pending navigations. Status: ok
[1783513350.819][INFO]: [8efdbb22e63138c8342c133790a7028c] RESPONSE GetElementText "4.2"
[1783513350.823][INFO]: [8efdbb22e63138c8342c133790a7028c] COMMAND FindElements {
   "using": "xpath",
   "value": "//span[contains(@id,'productRating')]"
}
[1783513350.823][INFO]: Waiting for pending navigations...
[1783513350.827][INFO]: Done waiting for pending navigations. Status: ok
[1783513350.848][INFO]: Waiting for pending navigations...
[1783513350.850][INFO]: Done waiting for pending navigations. Status: ok
[1783513350.850][INFO]: [8efdbb22e63138c8342c133790a7028c] RESPONSE FindElements [ {
   "element-6066-11e4-a52e-4f735466cecf": "f.49D49945748C2EC068872BC92F3619EA.d.D480351B863DF336FFCE7010E31A80CC.e.754"
}, {
   "element-6066-11e4-a52e-4f735466cecf": "f.49D49945748C2EC068872BC92F3619EA.d.D480351B863DF336FFCE7010E31A80CC.e.755"
}, {
   "element-6066-11e4-a52e-4f735466cecf": "f.49D49945748C2EC068872BC92F3619EA.d.D480351B863DF336FFCE7010E31A80CC.e.756"
}, {
   "element-6066-11e4-a52e-4f735466cecf": "f.49D49945748C2EC068872BC92F3619EA.d.D480351B863DF336FFCE7010E31A80CC.e.757"
}, {
   "element-6066-11e4-a52e-4f735466cecf": "f.49D49945748C2EC068872BC92F3619EA.d.D480351B863DF336FFCE7010E31A80CC.e.758"
}, {
   "element-6066-11e4-a52e-4f735466cecf": "f.49D49945748C2EC068872BC92F3619EA.d.D480351B863DF336FFCE7010E31A80CC.e.759"
}, {
   "element-6066-11e4-a52e-4f735466cecf": "f.49D49945748C2EC068872BC92F3619EA.d.D480351B863DF336FFCE7010E31A80CC.e.760"
}, {
   "element-6066-11e4-a52e-4f735466cecf": "f.49D49945748C2EC068872BC92F3619EA.d.D480351B863DF336FFCE7010E31A80CC.e.761"
}, {
   "element-6066-11e4-a52e-4f735466cecf": "f.49D49945748C2EC068872BC92F3619EA.d.D480351B863DF336FFCE7010E31A80CC.e.762"
}, {
   "element-6066-11e4-a52e-4f735466cecf": "f.49D49945748C2EC068872BC92F3619EA.d.D480351B863DF336FFCE7010E31A80CC.e.763"
}, {
   "element-6066-11e4-a52e-4f735466cecf": "f.49D49945748C2EC068872BC92F3619EA.d.D480351B863DF336FFCE7010E31A80CC.e.764"
}, {
   "element-6066-11e4-a52e-4f735466cecf": "f.49D49945748C2EC068872BC92F3619EA.d.D480351B863DF336FFCE7010E31A80CC.e.765"
}, {
   "element-6066-11e4-a52e-4f735466cecf": "f.49D49945748C2EC068872BC92F3619EA.d.D480351B863DF336FFCE7010E31A80CC.e.766"
}, {
   "element-6066-11e4-a52e-4f735466cecf": "f.49D49945748C2EC068872BC92F3619EA.d.D480351B863DF336FFCE7010E31A80CC.e.767"
}, {
   "element-6066-11e4-a52e-4f735466cecf": "f.49D49945748C2EC068872BC92F3619EA.d.D480351B863DF336FFCE7010E31A80CC.e.768"
}, {
   "element-6066-11e4-a52e-4f735466cecf": "f.49D49945748C2EC068872BC92F3619EA.d.D480351B863DF336FFCE7010E31A80CC.e.769"
}, {
   "element-6066-11e4-a52e-4f735466cecf": "f.49D49945748C2EC068872BC92F3619EA.d.D480351B863DF336FFCE7010E31A80CC.e.770"
}, {
   "element-6066-11e4-a52e-4f735466cecf": "f.49D49945748C2EC068872BC92F3619EA.d.D480351B863DF336FFCE7010E31A80CC.e.771"
}, {
   "element-6066-11e4-a52e-4f735466cecf": "f.49D49945748C2EC068872BC92F3619EA.d.D480351B863DF336FFCE7010E31A80CC.e.772"
}, "..." ]
[1783513350.855][INFO]: [8efdbb22e63138c8342c133790a7028c] COMMAND GetElementText {
   "id": "f.49D49945748C2EC068872BC92F3619EA.d.D480351B863DF336FFCE7010E31A80CC.e.755"
}
[1783513350.855][INFO]: Waiting for pending navigations...
[1783513350.856][INFO]: Done waiting for pending navigations. Status: ok
[1783513350.868][INFO]: Waiting for pending navigations...
[1783513350.869][INFO]: Done waiting for pending navigations. Status: ok
[1783513350.869][INFO]: [8efdbb22e63138c8342c133790a7028c] RESPONSE GetElementText "4.2"
[1783513350.872][INFO]: [8efdbb22e63138c8342c133790a7028c] COMMAND FindElements {
   "using": "xpath",
   "value": "//span[contains(@id,'productRating')]"
}
[1783513350.872][INFO]: Waiting for pending navigations...
[1783513350.873][INFO]: Done waiting for pending navigations. Status: ok
[1783513350.885][INFO]: Waiting for pending navigations...
[1783513350.886][INFO]: Done waiting for pending navigations. Status: ok
[1783513350.886][INFO]: [8efdbb22e63138c8342c133790a7028c] RESPONSE FindElements [ {
   "element-6066-11e4-a52e-4f735466cecf": "f.49D49945748C2EC068872BC92F3619EA.d.D480351B863DF336FFCE7010E31A80CC.e.754"
}, {
   "element-6066-11e4-a52e-4f735466cecf": "f.49D49945748C2EC068872BC92F3619EA.d.D480351B863DF336FFCE7010E31A80CC.e.755"
}, {
   "element-6066-11e4-a52e-4f735466cecf": "f.49D49945748C2EC068872BC92F3619EA.d.D480351B863DF336FFCE7010E31A80CC.e.756"
}, {
   "element-6066-11e4-a52e-4f735466cecf": "f.49D49945748C2EC068872BC92F3619EA.d.D480351B863DF336FFCE7010E31A80CC.e.757"
}, {
   "element-6066-11e4-a52e-4f735466cecf": "f.49D49945748C2EC068872BC92F3619EA.d.D480351B863DF336FFCE7010E31A80CC.e.758"
}, {
   "element-6066-11e4-a52e-4f735466cecf": "f.49D49945748C2EC068872BC92F3619EA.d.D480351B863DF336FFCE7010E31A80CC.e.759"
}, {
   "element-6066-11e4-a52e-4f735466cecf": "f.49D49945748C2EC068872BC92F3619EA.d.D480351B863DF336FFCE7010E31A80CC.e.760"
}, {
   "element-6066-11e4-a52e-4f735466cecf": "f.49D49945748C2EC068872BC92F3619EA.d.D480351B863DF336FFCE7010E31A80CC.e.761"
}, {
   "element-6066-11e4-a52e-4f735466cecf": "f.49D49945748C2EC068872BC92F3619EA.d.D480351B863DF336FFCE7010E31A80CC.e.762"
}, {
   "element-6066-11e4-a52e-4f735466cecf": "f.49D49945748C2EC068872BC92F3619EA.d.D480351B863DF336FFCE7010E31A80CC.e.763"
}, {
   "element-6066-11e4-a52e-4f735466cecf": "f.49D49945748C2EC068872BC92F3619EA.d.D480351B863DF336FFCE7010E31A80CC.e.764"
}, {
   "element-6066-11e4-a52e-4f735466cecf": "f.49D49945748C2EC068872BC92F3619EA.d.D480351B863DF336FFCE7010E31A80CC.e.765"
}, {
   "element-6066-11e4-a52e-4f735466cecf": "f.49D49945748C2EC068872BC92F3619EA.d.D480351B863DF336FFCE7010E31A80CC.e.766"
}, {
   "element-6066-11e4-a52e-4f735466cecf": "f.49D49945748C2EC068872BC92F3619EA.d.D480351B863DF336FFCE7010E31A80CC.e.767"
}, {
   "element-6066-11e4-a52e-4f735466cecf": "f.49D49945748C2EC068872BC92F3619EA.d.D480351B863DF336FFCE7010E31A80CC.e.768"
}, {
   "element-6066-11e4-a52e-4f735466cecf": "f.49D49945748C2EC068872BC92F3619EA.d.D480351B863DF336FFCE7010E31A80CC.e.769"
}, {
   "element-6066-11e4-a52e-4f735466cecf": "f.49D49945748C2EC068872BC92F3619EA.d.D480351B863DF336FFCE7010E31A80CC.e.770"
}, {
   "element-6066-11e4-a52e-4f735466cecf": "f.49D49945748C2EC068872BC92F3619EA.d.D480351B863DF336FFCE7010E31A80CC.e.771"
}, {
   "element-6066-11e4-a52e-4f735466cecf": "f.49D49945748C2EC068872BC92F3619EA.d.D480351B863DF336FFCE7010E31A80CC.e.772"
}, "..." ]
[1783513350.891][INFO]: [8efdbb22e63138c8342c133790a7028c] COMMAND GetElementText {
   "id": "f.49D49945748C2EC068872BC92F3619EA.d.D480351B863DF336FFCE7010E31A80CC.e.756"
}
[1783513350.892][INFO]: Waiting for pending navigations...
[1783513350.892][INFO]: Done waiting for pending navigations. Status: ok
[1783513350.904][INFO]: Waiting for pending navigations...
[1783513350.904][INFO]: Done waiting for pending navigations. Status: ok
[1783513350.904][INFO]: [8efdbb22e63138c8342c133790a7028c] RESPONSE GetElementText "4.2"
[1783513350.909][INFO]: [8efdbb22e63138c8342c133790a7028c] COMMAND FindElements {
   "using": "xpath",
   "value": "//span[contains(@id,'productRating')]"
}
[1783513350.909][INFO]: Waiting for pending navigations...
[1783513350.910][INFO]: Done waiting for pending navigations. Status: ok
[1783513350.921][INFO]: Waiting for pending navigations...
[1783513350.923][INFO]: Done waiting for pending navigations. Status: ok
[1783513350.923][INFO]: [8efdbb22e63138c8342c133790a7028c] RESPONSE FindElements [ {
   "element-6066-11e4-a52e-4f735466cecf": "f.49D49945748C2EC068872BC92F3619EA.d.D480351B863DF336FFCE7010E31A80CC.e.754"
}, {
   "element-6066-11e4-a52e-4f735466cecf": "f.49D49945748C2EC068872BC92F3619EA.d.D480351B863DF336FFCE7010E31A80CC.e.755"
}, {
   "element-6066-11e4-a52e-4f735466cecf": "f.49D49945748C2EC068872BC92F3619EA.d.D480351B863DF336FFCE7010E31A80CC.e.756"
}, {
   "element-6066-11e4-a52e-4f735466cecf": "f.49D49945748C2EC068872BC92F3619EA.d.D480351B863DF336FFCE7010E31A80CC.e.757"
}, {
   "element-6066-11e4-a52e-4f735466cecf": "f.49D49945748C2EC068872BC92F3619EA.d.D480351B863DF336FFCE7010E31A80CC.e.758"
}, {
   "element-6066-11e4-a52e-4f735466cecf": "f.49D49945748C2EC068872BC92F3619EA.d.D480351B863DF336FFCE7010E31A80CC.e.759"
}, {
   "element-6066-11e4-a52e-4f735466cecf": "f.49D49945748C2EC068872BC92F3619EA.d.D480351B863DF336FFCE7010E31A80CC.e.760"
}, {
   "element-6066-11e4-a52e-4f735466cecf": "f.49D49945748C2EC068872BC92F3619EA.d.D480351B863DF336FFCE7010E31A80CC.e.761"
}, {
   "element-6066-11e4-a52e-4f735466cecf": "f.49D49945748C2EC068872BC92F3619EA.d.D480351B863DF336FFCE7010E31A80CC.e.762"
}, {
   "element-6066-11e4-a52e-4f735466cecf": "f.49D49945748C2EC068872BC92F3619EA.d.D480351B863DF336FFCE7010E31A80CC.e.763"
}, {
   "element-6066-11e4-a52e-4f735466cecf": "f.49D49945748C2EC068872BC92F3619EA.d.D480351B863DF336FFCE7010E31A80CC.e.764"
}, {
   "element-6066-11e4-a52e-4f735466cecf": "f.49D49945748C2EC068872BC92F3619EA.d.D480351B863DF336FFCE7010E31A80CC.e.765"
}, {
   "element-6066-11e4-a52e-4f735466cecf": "f.49D49945748C2EC068872BC92F3619EA.d.D480351B863DF336FFCE7010E31A80CC.e.766"
}, {
   "element-6066-11e4-a52e-4f735466cecf": "f.49D49945748C2EC068872BC92F3619EA.d.D480351B863DF336FFCE7010E31A80CC.e.767"
}, {
   "element-6066-11e4-a52e-4f735466cecf": "f.49D49945748C2EC068872BC92F3619EA.d.D480351B863DF336FFCE7010E31A80CC.e.768"
}, {
   "element-6066-11e4-a52e-4f735466cecf": "f.49D49945748C2EC068872BC92F3619EA.d.D480351B863DF336FFCE7010E31A80CC.e.769"
}, {
   "element-6066-11e4-a52e-4f735466cecf": "f.49D49945748C2EC068872BC92F3619EA.d.D480351B863DF336FFCE7010E31A80CC.e.770"
}, {
   "element-6066-11e4-a52e-4f735466cecf": "f.49D49945748C2EC068872BC92F3619EA.d.D480351B863DF336FFCE7010E31A80CC.e.771"
}, {
   "element-6066-11e4-a52e-4f735466cecf": "f.49D49945748C2EC068872BC92F3619EA.d.D480351B863DF336FFCE7010E31A80CC.e.772"
}, "..." ]
[1783513350.930][INFO]: [8efdbb22e63138c8342c133790a7028c] COMMAND GetElementText {
   "id": "f.49D49945748C2EC068872BC92F3619EA.d.D480351B863DF336FFCE7010E31A80CC.e.757"
}
[1783513350.930][INFO]: Waiting for pending navigations...
[1783513350.931][INFO]: Done waiting for pending navigations. Status: ok
[1783513350.941][INFO]: Waiting for pending navigations...
[1783513350.942][INFO]: Done waiting for pending navigations. Status: ok
[1783513350.942][INFO]: [8efdbb22e63138c8342c133790a7028c] RESPONSE GetElementText "4.4"
[1783513350.945][INFO]: [8efdbb22e63138c8342c133790a7028c] COMMAND FindElements {
   "using": "xpath",
   "value": "//span[contains(@id,'productRating')]"
}
[1783513350.945][INFO]: Waiting for pending navigations...
[1783513350.947][INFO]: Done waiting for pending navigations. Status: ok
[1783513350.956][INFO]: Waiting for pending navigations...
[1783513350.957][INFO]: Done waiting for pending navigations. Status: ok
[1783513350.957][INFO]: [8efdbb22e63138c8342c133790a7028c] RESPONSE FindElements [ {
   "element-6066-11e4-a52e-4f735466cecf": "f.49D49945748C2EC068872BC92F3619EA.d.D480351B863DF336FFCE7010E31A80CC.e.754"
}, {
   "element-6066-11e4-a52e-4f735466cecf": "f.49D49945748C2EC068872BC92F3619EA.d.D480351B863DF336FFCE7010E31A80CC.e.755"
}, {
   "element-6066-11e4-a52e-4f735466cecf": "f.49D49945748C2EC068872BC92F3619EA.d.D480351B863DF336FFCE7010E31A80CC.e.756"
}, {
   "element-6066-11e4-a52e-4f735466cecf": "f.49D49945748C2EC068872BC92F3619EA.d.D480351B863DF336FFCE7010E31A80CC.e.757"
}, {
   "element-6066-11e4-a52e-4f735466cecf": "f.49D49945748C2EC068872BC92F3619EA.d.D480351B863DF336FFCE7010E31A80CC.e.758"
}, {
   "element-6066-11e4-a52e-4f735466cecf": "f.49D49945748C2EC068872BC92F3619EA.d.D480351B863DF336FFCE7010E31A80CC.e.759"
}, {
   "element-6066-11e4-a52e-4f735466cecf": "f.49D49945748C2EC068872BC92F3619EA.d.D480351B863DF336FFCE7010E31A80CC.e.760"
}, {
   "element-6066-11e4-a52e-4f735466cecf": "f.49D49945748C2EC068872BC92F3619EA.d.D480351B863DF336FFCE7010E31A80CC.e.761"
}, {
   "element-6066-11e4-a52e-4f735466cecf": "f.49D49945748C2EC068872BC92F3619EA.d.D480351B863DF336FFCE7010E31A80CC.e.762"
}, {
   "element-6066-11e4-a52e-4f735466cecf": "f.49D49945748C2EC068872BC92F3619EA.d.D480351B863DF336FFCE7010E31A80CC.e.763"
}, {
   "element-6066-11e4-a52e-4f735466cecf": "f.49D49945748C2EC068872BC92F3619EA.d.D480351B863DF336FFCE7010E31A80CC.e.764"
}, {
   "element-6066-11e4-a52e-4f735466cecf": "f.49D49945748C2EC068872BC92F3619EA.d.D480351B863DF336FFCE7010E31A80CC.e.765"
}, {
   "element-6066-11e4-a52e-4f735466cecf": "f.49D49945748C2EC068872BC92F3619EA.d.D480351B863DF336FFCE7010E31A80CC.e.766"
}, {
   "element-6066-11e4-a52e-4f735466cecf": "f.49D49945748C2EC068872BC92F3619EA.d.D480351B863DF336FFCE7010E31A80CC.e.767"
}, {
   "element-6066-11e4-a52e-4f735466cecf": "f.49D49945748C2EC068872BC92F3619EA.d.D480351B863DF336FFCE7010E31A80CC.e.768"
}, {
   "element-6066-11e4-a52e-4f735466cecf": "f.49D49945748C2EC068872BC92F3619EA.d.D480351B863DF336FFCE7010E31A80CC.e.769"
}, {
   "element-6066-11e4-a52e-4f735466cecf": "f.49D49945748C2EC068872BC92F3619EA.d.D480351B863DF336FFCE7010E31A80CC.e.770"
}, {
   "element-6066-11e4-a52e-4f735466cecf": "f.49D49945748C2EC068872BC92F3619EA.d.D480351B863DF336FFCE7010E31A80CC.e.771"
}, {
   "element-6066-11e4-a52e-4f735466cecf": "f.49D49945748C2EC068872BC92F3619EA.d.D480351B863DF336FFCE7010E31A80CC.e.772"
}, "..." ]
[1783513350.962][INFO]: [8efdbb22e63138c8342c133790a7028c] COMMAND GetElementText {
   "id": "f.49D49945748C2EC068872BC92F3619EA.d.D480351B863DF336FFCE7010E31A80CC.e.758"
}
[1783513350.962][INFO]: Waiting for pending navigations...
[1783513350.963][INFO]: Done waiting for pending navigations. Status: ok
[1783513350.975][INFO]: Waiting for pending navigations...
[1783513350.976][INFO]: Done waiting for pending navigations. Status: ok
[1783513350.976][INFO]: [8efdbb22e63138c8342c133790a7028c] RESPONSE GetElementText "4.5"
[1783513350.979][INFO]: [8efdbb22e63138c8342c133790a7028c] COMMAND FindElements {
   "using": "xpath",
   "value": "//span[contains(@id,'productRating')]"
}
[1783513350.979][INFO]: Waiting for pending navigations...
[1783513350.981][INFO]: Done waiting for pending navigations. Status: ok
[1783513350.993][INFO]: Waiting for pending navigations...
[1783513350.994][INFO]: Done waiting for pending navigations. Status: ok
[1783513350.994][INFO]: [8efdbb22e63138c8342c133790a7028c] RESPONSE FindElements [ {
   "element-6066-11e4-a52e-4f735466cecf": "f.49D49945748C2EC068872BC92F3619EA.d.D480351B863DF336FFCE7010E31A80CC.e.754"
}, {
   "element-6066-11e4-a52e-4f735466cecf": "f.49D49945748C2EC068872BC92F3619EA.d.D480351B863DF336FFCE7010E31A80CC.e.755"
}, {
   "element-6066-11e4-a52e-4f735466cecf": "f.49D49945748C2EC068872BC92F3619EA.d.D480351B863DF336FFCE7010E31A80CC.e.756"
}, {
   "element-6066-11e4-a52e-4f735466cecf": "f.49D49945748C2EC068872BC92F3619EA.d.D480351B863DF336FFCE7010E31A80CC.e.757"
}, {
   "element-6066-11e4-a52e-4f735466cecf": "f.49D49945748C2EC068872BC92F3619EA.d.D480351B863DF336FFCE7010E31A80CC.e.758"
}, {
   "element-6066-11e4-a52e-4f735466cecf": "f.49D49945748C2EC068872BC92F3619EA.d.D480351B863DF336FFCE7010E31A80CC.e.759"
}, {
   "element-6066-11e4-a52e-4f735466cecf": "f.49D49945748C2EC068872BC92F3619EA.d.D480351B863DF336FFCE7010E31A80CC.e.760"
}, {
   "element-6066-11e4-a52e-4f735466cecf": "f.49D49945748C2EC068872BC92F3619EA.d.D480351B863DF336FFCE7010E31A80CC.e.761"
}, {
   "element-6066-11e4-a52e-4f735466cecf": "f.49D49945748C2EC068872BC92F3619EA.d.D480351B863DF336FFCE7010E31A80CC.e.762"
}, {
   "element-6066-11e4-a52e-4f735466cecf": "f.49D49945748C2EC068872BC92F3619EA.d.D480351B863DF336FFCE7010E31A80CC.e.763"
}, {
   "element-6066-11e4-a52e-4f735466cecf": "f.49D49945748C2EC068872BC92F3619EA.d.D480351B863DF336FFCE7010E31A80CC.e.764"
}, {
   "element-6066-11e4-a52e-4f735466cecf": "f.49D49945748C2EC068872BC92F3619EA.d.D480351B863DF336FFCE7010E31A80CC.e.765"
}, {
   "element-6066-11e4-a52e-4f735466cecf": "f.49D49945748C2EC068872BC92F3619EA.d.D480351B863DF336FFCE7010E31A80CC.e.766"
}, {
   "element-6066-11e4-a52e-4f735466cecf": "f.49D49945748C2EC068872BC92F3619EA.d.D480351B863DF336FFCE7010E31A80CC.e.767"
}, {
   "element-6066-11e4-a52e-4f735466cecf": "f.49D49945748C2EC068872BC92F3619EA.d.D480351B863DF336FFCE7010E31A80CC.e.768"
}, {
   "element-6066-11e4-a52e-4f735466cecf": "f.49D49945748C2EC068872BC92F3619EA.d.D480351B863DF336FFCE7010E31A80CC.e.769"
}, {
   "element-6066-11e4-a52e-4f735466cecf": "f.49D49945748C2EC068872BC92F3619EA.d.D480351B863DF336FFCE7010E31A80CC.e.770"
}, {
   "element-6066-11e4-a52e-4f735466cecf": "f.49D49945748C2EC068872BC92F3619EA.d.D480351B863DF336FFCE7010E31A80CC.e.771"
}, {
   "element-6066-11e4-a52e-4f735466cecf": "f.49D49945748C2EC068872BC92F3619EA.d.D480351B863DF336FFCE7010E31A80CC.e.772"
}, "..." ]
[1783513350.998][INFO]: [8efdbb22e63138c8342c133790a7028c] COMMAND GetElementText {
   "id": "f.49D49945748C2EC068872BC92F3619EA.d.D480351B863DF336FFCE7010E31A80CC.e.759"
}
[1783513350.998][INFO]: Waiting for pending navigations...
[1783513350.999][INFO]: Done waiting for pending navigations. Status: ok
[1783513351.012][INFO]: Waiting for pending navigations...
[1783513351.016][INFO]: Done waiting for pending navigations. Status: ok
[1783513351.016][INFO]: [8efdbb22e63138c8342c133790a7028c] RESPONSE GetElementText "4.4"
[1783513351.019][INFO]: [8efdbb22e63138c8342c133790a7028c] COMMAND FindElements {
   "using": "xpath",
   "value": "//span[contains(@id,'productRating')]"
}
[1783513351.019][INFO]: Waiting for pending navigations...
[1783513351.020][INFO]: Done waiting for pending navigations. Status: ok
[1783513351.030][INFO]: Waiting for pending navigations...
[1783513351.032][INFO]: Done waiting for pending navigations. Status: ok
[1783513351.032][INFO]: [8efdbb22e63138c8342c133790a7028c] RESPONSE FindElements [ {
   "element-6066-11e4-a52e-4f735466cecf": "f.49D49945748C2EC068872BC92F3619EA.d.D480351B863DF336FFCE7010E31A80CC.e.754"
}, {
   "element-6066-11e4-a52e-4f735466cecf": "f.49D49945748C2EC068872BC92F3619EA.d.D480351B863DF336FFCE7010E31A80CC.e.755"
}, {
   "element-6066-11e4-a52e-4f735466cecf": "f.49D49945748C2EC068872BC92F3619EA.d.D480351B863DF336FFCE7010E31A80CC.e.756"
}, {
   "element-6066-11e4-a52e-4f735466cecf": "f.49D49945748C2EC068872BC92F3619EA.d.D480351B863DF336FFCE7010E31A80CC.e.757"
}, {
   "element-6066-11e4-a52e-4f735466cecf": "f.49D49945748C2EC068872BC92F3619EA.d.D480351B863DF336FFCE7010E31A80CC.e.758"
}, {
   "element-6066-11e4-a52e-4f735466cecf": "f.49D49945748C2EC068872BC92F3619EA.d.D480351B863DF336FFCE7010E31A80CC.e.759"
}, {
   "element-6066-11e4-a52e-4f735466cecf": "f.49D49945748C2EC068872BC92F3619EA.d.D480351B863DF336FFCE7010E31A80CC.e.760"
}, {
   "element-6066-11e4-a52e-4f735466cecf": "f.49D49945748C2EC068872BC92F3619EA.d.D480351B863DF336FFCE7010E31A80CC.e.761"
}, {
   "element-6066-11e4-a52e-4f735466cecf": "f.49D49945748C2EC068872BC92F3619EA.d.D480351B863DF336FFCE7010E31A80CC.e.762"
}, {
   "element-6066-11e4-a52e-4f735466cecf": "f.49D49945748C2EC068872BC92F3619EA.d.D480351B863DF336FFCE7010E31A80CC.e.763"
}, {
   "element-6066-11e4-a52e-4f735466cecf": "f.49D49945748C2EC068872BC92F3619EA.d.D480351B863DF336FFCE7010E31A80CC.e.764"
}, {
   "element-6066-11e4-a52e-4f735466cecf": "f.49D49945748C2EC068872BC92F3619EA.d.D480351B863DF336FFCE7010E31A80CC.e.765"
}, {
   "element-6066-11e4-a52e-4f735466cecf": "f.49D49945748C2EC068872BC92F3619EA.d.D480351B863DF336FFCE7010E31A80CC.e.766"
}, {
   "element-6066-11e4-a52e-4f735466cecf": "f.49D49945748C2EC068872BC92F3619EA.d.D480351B863DF336FFCE7010E31A80CC.e.767"
}, {
   "element-6066-11e4-a52e-4f735466cecf": "f.49D49945748C2EC068872BC92F3619EA.d.D480351B863DF336FFCE7010E31A80CC.e.768"
}, {
   "element-6066-11e4-a52e-4f735466cecf": "f.49D49945748C2EC068872BC92F3619EA.d.D480351B863DF336FFCE7010E31A80CC.e.769"
}, {
   "element-6066-11e4-a52e-4f735466cecf": "f.49D49945748C2EC068872BC92F3619EA.d.D480351B863DF336FFCE7010E31A80CC.e.770"
}, {
   "element-6066-11e4-a52e-4f735466cecf": "f.49D49945748C2EC068872BC92F3619EA.d.D480351B863DF336FFCE7010E31A80CC.e.771"
}, {
   "element-6066-11e4-a52e-4f735466cecf": "f.49D49945748C2EC068872BC92F3619EA.d.D480351B863DF336FFCE7010E31A80CC.e.772"
}, "..." ]
[1783513351.035][INFO]: [8efdbb22e63138c8342c133790a7028c] COMMAND GetElementText {
   "id": "f.49D49945748C2EC068872BC92F3619EA.d.D480351B863DF336FFCE7010E31A80CC.e.760"
}
[1783513351.035][INFO]: Waiting for pending navigations...
[1783513351.036][INFO]: Done waiting for pending navigations. Status: ok
[1783513351.048][INFO]: Waiting for pending navigations...
[1783513351.050][INFO]: Done waiting for pending navigations. Status: ok
[1783513351.050][INFO]: [8efdbb22e63138c8342c133790a7028c] RESPONSE GetElementText "4.3"
[1783513351.053][INFO]: [8efdbb22e63138c8342c133790a7028c] COMMAND FindElements {
   "using": "xpath",
   "value": "//span[contains(@id,'productRating')]"
}
[1783513351.053][INFO]: Waiting for pending navigations...
[1783513351.058][INFO]: Done waiting for pending navigations. Status: ok
[1783513351.218][INFO]: Waiting for pending navigations...
[1783513351.221][INFO]: Done waiting for pending navigations. Status: ok
[1783513351.221][INFO]: [8efdbb22e63138c8342c133790a7028c] RESPONSE FindElements [ {
   "element-6066-11e4-a52e-4f735466cecf": "f.49D49945748C2EC068872BC92F3619EA.d.D480351B863DF336FFCE7010E31A80CC.e.754"
}, {
   "element-6066-11e4-a52e-4f735466cecf": "f.49D49945748C2EC068872BC92F3619EA.d.D480351B863DF336FFCE7010E31A80CC.e.804"
}, {
   "element-6066-11e4-a52e-4f735466cecf": "f.49D49945748C2EC068872BC92F3619EA.d.D480351B863DF336FFCE7010E31A80CC.e.805"
}, {
   "element-6066-11e4-a52e-4f735466cecf": "f.49D49945748C2EC068872BC92F3619EA.d.D480351B863DF336FFCE7010E31A80CC.e.806"
}, {
   "element-6066-11e4-a52e-4f735466cecf": "f.49D49945748C2EC068872BC92F3619EA.d.D480351B863DF336FFCE7010E31A80CC.e.758"
}, {
   "element-6066-11e4-a52e-4f735466cecf": "f.49D49945748C2EC068872BC92F3619EA.d.D480351B863DF336FFCE7010E31A80CC.e.759"
}, {
   "element-6066-11e4-a52e-4f735466cecf": "f.49D49945748C2EC068872BC92F3619EA.d.D480351B863DF336FFCE7010E31A80CC.e.760"
}, {
   "element-6066-11e4-a52e-4f735466cecf": "f.49D49945748C2EC068872BC92F3619EA.d.D480351B863DF336FFCE7010E31A80CC.e.807"
}, {
   "element-6066-11e4-a52e-4f735466cecf": "f.49D49945748C2EC068872BC92F3619EA.d.D480351B863DF336FFCE7010E31A80CC.e.762"
}, {
   "element-6066-11e4-a52e-4f735466cecf": "f.49D49945748C2EC068872BC92F3619EA.d.D480351B863DF336FFCE7010E31A80CC.e.808"
}, {
   "element-6066-11e4-a52e-4f735466cecf": "f.49D49945748C2EC068872BC92F3619EA.d.D480351B863DF336FFCE7010E31A80CC.e.809"
}, {
   "element-6066-11e4-a52e-4f735466cecf": "f.49D49945748C2EC068872BC92F3619EA.d.D480351B863DF336FFCE7010E31A80CC.e.810"
}, {
   "element-6066-11e4-a52e-4f735466cecf": "f.49D49945748C2EC068872BC92F3619EA.d.D480351B863DF336FFCE7010E31A80CC.e.811"
}, {
   "element-6066-11e4-a52e-4f735466cecf": "f.49D49945748C2EC068872BC92F3619EA.d.D480351B863DF336FFCE7010E31A80CC.e.812"
}, {
   "element-6066-11e4-a52e-4f735466cecf": "f.49D49945748C2EC068872BC92F3619EA.d.D480351B863DF336FFCE7010E31A80CC.e.813"
}, {
   "element-6066-11e4-a52e-4f735466cecf": "f.49D49945748C2EC068872BC92F3619EA.d.D480351B863DF336FFCE7010E31A80CC.e.814"
}, {
   "element-6066-11e4-a52e-4f735466cecf": "f.49D49945748C2EC068872BC92F3619EA.d.D480351B863DF336FFCE7010E31A80CC.e.815"
}, {
   "element-6066-11e4-a52e-4f735466cecf": "f.49D49945748C2EC068872BC92F3619EA.d.D480351B863DF336FFCE7010E31A80CC.e.816"
}, {
   "element-6066-11e4-a52e-4f735466cecf": "f.49D49945748C2EC068872BC92F3619EA.d.D480351B863DF336FFCE7010E31A80CC.e.817"
}, "..." ]
[1783513351.225][INFO]: [8efdbb22e63138c8342c133790a7028c] COMMAND GetElementText {
   "id": "f.49D49945748C2EC068872BC92F3619EA.d.D480351B863DF336FFCE7010E31A80CC.e.807"
}
[1783513351.225][INFO]: Waiting for pending navigations...
[1783513351.226][INFO]: Done waiting for pending navigations. Status: ok
[1783513351.238][INFO]: Waiting for pending navigations...
[1783513351.239][INFO]: Done waiting for pending navigations. Status: ok
[1783513351.239][INFO]: [8efdbb22e63138c8342c133790a7028c] RESPONSE GetElementText "4.3"
[1783513351.242][INFO]: [8efdbb22e63138c8342c133790a7028c] COMMAND FindElements {
   "using": "xpath",
   "value": "//span[contains(@id,'productRating')]"
}
[1783513351.242][INFO]: Waiting for pending navigations...
[1783513351.243][INFO]: Done waiting for pending navigations. Status: ok
[1783513351.255][INFO]: Waiting for pending navigations...
[1783513351.256][INFO]: Done waiting for pending navigations. Status: ok
[1783513351.256][INFO]: [8efdbb22e63138c8342c133790a7028c] RESPONSE FindElements [ {
   "element-6066-11e4-a52e-4f735466cecf": "f.49D49945748C2EC068872BC92F3619EA.d.D480351B863DF336FFCE7010E31A80CC.e.754"
}, {
   "element-6066-11e4-a52e-4f735466cecf": "f.49D49945748C2EC068872BC92F3619EA.d.D480351B863DF336FFCE7010E31A80CC.e.804"
}, {
   "element-6066-11e4-a52e-4f735466cecf": "f.49D49945748C2EC068872BC92F3619EA.d.D480351B863DF336FFCE7010E31A80CC.e.805"
}, {
   "element-6066-11e4-a52e-4f735466cecf": "f.49D49945748C2EC068872BC92F3619EA.d.D480351B863DF336FFCE7010E31A80CC.e.806"
}, {
   "element-6066-11e4-a52e-4f735466cecf": "f.49D49945748C2EC068872BC92F3619EA.d.D480351B863DF336FFCE7010E31A80CC.e.758"
}, {
   "element-6066-11e4-a52e-4f735466cecf": "f.49D49945748C2EC068872BC92F3619EA.d.D480351B863DF336FFCE7010E31A80CC.e.759"
}, {
   "element-6066-11e4-a52e-4f735466cecf": "f.49D49945748C2EC068872BC92F3619EA.d.D480351B863DF336FFCE7010E31A80CC.e.760"
}, {
   "element-6066-11e4-a52e-4f735466cecf": "f.49D49945748C2EC068872BC92F3619EA.d.D480351B863DF336FFCE7010E31A80CC.e.807"
}, {
   "element-6066-11e4-a52e-4f735466cecf": "f.49D49945748C2EC068872BC92F3619EA.d.D480351B863DF336FFCE7010E31A80CC.e.762"
}, {
   "element-6066-11e4-a52e-4f735466cecf": "f.49D49945748C2EC068872BC92F3619EA.d.D480351B863DF336FFCE7010E31A80CC.e.808"
}, {
   "element-6066-11e4-a52e-4f735466cecf": "f.49D49945748C2EC068872BC92F3619EA.d.D480351B863DF336FFCE7010E31A80CC.e.809"
}, {
   "element-6066-11e4-a52e-4f735466cecf": "f.49D49945748C2EC068872BC92F3619EA.d.D480351B863DF336FFCE7010E31A80CC.e.810"
}, {
   "element-6066-11e4-a52e-4f735466cecf": "f.49D49945748C2EC068872BC92F3619EA.d.D480351B863DF336FFCE7010E31A80CC.e.811"
}, {
   "element-6066-11e4-a52e-4f735466cecf": "f.49D49945748C2EC068872BC92F3619EA.d.D480351B863DF336FFCE7010E31A80CC.e.812"
}, {
   "element-6066-11e4-a52e-4f735466cecf": "f.49D49945748C2EC068872BC92F3619EA.d.D480351B863DF336FFCE7010E31A80CC.e.813"
}, {
   "element-6066-11e4-a52e-4f735466cecf": "f.49D49945748C2EC068872BC92F3619EA.d.D480351B863DF336FFCE7010E31A80CC.e.814"
}, {
   "element-6066-11e4-a52e-4f735466cecf": "f.49D49945748C2EC068872BC92F3619EA.d.D480351B863DF336FFCE7010E31A80CC.e.815"
}, {
   "element-6066-11e4-a52e-4f735466cecf": "f.49D49945748C2EC068872BC92F3619EA.d.D480351B863DF336FFCE7010E31A80CC.e.816"
}, {
   "element-6066-11e4-a52e-4f735466cecf": "f.49D49945748C2EC068872BC92F3619EA.d.D480351B863DF336FFCE7010E31A80CC.e.817"
}, "..." ]
[1783513351.260][INFO]: [8efdbb22e63138c8342c133790a7028c] COMMAND GetElementText {
   "id": "f.49D49945748C2EC068872BC92F3619EA.d.D480351B863DF336FFCE7010E31A80CC.e.762"
}
[1783513351.260][INFO]: Waiting for pending navigations...
[1783513351.264][INFO]: Done waiting for pending navigations. Status: ok
[1783513351.276][INFO]: Waiting for pending navigations...
[1783513351.277][INFO]: Done waiting for pending navigations. Status: ok
[1783513351.277][INFO]: [8efdbb22e63138c8342c133790a7028c] RESPONSE GetElementText "4.2"
[1783513351.280][INFO]: [8efdbb22e63138c8342c133790a7028c] COMMAND FindElements {
   "using": "xpath",
   "value": "//span[contains(@id,'productRating')]"
}
[1783513351.280][INFO]: Waiting for pending navigations...
[1783513351.281][INFO]: Done waiting for pending navigations. Status: ok
[1783513351.296][INFO]: Waiting for pending navigations...
[1783513351.296][INFO]: Done waiting for pending navigations. Status: ok
[1783513351.296][INFO]: [8efdbb22e63138c8342c133790a7028c] RESPONSE FindElements [ {
   "element-6066-11e4-a52e-4f735466cecf": "f.49D49945748C2EC068872BC92F3619EA.d.D480351B863DF336FFCE7010E31A80CC.e.754"
}, {
   "element-6066-11e4-a52e-4f735466cecf": "f.49D49945748C2EC068872BC92F3619EA.d.D480351B863DF336FFCE7010E31A80CC.e.804"
}, {
   "element-6066-11e4-a52e-4f735466cecf": "f.49D49945748C2EC068872BC92F3619EA.d.D480351B863DF336FFCE7010E31A80CC.e.805"
}, {
   "element-6066-11e4-a52e-4f735466cecf": "f.49D49945748C2EC068872BC92F3619EA.d.D480351B863DF336FFCE7010E31A80CC.e.806"
}, {
   "element-6066-11e4-a52e-4f735466cecf": "f.49D49945748C2EC068872BC92F3619EA.d.D480351B863DF336FFCE7010E31A80CC.e.758"
}, {
   "element-6066-11e4-a52e-4f735466cecf": "f.49D49945748C2EC068872BC92F3619EA.d.D480351B863DF336FFCE7010E31A80CC.e.759"
}, {
   "element-6066-11e4-a52e-4f735466cecf": "f.49D49945748C2EC068872BC92F3619EA.d.D480351B863DF336FFCE7010E31A80CC.e.760"
}, {
   "element-6066-11e4-a52e-4f735466cecf": "f.49D49945748C2EC068872BC92F3619EA.d.D480351B863DF336FFCE7010E31A80CC.e.807"
}, {
   "element-6066-11e4-a52e-4f735466cecf": "f.49D49945748C2EC068872BC92F3619EA.d.D480351B863DF336FFCE7010E31A80CC.e.762"
}, {
   "element-6066-11e4-a52e-4f735466cecf": "f.49D49945748C2EC068872BC92F3619EA.d.D480351B863DF336FFCE7010E31A80CC.e.808"
}, {
   "element-6066-11e4-a52e-4f735466cecf": "f.49D49945748C2EC068872BC92F3619EA.d.D480351B863DF336FFCE7010E31A80CC.e.809"
}, {
   "element-6066-11e4-a52e-4f735466cecf": "f.49D49945748C2EC068872BC92F3619EA.d.D480351B863DF336FFCE7010E31A80CC.e.810"
}, {
   "element-6066-11e4-a52e-4f735466cecf": "f.49D49945748C2EC068872BC92F3619EA.d.D480351B863DF336FFCE7010E31A80CC.e.811"
}, {
   "element-6066-11e4-a52e-4f735466cecf": "f.49D49945748C2EC068872BC92F3619EA.d.D480351B863DF336FFCE7010E31A80CC.e.812"
}, {
   "element-6066-11e4-a52e-4f735466cecf": "f.49D49945748C2EC068872BC92F3619EA.d.D480351B863DF336FFCE7010E31A80CC.e.813"
}, {
   "element-6066-11e4-a52e-4f735466cecf": "f.49D49945748C2EC068872BC92F3619EA.d.D480351B863DF336FFCE7010E31A80CC.e.814"
}, {
   "element-6066-11e4-a52e-4f735466cecf": "f.49D49945748C2EC068872BC92F3619EA.d.D480351B863DF336FFCE7010E31A80CC.e.815"
}, {
   "element-6066-11e4-a52e-4f735466cecf": "f.49D49945748C2EC068872BC92F3619EA.d.D480351B863DF336FFCE7010E31A80CC.e.816"
}, {
   "element-6066-11e4-a52e-4f735466cecf": "f.49D49945748C2EC068872BC92F3619EA.d.D480351B863DF336FFCE7010E31A80CC.e.817"
}, "..." ]
[1783513351.300][INFO]: [8efdbb22e63138c8342c133790a7028c] COMMAND GetElementText {
   "id": "f.49D49945748C2EC068872BC92F3619EA.d.D480351B863DF336FFCE7010E31A80CC.e.808"
}
[1783513351.300][INFO]: Waiting for pending navigations...
[1783513351.301][INFO]: Done waiting for pending navigations. Status: ok
[1783513351.311][INFO]: Waiting for pending navigations...
[1783513351.312][INFO]: Done waiting for pending navigations. Status: ok
[1783513351.312][INFO]: [8efdbb22e63138c8342c133790a7028c] RESPONSE GetElementText "4.2"
[1783513351.314][INFO]: [8efdbb22e63138c8342c133790a7028c] COMMAND FindElements {
   "using": "xpath",
   "value": "//span[contains(@id,'productRating')]"
}
[1783513351.315][INFO]: Waiting for pending navigations...
[1783513351.316][INFO]: Done waiting for pending navigations. Status: ok
[1783513351.326][INFO]: Waiting for pending navigations...
[1783513351.327][INFO]: Done waiting for pending navigations. Status: ok
[1783513351.327][INFO]: [8efdbb22e63138c8342c133790a7028c] RESPONSE FindElements [ {
   "element-6066-11e4-a52e-4f735466cecf": "f.49D49945748C2EC068872BC92F3619EA.d.D480351B863DF336FFCE7010E31A80CC.e.754"
}, {
   "element-6066-11e4-a52e-4f735466cecf": "f.49D49945748C2EC068872BC92F3619EA.d.D480351B863DF336FFCE7010E31A80CC.e.804"
}, {
   "element-6066-11e4-a52e-4f735466cecf": "f.49D49945748C2EC068872BC92F3619EA.d.D480351B863DF336FFCE7010E31A80CC.e.805"
}, {
   "element-6066-11e4-a52e-4f735466cecf": "f.49D49945748C2EC068872BC92F3619EA.d.D480351B863DF336FFCE7010E31A80CC.e.806"
}, {
   "element-6066-11e4-a52e-4f735466cecf": "f.49D49945748C2EC068872BC92F3619EA.d.D480351B863DF336FFCE7010E31A80CC.e.758"
}, {
   "element-6066-11e4-a52e-4f735466cecf": "f.49D49945748C2EC068872BC92F3619EA.d.D480351B863DF336FFCE7010E31A80CC.e.759"
}, {
   "element-6066-11e4-a52e-4f735466cecf": "f.49D49945748C2EC068872BC92F3619EA.d.D480351B863DF336FFCE7010E31A80CC.e.760"
}, {
   "element-6066-11e4-a52e-4f735466cecf": "f.49D49945748C2EC068872BC92F3619EA.d.D480351B863DF336FFCE7010E31A80CC.e.807"
}, {
   "element-6066-11e4-a52e-4f735466cecf": "f.49D49945748C2EC068872BC92F3619EA.d.D480351B863DF336FFCE7010E31A80CC.e.762"
}, {
   "element-6066-11e4-a52e-4f735466cecf": "f.49D49945748C2EC068872BC92F3619EA.d.D480351B863DF336FFCE7010E31A80CC.e.808"
}, {
   "element-6066-11e4-a52e-4f735466cecf": "f.49D49945748C2EC068872BC92F3619EA.d.D480351B863DF336FFCE7010E31A80CC.e.809"
}, {
   "element-6066-11e4-a52e-4f735466cecf": "f.49D49945748C2EC068872BC92F3619EA.d.D480351B863DF336FFCE7010E31A80CC.e.810"
}, {
   "element-6066-11e4-a52e-4f735466cecf": "f.49D49945748C2EC068872BC92F3619EA.d.D480351B863DF336FFCE7010E31A80CC.e.811"
}, {
   "element-6066-11e4-a52e-4f735466cecf": "f.49D49945748C2EC068872BC92F3619EA.d.D480351B863DF336FFCE7010E31A80CC.e.812"
}, {
   "element-6066-11e4-a52e-4f735466cecf": "f.49D49945748C2EC068872BC92F3619EA.d.D480351B863DF336FFCE7010E31A80CC.e.813"
}, {
   "element-6066-11e4-a52e-4f735466cecf": "f.49D49945748C2EC068872BC92F3619EA.d.D480351B863DF336FFCE7010E31A80CC.e.814"
}, {
   "element-6066-11e4-a52e-4f735466cecf": "f.49D49945748C2EC068872BC92F3619EA.d.D480351B863DF336FFCE7010E31A80CC.e.815"
}, {
   "element-6066-11e4-a52e-4f735466cecf": "f.49D49945748C2EC068872BC92F3619EA.d.D480351B863DF336FFCE7010E31A80CC.e.816"
}, {
   "element-6066-11e4-a52e-4f735466cecf": "f.49D49945748C2EC068872BC92F3619EA.d.D480351B863DF336FFCE7010E31A80CC.e.817"
}, "..." ]
[1783513351.329][INFO]: [8efdbb22e63138c8342c133790a7028c] COMMAND GetElementText {
   "id": "f.49D49945748C2EC068872BC92F3619EA.d.D480351B863DF336FFCE7010E31A80CC.e.809"
}
[1783513351.329][INFO]: Waiting for pending navigations...
[1783513351.330][INFO]: Done waiting for pending navigations. Status: ok
[1783513351.340][INFO]: Waiting for pending navigations...
[1783513351.341][INFO]: Done waiting for pending navigations. Status: ok
[1783513351.341][INFO]: [8efdbb22e63138c8342c133790a7028c] RESPONSE GetElementText "4.4"
[1783513351.344][INFO]: [8efdbb22e63138c8342c133790a7028c] COMMAND FindElements {
   "using": "xpath",
   "value": "//span[contains(@id,'productRating')]"
}
[1783513351.344][INFO]: Waiting for pending navigations...
[1783513351.345][INFO]: Done waiting for pending navigations. Status: ok
[1783513351.355][INFO]: Waiting for pending navigations...
[1783513351.355][INFO]: Done waiting for pending navigations. Status: ok
[1783513351.356][INFO]: [8efdbb22e63138c8342c133790a7028c] RESPONSE FindElements [ {
   "element-6066-11e4-a52e-4f735466cecf": "f.49D49945748C2EC068872BC92F3619EA.d.D480351B863DF336FFCE7010E31A80CC.e.754"
}, {
   "element-6066-11e4-a52e-4f735466cecf": "f.49D49945748C2EC068872BC92F3619EA.d.D480351B863DF336FFCE7010E31A80CC.e.804"
}, {
   "element-6066-11e4-a52e-4f735466cecf": "f.49D49945748C2EC068872BC92F3619EA.d.D480351B863DF336FFCE7010E31A80CC.e.805"
}, {
   "element-6066-11e4-a52e-4f735466cecf": "f.49D49945748C2EC068872BC92F3619EA.d.D480351B863DF336FFCE7010E31A80CC.e.806"
}, {
   "element-6066-11e4-a52e-4f735466cecf": "f.49D49945748C2EC068872BC92F3619EA.d.D480351B863DF336FFCE7010E31A80CC.e.758"
}, {
   "element-6066-11e4-a52e-4f735466cecf": "f.49D49945748C2EC068872BC92F3619EA.d.D480351B863DF336FFCE7010E31A80CC.e.759"
}, {
   "element-6066-11e4-a52e-4f735466cecf": "f.49D49945748C2EC068872BC92F3619EA.d.D480351B863DF336FFCE7010E31A80CC.e.760"
}, {
   "element-6066-11e4-a52e-4f735466cecf": "f.49D49945748C2EC068872BC92F3619EA.d.D480351B863DF336FFCE7010E31A80CC.e.807"
}, {
   "element-6066-11e4-a52e-4f735466cecf": "f.49D49945748C2EC068872BC92F3619EA.d.D480351B863DF336FFCE7010E31A80CC.e.762"
}, {
   "element-6066-11e4-a52e-4f735466cecf": "f.49D49945748C2EC068872BC92F3619EA.d.D480351B863DF336FFCE7010E31A80CC.e.808"
}, {
   "element-6066-11e4-a52e-4f735466cecf": "f.49D49945748C2EC068872BC92F3619EA.d.D480351B863DF336FFCE7010E31A80CC.e.809"
}, {
   "element-6066-11e4-a52e-4f735466cecf": "f.49D49945748C2EC068872BC92F3619EA.d.D480351B863DF336FFCE7010E31A80CC.e.810"
}, {
   "element-6066-11e4-a52e-4f735466cecf": "f.49D49945748C2EC068872BC92F3619EA.d.D480351B863DF336FFCE7010E31A80CC.e.811"
}, {
   "element-6066-11e4-a52e-4f735466cecf": "f.49D49945748C2EC068872BC92F3619EA.d.D480351B863DF336FFCE7010E31A80CC.e.812"
}, {
   "element-6066-11e4-a52e-4f735466cecf": "f.49D49945748C2EC068872BC92F3619EA.d.D480351B863DF336FFCE7010E31A80CC.e.813"
}, {
   "element-6066-11e4-a52e-4f735466cecf": "f.49D49945748C2EC068872BC92F3619EA.d.D480351B863DF336FFCE7010E31A80CC.e.814"
}, {
   "element-6066-11e4-a52e-4f735466cecf": "f.49D49945748C2EC068872BC92F3619EA.d.D480351B863DF336FFCE7010E31A80CC.e.815"
}, {
   "element-6066-11e4-a52e-4f735466cecf": "f.49D49945748C2EC068872BC92F3619EA.d.D480351B863DF336FFCE7010E31A80CC.e.816"
}, {
   "element-6066-11e4-a52e-4f735466cecf": "f.49D49945748C2EC068872BC92F3619EA.d.D480351B863DF336FFCE7010E31A80CC.e.817"
}, "..." ]
[1783513351.359][INFO]: [8efdbb22e63138c8342c133790a7028c] COMMAND GetElementText {
   "id": "f.49D49945748C2EC068872BC92F3619EA.d.D480351B863DF336FFCE7010E31A80CC.e.810"
}
[1783513351.359][INFO]: Waiting for pending navigations...
[1783513351.360][INFO]: Done waiting for pending navigations. Status: ok
[1783513351.370][INFO]: Waiting for pending navigations...
[1783513351.371][INFO]: Done waiting for pending navigations. Status: ok
[1783513351.371][INFO]: [8efdbb22e63138c8342c133790a7028c] RESPONSE GetElementText "4.4"
[1783513351.374][INFO]: [8efdbb22e63138c8342c133790a7028c] COMMAND FindElements {
   "using": "xpath",
   "value": "//span[contains(@id,'productRating')]"
}
[1783513351.374][INFO]: Waiting for pending navigations...
[1783513351.374][INFO]: Done waiting for pending navigations. Status: ok
[1783513351.388][INFO]: Waiting for pending navigations...
[1783513351.396][INFO]: Done waiting for pending navigations. Status: ok
[1783513351.396][INFO]: [8efdbb22e63138c8342c133790a7028c] RESPONSE FindElements [ {
   "element-6066-11e4-a52e-4f735466cecf": "f.49D49945748C2EC068872BC92F3619EA.d.D480351B863DF336FFCE7010E31A80CC.e.754"
}, {
   "element-6066-11e4-a52e-4f735466cecf": "f.49D49945748C2EC068872BC92F3619EA.d.D480351B863DF336FFCE7010E31A80CC.e.804"
}, {
   "element-6066-11e4-a52e-4f735466cecf": "f.49D49945748C2EC068872BC92F3619EA.d.D480351B863DF336FFCE7010E31A80CC.e.805"
}, {
   "element-6066-11e4-a52e-4f735466cecf": "f.49D49945748C2EC068872BC92F3619EA.d.D480351B863DF336FFCE7010E31A80CC.e.806"
}, {
   "element-6066-11e4-a52e-4f735466cecf": "f.49D49945748C2EC068872BC92F3619EA.d.D480351B863DF336FFCE7010E31A80CC.e.758"
}, {
   "element-6066-11e4-a52e-4f735466cecf": "f.49D49945748C2EC068872BC92F3619EA.d.D480351B863DF336FFCE7010E31A80CC.e.759"
}, {
   "element-6066-11e4-a52e-4f735466cecf": "f.49D49945748C2EC068872BC92F3619EA.d.D480351B863DF336FFCE7010E31A80CC.e.760"
}, {
   "element-6066-11e4-a52e-4f735466cecf": "f.49D49945748C2EC068872BC92F3619EA.d.D480351B863DF336FFCE7010E31A80CC.e.807"
}, {
   "element-6066-11e4-a52e-4f735466cecf": "f.49D49945748C2EC068872BC92F3619EA.d.D480351B863DF336FFCE7010E31A80CC.e.762"
}, {
   "element-6066-11e4-a52e-4f735466cecf": "f.49D49945748C2EC068872BC92F3619EA.d.D480351B863DF336FFCE7010E31A80CC.e.808"
}, {
   "element-6066-11e4-a52e-4f735466cecf": "f.49D49945748C2EC068872BC92F3619EA.d.D480351B863DF336FFCE7010E31A80CC.e.809"
}, {
   "element-6066-11e4-a52e-4f735466cecf": "f.49D49945748C2EC068872BC92F3619EA.d.D480351B863DF336FFCE7010E31A80CC.e.810"
}, {
   "element-6066-11e4-a52e-4f735466cecf": "f.49D49945748C2EC068872BC92F3619EA.d.D480351B863DF336FFCE7010E31A80CC.e.811"
}, {
   "element-6066-11e4-a52e-4f735466cecf": "f.49D49945748C2EC068872BC92F3619EA.d.D480351B863DF336FFCE7010E31A80CC.e.812"
}, {
   "element-6066-11e4-a52e-4f735466cecf": "f.49D49945748C2EC068872BC92F3619EA.d.D480351B863DF336FFCE7010E31A80CC.e.813"
}, {
   "element-6066-11e4-a52e-4f735466cecf": "f.49D49945748C2EC068872BC92F3619EA.d.D480351B863DF336FFCE7010E31A80CC.e.814"
}, {
   "element-6066-11e4-a52e-4f735466cecf": "f.49D49945748C2EC068872BC92F3619EA.d.D480351B863DF336FFCE7010E31A80CC.e.815"
}, {
   "element-6066-11e4-a52e-4f735466cecf": "f.49D49945748C2EC068872BC92F3619EA.d.D480351B863DF336FFCE7010E31A80CC.e.816"
}, {
   "element-6066-11e4-a52e-4f735466cecf": "f.49D49945748C2EC068872BC92F3619EA.d.D480351B863DF336FFCE7010E31A80CC.e.817"
}, "..." ]
[1783513351.399][INFO]: [8efdbb22e63138c8342c133790a7028c] COMMAND GetElementText {
   "id": "f.49D49945748C2EC068872BC92F3619EA.d.D480351B863DF336FFCE7010E31A80CC.e.811"
}
[1783513351.399][INFO]: Waiting for pending navigations...
[1783513351.400][INFO]: Done waiting for pending navigations. Status: ok
[1783513351.409][INFO]: Waiting for pending navigations...
[1783513351.410][INFO]: Done waiting for pending navigations. Status: ok
[1783513351.410][INFO]: [8efdbb22e63138c8342c133790a7028c] RESPONSE GetElementText "4.4"
[1783513351.413][INFO]: [8efdbb22e63138c8342c133790a7028c] COMMAND FindElements {
   "using": "xpath",
   "value": "//span[contains(@id,'productRating')]"
}
[1783513351.413][INFO]: Waiting for pending navigations...
[1783513351.414][INFO]: Done waiting for pending navigations. Status: ok
[1783513351.423][INFO]: Waiting for pending navigations...
[1783513351.424][INFO]: Done waiting for pending navigations. Status: ok
[1783513351.424][INFO]: [8efdbb22e63138c8342c133790a7028c] RESPONSE FindElements [ {
   "element-6066-11e4-a52e-4f735466cecf": "f.49D49945748C2EC068872BC92F3619EA.d.D480351B863DF336FFCE7010E31A80CC.e.754"
}, {
   "element-6066-11e4-a52e-4f735466cecf": "f.49D49945748C2EC068872BC92F3619EA.d.D480351B863DF336FFCE7010E31A80CC.e.804"
}, {
   "element-6066-11e4-a52e-4f735466cecf": "f.49D49945748C2EC068872BC92F3619EA.d.D480351B863DF336FFCE7010E31A80CC.e.805"
}, {
   "element-6066-11e4-a52e-4f735466cecf": "f.49D49945748C2EC068872BC92F3619EA.d.D480351B863DF336FFCE7010E31A80CC.e.806"
}, {
   "element-6066-11e4-a52e-4f735466cecf": "f.49D49945748C2EC068872BC92F3619EA.d.D480351B863DF336FFCE7010E31A80CC.e.758"
}, {
   "element-6066-11e4-a52e-4f735466cecf": "f.49D49945748C2EC068872BC92F3619EA.d.D480351B863DF336FFCE7010E31A80CC.e.759"
}, {
   "element-6066-11e4-a52e-4f735466cecf": "f.49D49945748C2EC068872BC92F3619EA.d.D480351B863DF336FFCE7010E31A80CC.e.760"
}, {
   "element-6066-11e4-a52e-4f735466cecf": "f.49D49945748C2EC068872BC92F3619EA.d.D480351B863DF336FFCE7010E31A80CC.e.807"
}, {
   "element-6066-11e4-a52e-4f735466cecf": "f.49D49945748C2EC068872BC92F3619EA.d.D480351B863DF336FFCE7010E31A80CC.e.762"
}, {
   "element-6066-11e4-a52e-4f735466cecf": "f.49D49945748C2EC068872BC92F3619EA.d.D480351B863DF336FFCE7010E31A80CC.e.808"
}, {
   "element-6066-11e4-a52e-4f735466cecf": "f.49D49945748C2EC068872BC92F3619EA.d.D480351B863DF336FFCE7010E31A80CC.e.809"
}, {
   "element-6066-11e4-a52e-4f735466cecf": "f.49D49945748C2EC068872BC92F3619EA.d.D480351B863DF336FFCE7010E31A80CC.e.810"
}, {
   "element-6066-11e4-a52e-4f735466cecf": "f.49D49945748C2EC068872BC92F3619EA.d.D480351B863DF336FFCE7010E31A80CC.e.811"
}, {
   "element-6066-11e4-a52e-4f735466cecf": "f.49D49945748C2EC068872BC92F3619EA.d.D480351B863DF336FFCE7010E31A80CC.e.812"
}, {
   "element-6066-11e4-a52e-4f735466cecf": "f.49D49945748C2EC068872BC92F3619EA.d.D480351B863DF336FFCE7010E31A80CC.e.813"
}, {
   "element-6066-11e4-a52e-4f735466cecf": "f.49D49945748C2EC068872BC92F3619EA.d.D480351B863DF336FFCE7010E31A80CC.e.814"
}, {
   "element-6066-11e4-a52e-4f735466cecf": "f.49D49945748C2EC068872BC92F3619EA.d.D480351B863DF336FFCE7010E31A80CC.e.815"
}, {
   "element-6066-11e4-a52e-4f735466cecf": "f.49D49945748C2EC068872BC92F3619EA.d.D480351B863DF336FFCE7010E31A80CC.e.816"
}, {
   "element-6066-11e4-a52e-4f735466cecf": "f.49D49945748C2EC068872BC92F3619EA.d.D480351B863DF336FFCE7010E31A80CC.e.817"
}, "..." ]
[1783513351.427][INFO]: [8efdbb22e63138c8342c133790a7028c] COMMAND GetElementText {
   "id": "f.49D49945748C2EC068872BC92F3619EA.d.D480351B863DF336FFCE7010E31A80CC.e.812"
}
[1783513351.427][INFO]: Waiting for pending navigations...
[1783513351.428][INFO]: Done waiting for pending navigations. Status: ok
[1783513351.433][INFO]: Waiting for pending navigations...
[1783513351.434][INFO]: Done waiting for pending navigations. Status: ok
[1783513351.434][INFO]: [8efdbb22e63138c8342c133790a7028c] RESPONSE GetElementText "4.3"
[1783513351.437][INFO]: [8efdbb22e63138c8342c133790a7028c] COMMAND FindElements {
   "using": "xpath",
   "value": "//span[contains(@id,'productRating')]"
}
[1783513351.437][INFO]: Waiting for pending navigations...
[1783513351.438][INFO]: Done waiting for pending navigations. Status: ok
[1783513351.448][INFO]: Waiting for pending navigations...
[1783513351.448][INFO]: Done waiting for pending navigations. Status: ok
[1783513351.448][INFO]: [8efdbb22e63138c8342c133790a7028c] RESPONSE FindElements [ {
   "element-6066-11e4-a52e-4f735466cecf": "f.49D49945748C2EC068872BC92F3619EA.d.D480351B863DF336FFCE7010E31A80CC.e.754"
}, {
   "element-6066-11e4-a52e-4f735466cecf": "f.49D49945748C2EC068872BC92F3619EA.d.D480351B863DF336FFCE7010E31A80CC.e.804"
}, {
   "element-6066-11e4-a52e-4f735466cecf": "f.49D49945748C2EC068872BC92F3619EA.d.D480351B863DF336FFCE7010E31A80CC.e.805"
}, {
   "element-6066-11e4-a52e-4f735466cecf": "f.49D49945748C2EC068872BC92F3619EA.d.D480351B863DF336FFCE7010E31A80CC.e.806"
}, {
   "element-6066-11e4-a52e-4f735466cecf": "f.49D49945748C2EC068872BC92F3619EA.d.D480351B863DF336FFCE7010E31A80CC.e.758"
}, {
   "element-6066-11e4-a52e-4f735466cecf": "f.49D49945748C2EC068872BC92F3619EA.d.D480351B863DF336FFCE7010E31A80CC.e.759"
}, {
   "element-6066-11e4-a52e-4f735466cecf": "f.49D49945748C2EC068872BC92F3619EA.d.D480351B863DF336FFCE7010E31A80CC.e.760"
}, {
   "element-6066-11e4-a52e-4f735466cecf": "f.49D49945748C2EC068872BC92F3619EA.d.D480351B863DF336FFCE7010E31A80CC.e.807"
}, {
   "element-6066-11e4-a52e-4f735466cecf": "f.49D49945748C2EC068872BC92F3619EA.d.D480351B863DF336FFCE7010E31A80CC.e.762"
}, {
   "element-6066-11e4-a52e-4f735466cecf": "f.49D49945748C2EC068872BC92F3619EA.d.D480351B863DF336FFCE7010E31A80CC.e.808"
}, {
   "element-6066-11e4-a52e-4f735466cecf": "f.49D49945748C2EC068872BC92F3619EA.d.D480351B863DF336FFCE7010E31A80CC.e.809"
}, {
   "element-6066-11e4-a52e-4f735466cecf": "f.49D49945748C2EC068872BC92F3619EA.d.D480351B863DF336FFCE7010E31A80CC.e.810"
}, {
   "element-6066-11e4-a52e-4f735466cecf": "f.49D49945748C2EC068872BC92F3619EA.d.D480351B863DF336FFCE7010E31A80CC.e.811"
}, {
   "element-6066-11e4-a52e-4f735466cecf": "f.49D49945748C2EC068872BC92F3619EA.d.D480351B863DF336FFCE7010E31A80CC.e.812"
}, {
   "element-6066-11e4-a52e-4f735466cecf": "f.49D49945748C2EC068872BC92F3619EA.d.D480351B863DF336FFCE7010E31A80CC.e.813"
}, {
   "element-6066-11e4-a52e-4f735466cecf": "f.49D49945748C2EC068872BC92F3619EA.d.D480351B863DF336FFCE7010E31A80CC.e.814"
}, {
   "element-6066-11e4-a52e-4f735466cecf": "f.49D49945748C2EC068872BC92F3619EA.d.D480351B863DF336FFCE7010E31A80CC.e.815"
}, {
   "element-6066-11e4-a52e-4f735466cecf": "f.49D49945748C2EC068872BC92F3619EA.d.D480351B863DF336FFCE7010E31A80CC.e.816"
}, {
   "element-6066-11e4-a52e-4f735466cecf": "f.49D49945748C2EC068872BC92F3619EA.d.D480351B863DF336FFCE7010E31A80CC.e.817"
}, "..." ]
[1783513351.452][INFO]: [8efdbb22e63138c8342c133790a7028c] COMMAND GetElementText {
   "id": "f.49D49945748C2EC068872BC92F3619EA.d.D480351B863DF336FFCE7010E31A80CC.e.813"
}
[1783513351.452][INFO]: Waiting for pending navigations...
[1783513351.453][INFO]: Done waiting for pending navigations. Status: ok
[1783513351.462][INFO]: Waiting for pending navigations...
[1783513351.463][INFO]: Done waiting for pending navigations. Status: ok
[1783513351.463][INFO]: [8efdbb22e63138c8342c133790a7028c] RESPONSE GetElementText "4.4"
[1783513351.465][INFO]: [8efdbb22e63138c8342c133790a7028c] COMMAND FindElements {
   "using": "xpath",
   "value": "//span[contains(@id,'productRating')]"
}
[1783513351.465][INFO]: Waiting for pending navigations...
[1783513351.466][INFO]: Done waiting for pending navigations. Status: ok
[1783513351.477][INFO]: Waiting for pending navigations...
[1783513351.478][INFO]: Done waiting for pending navigations. Status: ok
[1783513351.478][INFO]: [8efdbb22e63138c8342c133790a7028c] RESPONSE FindElements [ {
   "element-6066-11e4-a52e-4f735466cecf": "f.49D49945748C2EC068872BC92F3619EA.d.D480351B863DF336FFCE7010E31A80CC.e.754"
}, {
   "element-6066-11e4-a52e-4f735466cecf": "f.49D49945748C2EC068872BC92F3619EA.d.D480351B863DF336FFCE7010E31A80CC.e.804"
}, {
   "element-6066-11e4-a52e-4f735466cecf": "f.49D49945748C2EC068872BC92F3619EA.d.D480351B863DF336FFCE7010E31A80CC.e.805"
}, {
   "element-6066-11e4-a52e-4f735466cecf": "f.49D49945748C2EC068872BC92F3619EA.d.D480351B863DF336FFCE7010E31A80CC.e.806"
}, {
   "element-6066-11e4-a52e-4f735466cecf": "f.49D49945748C2EC068872BC92F3619EA.d.D480351B863DF336FFCE7010E31A80CC.e.758"
}, {
   "element-6066-11e4-a52e-4f735466cecf": "f.49D49945748C2EC068872BC92F3619EA.d.D480351B863DF336FFCE7010E31A80CC.e.759"
}, {
   "element-6066-11e4-a52e-4f735466cecf": "f.49D49945748C2EC068872BC92F3619EA.d.D480351B863DF336FFCE7010E31A80CC.e.760"
}, {
   "element-6066-11e4-a52e-4f735466cecf": "f.49D49945748C2EC068872BC92F3619EA.d.D480351B863DF336FFCE7010E31A80CC.e.807"
}, {
   "element-6066-11e4-a52e-4f735466cecf": "f.49D49945748C2EC068872BC92F3619EA.d.D480351B863DF336FFCE7010E31A80CC.e.762"
}, {
   "element-6066-11e4-a52e-4f735466cecf": "f.49D49945748C2EC068872BC92F3619EA.d.D480351B863DF336FFCE7010E31A80CC.e.808"
}, {
   "element-6066-11e4-a52e-4f735466cecf": "f.49D49945748C2EC068872BC92F3619EA.d.D480351B863DF336FFCE7010E31A80CC.e.809"
}, {
   "element-6066-11e4-a52e-4f735466cecf": "f.49D49945748C2EC068872BC92F3619EA.d.D480351B863DF336FFCE7010E31A80CC.e.810"
}, {
   "element-6066-11e4-a52e-4f735466cecf": "f.49D49945748C2EC068872BC92F3619EA.d.D480351B863DF336FFCE7010E31A80CC.e.811"
}, {
   "element-6066-11e4-a52e-4f735466cecf": "f.49D49945748C2EC068872BC92F3619EA.d.D480351B863DF336FFCE7010E31A80CC.e.812"
}, {
   "element-6066-11e4-a52e-4f735466cecf": "f.49D49945748C2EC068872BC92F3619EA.d.D480351B863DF336FFCE7010E31A80CC.e.813"
}, {
   "element-6066-11e4-a52e-4f735466cecf": "f.49D49945748C2EC068872BC92F3619EA.d.D480351B863DF336FFCE7010E31A80CC.e.814"
}, {
   "element-6066-11e4-a52e-4f735466cecf": "f.49D49945748C2EC068872BC92F3619EA.d.D480351B863DF336FFCE7010E31A80CC.e.815"
}, {
   "element-6066-11e4-a52e-4f735466cecf": "f.49D49945748C2EC068872BC92F3619EA.d.D480351B863DF336FFCE7010E31A80CC.e.816"
}, {
   "element-6066-11e4-a52e-4f735466cecf": "f.49D49945748C2EC068872BC92F3619EA.d.D480351B863DF336FFCE7010E31A80CC.e.817"
}, "..." ]
[1783513351.480][INFO]: [8efdbb22e63138c8342c133790a7028c] COMMAND GetElementText {
   "id": "f.49D49945748C2EC068872BC92F3619EA.d.D480351B863DF336FFCE7010E31A80CC.e.814"
}
[1783513351.480][INFO]: Waiting for pending navigations...
[1783513351.480][INFO]: Done waiting for pending navigations. Status: ok
[1783513351.490][INFO]: Waiting for pending navigations...
[1783513351.490][INFO]: Done waiting for pending navigations. Status: ok
[1783513351.490][INFO]: [8efdbb22e63138c8342c133790a7028c] RESPONSE GetElementText "4.4"
[1783513351.493][INFO]: [8efdbb22e63138c8342c133790a7028c] COMMAND FindElements {
   "using": "xpath",
   "value": "//span[contains(@id,'productRating')]"
}
[1783513351.493][INFO]: Waiting for pending navigations...
[1783513351.494][INFO]: Done waiting for pending navigations. Status: ok
[1783513351.503][INFO]: Waiting for pending navigations...
[1783513351.504][INFO]: Done waiting for pending navigations. Status: ok
[1783513351.504][INFO]: [8efdbb22e63138c8342c133790a7028c] RESPONSE FindElements [ {
   "element-6066-11e4-a52e-4f735466cecf": "f.49D49945748C2EC068872BC92F3619EA.d.D480351B863DF336FFCE7010E31A80CC.e.754"
}, {
   "element-6066-11e4-a52e-4f735466cecf": "f.49D49945748C2EC068872BC92F3619EA.d.D480351B863DF336FFCE7010E31A80CC.e.804"
}, {
   "element-6066-11e4-a52e-4f735466cecf": "f.49D49945748C2EC068872BC92F3619EA.d.D480351B863DF336FFCE7010E31A80CC.e.805"
}, {
   "element-6066-11e4-a52e-4f735466cecf": "f.49D49945748C2EC068872BC92F3619EA.d.D480351B863DF336FFCE7010E31A80CC.e.806"
}, {
   "element-6066-11e4-a52e-4f735466cecf": "f.49D49945748C2EC068872BC92F3619EA.d.D480351B863DF336FFCE7010E31A80CC.e.758"
}, {
   "element-6066-11e4-a52e-4f735466cecf": "f.49D49945748C2EC068872BC92F3619EA.d.D480351B863DF336FFCE7010E31A80CC.e.759"
}, {
   "element-6066-11e4-a52e-4f735466cecf": "f.49D49945748C2EC068872BC92F3619EA.d.D480351B863DF336FFCE7010E31A80CC.e.760"
}, {
   "element-6066-11e4-a52e-4f735466cecf": "f.49D49945748C2EC068872BC92F3619EA.d.D480351B863DF336FFCE7010E31A80CC.e.807"
}, {
   "element-6066-11e4-a52e-4f735466cecf": "f.49D49945748C2EC068872BC92F3619EA.d.D480351B863DF336FFCE7010E31A80CC.e.762"
}, {
   "element-6066-11e4-a52e-4f735466cecf": "f.49D49945748C2EC068872BC92F3619EA.d.D480351B863DF336FFCE7010E31A80CC.e.808"
}, {
   "element-6066-11e4-a52e-4f735466cecf": "f.49D49945748C2EC068872BC92F3619EA.d.D480351B863DF336FFCE7010E31A80CC.e.809"
}, {
   "element-6066-11e4-a52e-4f735466cecf": "f.49D49945748C2EC068872BC92F3619EA.d.D480351B863DF336FFCE7010E31A80CC.e.810"
}, {
   "element-6066-11e4-a52e-4f735466cecf": "f.49D49945748C2EC068872BC92F3619EA.d.D480351B863DF336FFCE7010E31A80CC.e.811"
}, {
   "element-6066-11e4-a52e-4f735466cecf": "f.49D49945748C2EC068872BC92F3619EA.d.D480351B863DF336FFCE7010E31A80CC.e.812"
}, {
   "element-6066-11e4-a52e-4f735466cecf": "f.49D49945748C2EC068872BC92F3619EA.d.D480351B863DF336FFCE7010E31A80CC.e.813"
}, {
   "element-6066-11e4-a52e-4f735466cecf": "f.49D49945748C2EC068872BC92F3619EA.d.D480351B863DF336FFCE7010E31A80CC.e.814"
}, {
   "element-6066-11e4-a52e-4f735466cecf": "f.49D49945748C2EC068872BC92F3619EA.d.D480351B863DF336FFCE7010E31A80CC.e.815"
}, {
   "element-6066-11e4-a52e-4f735466cecf": "f.49D49945748C2EC068872BC92F3619EA.d.D480351B863DF336FFCE7010E31A80CC.e.816"
}, {
   "element-6066-11e4-a52e-4f735466cecf": "f.49D49945748C2EC068872BC92F3619EA.d.D480351B863DF336FFCE7010E31A80CC.e.817"
}, "..." ]
[1783513351.506][INFO]: [8efdbb22e63138c8342c133790a7028c] COMMAND GetElementText {
   "id": "f.49D49945748C2EC068872BC92F3619EA.d.D480351B863DF336FFCE7010E31A80CC.e.815"
}
[1783513351.506][INFO]: Waiting for pending navigations...
[1783513351.507][INFO]: Done waiting for pending navigations. Status: ok
[1783513351.516][INFO]: Waiting for pending navigations...
[1783513351.516][INFO]: Done waiting for pending navigations. Status: ok
[1783513351.516][INFO]: [8efdbb22e63138c8342c133790a7028c] RESPONSE GetElementText "4.3"
[1783513351.518][INFO]: [8efdbb22e63138c8342c133790a7028c] COMMAND FindElements {
   "using": "xpath",
   "value": "//span[contains(@id,'productRating')]"
}
[1783513351.518][INFO]: Waiting for pending navigations...
[1783513351.519][INFO]: Done waiting for pending navigations. Status: ok
[1783513351.529][INFO]: Waiting for pending navigations...
[1783513351.530][INFO]: Done waiting for pending navigations. Status: ok
[1783513351.530][INFO]: [8efdbb22e63138c8342c133790a7028c] RESPONSE FindElements [ {
   "element-6066-11e4-a52e-4f735466cecf": "f.49D49945748C2EC068872BC92F3619EA.d.D480351B863DF336FFCE7010E31A80CC.e.754"
}, {
   "element-6066-11e4-a52e-4f735466cecf": "f.49D49945748C2EC068872BC92F3619EA.d.D480351B863DF336FFCE7010E31A80CC.e.804"
}, {
   "element-6066-11e4-a52e-4f735466cecf": "f.49D49945748C2EC068872BC92F3619EA.d.D480351B863DF336FFCE7010E31A80CC.e.805"
}, {
   "element-6066-11e4-a52e-4f735466cecf": "f.49D49945748C2EC068872BC92F3619EA.d.D480351B863DF336FFCE7010E31A80CC.e.806"
}, {
   "element-6066-11e4-a52e-4f735466cecf": "f.49D49945748C2EC068872BC92F3619EA.d.D480351B863DF336FFCE7010E31A80CC.e.758"
}, {
   "element-6066-11e4-a52e-4f735466cecf": "f.49D49945748C2EC068872BC92F3619EA.d.D480351B863DF336FFCE7010E31A80CC.e.759"
}, {
   "element-6066-11e4-a52e-4f735466cecf": "f.49D49945748C2EC068872BC92F3619EA.d.D480351B863DF336FFCE7010E31A80CC.e.760"
}, {
   "element-6066-11e4-a52e-4f735466cecf": "f.49D49945748C2EC068872BC92F3619EA.d.D480351B863DF336FFCE7010E31A80CC.e.807"
}, {
   "element-6066-11e4-a52e-4f735466cecf": "f.49D49945748C2EC068872BC92F3619EA.d.D480351B863DF336FFCE7010E31A80CC.e.762"
}, {
   "element-6066-11e4-a52e-4f735466cecf": "f.49D49945748C2EC068872BC92F3619EA.d.D480351B863DF336FFCE7010E31A80CC.e.808"
}, {
   "element-6066-11e4-a52e-4f735466cecf": "f.49D49945748C2EC068872BC92F3619EA.d.D480351B863DF336FFCE7010E31A80CC.e.809"
}, {
   "element-6066-11e4-a52e-4f735466cecf": "f.49D49945748C2EC068872BC92F3619EA.d.D480351B863DF336FFCE7010E31A80CC.e.810"
}, {
   "element-6066-11e4-a52e-4f735466cecf": "f.49D49945748C2EC068872BC92F3619EA.d.D480351B863DF336FFCE7010E31A80CC.e.811"
}, {
   "element-6066-11e4-a52e-4f735466cecf": "f.49D49945748C2EC068872BC92F3619EA.d.D480351B863DF336FFCE7010E31A80CC.e.812"
}, {
   "element-6066-11e4-a52e-4f735466cecf": "f.49D49945748C2EC068872BC92F3619EA.d.D480351B863DF336FFCE7010E31A80CC.e.813"
}, {
   "element-6066-11e4-a52e-4f735466cecf": "f.49D49945748C2EC068872BC92F3619EA.d.D480351B863DF336FFCE7010E31A80CC.e.814"
}, {
   "element-6066-11e4-a52e-4f735466cecf": "f.49D49945748C2EC068872BC92F3619EA.d.D480351B863DF336FFCE7010E31A80CC.e.815"
}, {
   "element-6066-11e4-a52e-4f735466cecf": "f.49D49945748C2EC068872BC92F3619EA.d.D480351B863DF336FFCE7010E31A80CC.e.816"
}, {
   "element-6066-11e4-a52e-4f735466cecf": "f.49D49945748C2EC068872BC92F3619EA.d.D480351B863DF336FFCE7010E31A80CC.e.817"
}, "..." ]
[1783513351.533][INFO]: [8efdbb22e63138c8342c133790a7028c] COMMAND GetElementText {
   "id": "f.49D49945748C2EC068872BC92F3619EA.d.D480351B863DF336FFCE7010E31A80CC.e.816"
}
[1783513351.533][INFO]: Waiting for pending navigations...
[1783513351.534][INFO]: Done waiting for pending navigations. Status: ok
[1783513351.543][INFO]: Waiting for pending navigations...
[1783513351.544][INFO]: Done waiting for pending navigations. Status: ok
[1783513351.544][INFO]: [8efdbb22e63138c8342c133790a7028c] RESPONSE GetElementText "4.3"
[1783513351.546][INFO]: [8efdbb22e63138c8342c133790a7028c] COMMAND FindElements {
   "using": "xpath",
   "value": "//span[contains(@id,'productRating')]"
}
[1783513351.546][INFO]: Waiting for pending navigations...
[1783513351.547][INFO]: Done waiting for pending navigations. Status: ok
[1783513351.556][INFO]: Waiting for pending navigations...
[1783513351.654][INFO]: Done waiting for pending navigations. Status: ok
[1783513351.654][INFO]: [8efdbb22e63138c8342c133790a7028c] RESPONSE FindElements [ {
   "element-6066-11e4-a52e-4f735466cecf": "f.49D49945748C2EC068872BC92F3619EA.d.D480351B863DF336FFCE7010E31A80CC.e.754"
}, {
   "element-6066-11e4-a52e-4f735466cecf": "f.49D49945748C2EC068872BC92F3619EA.d.D480351B863DF336FFCE7010E31A80CC.e.804"
}, {
   "element-6066-11e4-a52e-4f735466cecf": "f.49D49945748C2EC068872BC92F3619EA.d.D480351B863DF336FFCE7010E31A80CC.e.805"
}, {
   "element-6066-11e4-a52e-4f735466cecf": "f.49D49945748C2EC068872BC92F3619EA.d.D480351B863DF336FFCE7010E31A80CC.e.806"
}, {
   "element-6066-11e4-a52e-4f735466cecf": "f.49D49945748C2EC068872BC92F3619EA.d.D480351B863DF336FFCE7010E31A80CC.e.758"
}, {
   "element-6066-11e4-a52e-4f735466cecf": "f.49D49945748C2EC068872BC92F3619EA.d.D480351B863DF336FFCE7010E31A80CC.e.759"
}, {
   "element-6066-11e4-a52e-4f735466cecf": "f.49D49945748C2EC068872BC92F3619EA.d.D480351B863DF336FFCE7010E31A80CC.e.760"
}, {
   "element-6066-11e4-a52e-4f735466cecf": "f.49D49945748C2EC068872BC92F3619EA.d.D480351B863DF336FFCE7010E31A80CC.e.807"
}, {
   "element-6066-11e4-a52e-4f735466cecf": "f.49D49945748C2EC068872BC92F3619EA.d.D480351B863DF336FFCE7010E31A80CC.e.762"
}, {
   "element-6066-11e4-a52e-4f735466cecf": "f.49D49945748C2EC068872BC92F3619EA.d.D480351B863DF336FFCE7010E31A80CC.e.808"
}, {
   "element-6066-11e4-a52e-4f735466cecf": "f.49D49945748C2EC068872BC92F3619EA.d.D480351B863DF336FFCE7010E31A80CC.e.809"
}, {
   "element-6066-11e4-a52e-4f735466cecf": "f.49D49945748C2EC068872BC92F3619EA.d.D480351B863DF336FFCE7010E31A80CC.e.810"
}, {
   "element-6066-11e4-a52e-4f735466cecf": "f.49D49945748C2EC068872BC92F3619EA.d.D480351B863DF336FFCE7010E31A80CC.e.811"
}, {
   "element-6066-11e4-a52e-4f735466cecf": "f.49D49945748C2EC068872BC92F3619EA.d.D480351B863DF336FFCE7010E31A80CC.e.812"
}, {
   "element-6066-11e4-a52e-4f735466cecf": "f.49D49945748C2EC068872BC92F3619EA.d.D480351B863DF336FFCE7010E31A80CC.e.813"
}, {
   "element-6066-11e4-a52e-4f735466cecf": "f.49D49945748C2EC068872BC92F3619EA.d.D480351B863DF336FFCE7010E31A80CC.e.814"
}, {
   "element-6066-11e4-a52e-4f735466cecf": "f.49D49945748C2EC068872BC92F3619EA.d.D480351B863DF336FFCE7010E31A80CC.e.815"
}, {
   "element-6066-11e4-a52e-4f735466cecf": "f.49D49945748C2EC068872BC92F3619EA.d.D480351B863DF336FFCE7010E31A80CC.e.816"
}, {
   "element-6066-11e4-a52e-4f735466cecf": "f.49D49945748C2EC068872BC92F3619EA.d.D480351B863DF336FFCE7010E31A80CC.e.817"
}, "..." ]
[1783513351.657][INFO]: [8efdbb22e63138c8342c133790a7028c] COMMAND GetElementText {
   "id": "f.49D49945748C2EC068872BC92F3619EA.d.D480351B863DF336FFCE7010E31A80CC.e.817"
}
[1783513351.657][INFO]: Waiting for pending navigations...
[1783513351.658][INFO]: Done waiting for pending navigations. Status: ok
[1783513351.667][INFO]: Waiting for pending navigations...
[1783513351.667][INFO]: Done waiting for pending navigations. Status: ok
[1783513351.667][INFO]: [8efdbb22e63138c8342c133790a7028c] RESPONSE GetElementText "4.2"
[1783513351.669][INFO]: [8efdbb22e63138c8342c133790a7028c] COMMAND FindElements {
   "using": "xpath",
   "value": "//span[contains(@id,'productRating')]"
}
[1783513351.669][INFO]: Waiting for pending navigations...
[1783513351.670][INFO]: Done waiting for pending navigations. Status: ok
[1783513351.680][INFO]: Waiting for pending navigations...
[1783513351.681][INFO]: Done waiting for pending navigations. Status: ok
[1783513351.681][INFO]: [8efdbb22e63138c8342c133790a7028c] RESPONSE FindElements [ {
   "element-6066-11e4-a52e-4f735466cecf": "f.49D49945748C2EC068872BC92F3619EA.d.D480351B863DF336FFCE7010E31A80CC.e.754"
}, {
   "element-6066-11e4-a52e-4f735466cecf": "f.49D49945748C2EC068872BC92F3619EA.d.D480351B863DF336FFCE7010E31A80CC.e.804"
}, {
   "element-6066-11e4-a52e-4f735466cecf": "f.49D49945748C2EC068872BC92F3619EA.d.D480351B863DF336FFCE7010E31A80CC.e.805"
}, {
   "element-6066-11e4-a52e-4f735466cecf": "f.49D49945748C2EC068872BC92F3619EA.d.D480351B863DF336FFCE7010E31A80CC.e.806"
}, {
   "element-6066-11e4-a52e-4f735466cecf": "f.49D49945748C2EC068872BC92F3619EA.d.D480351B863DF336FFCE7010E31A80CC.e.758"
}, {
   "element-6066-11e4-a52e-4f735466cecf": "f.49D49945748C2EC068872BC92F3619EA.d.D480351B863DF336FFCE7010E31A80CC.e.759"
}, {
   "element-6066-11e4-a52e-4f735466cecf": "f.49D49945748C2EC068872BC92F3619EA.d.D480351B863DF336FFCE7010E31A80CC.e.760"
}, {
   "element-6066-11e4-a52e-4f735466cecf": "f.49D49945748C2EC068872BC92F3619EA.d.D480351B863DF336FFCE7010E31A80CC.e.807"
}, {
   "element-6066-11e4-a52e-4f735466cecf": "f.49D49945748C2EC068872BC92F3619EA.d.D480351B863DF336FFCE7010E31A80CC.e.762"
}, {
   "element-6066-11e4-a52e-4f735466cecf": "f.49D49945748C2EC068872BC92F3619EA.d.D480351B863DF336FFCE7010E31A80CC.e.808"
}, {
   "element-6066-11e4-a52e-4f735466cecf": "f.49D49945748C2EC068872BC92F3619EA.d.D480351B863DF336FFCE7010E31A80CC.e.809"
}, {
   "element-6066-11e4-a52e-4f735466cecf": "f.49D49945748C2EC068872BC92F3619EA.d.D480351B863DF336FFCE7010E31A80CC.e.810"
}, {
   "element-6066-11e4-a52e-4f735466cecf": "f.49D49945748C2EC068872BC92F3619EA.d.D480351B863DF336FFCE7010E31A80CC.e.811"
}, {
   "element-6066-11e4-a52e-4f735466cecf": "f.49D49945748C2EC068872BC92F3619EA.d.D480351B863DF336FFCE7010E31A80CC.e.812"
}, {
   "element-6066-11e4-a52e-4f735466cecf": "f.49D49945748C2EC068872BC92F3619EA.d.D480351B863DF336FFCE7010E31A80CC.e.813"
}, {
   "element-6066-11e4-a52e-4f735466cecf": "f.49D49945748C2EC068872BC92F3619EA.d.D480351B863DF336FFCE7010E31A80CC.e.814"
}, {
   "element-6066-11e4-a52e-4f735466cecf": "f.49D49945748C2EC068872BC92F3619EA.d.D480351B863DF336FFCE7010E31A80CC.e.815"
}, {
   "element-6066-11e4-a52e-4f735466cecf": "f.49D49945748C2EC068872BC92F3619EA.d.D480351B863DF336FFCE7010E31A80CC.e.816"
}, {
   "element-6066-11e4-a52e-4f735466cecf": "f.49D49945748C2EC068872BC92F3619EA.d.D480351B863DF336FFCE7010E31A80CC.e.817"
}, "..." ]
[1783513351.683][INFO]: [8efdbb22e63138c8342c133790a7028c] COMMAND GetElementText {
   "id": "f.49D49945748C2EC068872BC92F3619EA.d.D480351B863DF336FFCE7010E31A80CC.e.818"
}
[1783513351.683][INFO]: Waiting for pending navigations...
[1783513351.684][INFO]: Done waiting for pending navigations. Status: ok
[1783513351.695][INFO]: Waiting for pending navigations...
[1783513351.696][INFO]: Done waiting for pending navigations. Status: ok
[1783513351.696][INFO]: [8efdbb22e63138c8342c133790a7028c] RESPONSE GetElementText "4.3"
[1783513351.699][INFO]: [8efdbb22e63138c8342c133790a7028c] COMMAND FindElements {
   "using": "xpath",
   "value": "//span[contains(@id,'productRating')]"
}
[1783513351.699][INFO]: Waiting for pending navigations...
[1783513351.700][INFO]: Done waiting for pending navigations. Status: ok
[1783513351.709][INFO]: Waiting for pending navigations...
[1783513351.709][INFO]: Done waiting for pending navigations. Status: ok
[1783513351.709][INFO]: [8efdbb22e63138c8342c133790a7028c] RESPONSE FindElements [ {
   "element-6066-11e4-a52e-4f735466cecf": "f.49D49945748C2EC068872BC92F3619EA.d.D480351B863DF336FFCE7010E31A80CC.e.754"
}, {
   "element-6066-11e4-a52e-4f735466cecf": "f.49D49945748C2EC068872BC92F3619EA.d.D480351B863DF336FFCE7010E31A80CC.e.804"
}, {
   "element-6066-11e4-a52e-4f735466cecf": "f.49D49945748C2EC068872BC92F3619EA.d.D480351B863DF336FFCE7010E31A80CC.e.805"
}, {
   "element-6066-11e4-a52e-4f735466cecf": "f.49D49945748C2EC068872BC92F3619EA.d.D480351B863DF336FFCE7010E31A80CC.e.806"
}, {
   "element-6066-11e4-a52e-4f735466cecf": "f.49D49945748C2EC068872BC92F3619EA.d.D480351B863DF336FFCE7010E31A80CC.e.758"
}, {
   "element-6066-11e4-a52e-4f735466cecf": "f.49D49945748C2EC068872BC92F3619EA.d.D480351B863DF336FFCE7010E31A80CC.e.759"
}, {
   "element-6066-11e4-a52e-4f735466cecf": "f.49D49945748C2EC068872BC92F3619EA.d.D480351B863DF336FFCE7010E31A80CC.e.760"
}, {
   "element-6066-11e4-a52e-4f735466cecf": "f.49D49945748C2EC068872BC92F3619EA.d.D480351B863DF336FFCE7010E31A80CC.e.807"
}, {
   "element-6066-11e4-a52e-4f735466cecf": "f.49D49945748C2EC068872BC92F3619EA.d.D480351B863DF336FFCE7010E31A80CC.e.762"
}, {
   "element-6066-11e4-a52e-4f735466cecf": "f.49D49945748C2EC068872BC92F3619EA.d.D480351B863DF336FFCE7010E31A80CC.e.808"
}, {
   "element-6066-11e4-a52e-4f735466cecf": "f.49D49945748C2EC068872BC92F3619EA.d.D480351B863DF336FFCE7010E31A80CC.e.809"
}, {
   "element-6066-11e4-a52e-4f735466cecf": "f.49D49945748C2EC068872BC92F3619EA.d.D480351B863DF336FFCE7010E31A80CC.e.810"
}, {
   "element-6066-11e4-a52e-4f735466cecf": "f.49D49945748C2EC068872BC92F3619EA.d.D480351B863DF336FFCE7010E31A80CC.e.811"
}, {
   "element-6066-11e4-a52e-4f735466cecf": "f.49D49945748C2EC068872BC92F3619EA.d.D480351B863DF336FFCE7010E31A80CC.e.812"
}, {
   "element-6066-11e4-a52e-4f735466cecf": "f.49D49945748C2EC068872BC92F3619EA.d.D480351B863DF336FFCE7010E31A80CC.e.813"
}, {
   "element-6066-11e4-a52e-4f735466cecf": "f.49D49945748C2EC068872BC92F3619EA.d.D480351B863DF336FFCE7010E31A80CC.e.814"
}, {
   "element-6066-11e4-a52e-4f735466cecf": "f.49D49945748C2EC068872BC92F3619EA.d.D480351B863DF336FFCE7010E31A80CC.e.815"
}, {
   "element-6066-11e4-a52e-4f735466cecf": "f.49D49945748C2EC068872BC92F3619EA.d.D480351B863DF336FFCE7010E31A80CC.e.816"
}, {
   "element-6066-11e4-a52e-4f735466cecf": "f.49D49945748C2EC068872BC92F3619EA.d.D480351B863DF336FFCE7010E31A80CC.e.817"
}, "..." ]
[1783513351.712][INFO]: [8efdbb22e63138c8342c133790a7028c] COMMAND GetElementText {
   "id": "f.49D49945748C2EC068872BC92F3619EA.d.D480351B863DF336FFCE7010E31A80CC.e.819"
}
[1783513351.712][INFO]: Waiting for pending navigations...
[1783513351.713][INFO]: Done waiting for pending navigations. Status: ok
[1783513351.719][INFO]: Waiting for pending navigations...
[1783513351.719][INFO]: Done waiting for pending navigations. Status: ok
[1783513351.719][INFO]: [8efdbb22e63138c8342c133790a7028c] RESPONSE GetElementText "4.3"
[1783513351.721][INFO]: [8efdbb22e63138c8342c133790a7028c] COMMAND FindElements {
   "using": "xpath",
   "value": "//span[contains(@id,'productRating')]"
}
[1783513351.721][INFO]: Waiting for pending navigations...
[1783513351.722][INFO]: Done waiting for pending navigations. Status: ok
[1783513351.733][INFO]: Waiting for pending navigations...
[1783513351.736][INFO]: Done waiting for pending navigations. Status: ok
[1783513351.736][INFO]: [8efdbb22e63138c8342c133790a7028c] RESPONSE FindElements [ {
   "element-6066-11e4-a52e-4f735466cecf": "f.49D49945748C2EC068872BC92F3619EA.d.D480351B863DF336FFCE7010E31A80CC.e.754"
}, {
   "element-6066-11e4-a52e-4f735466cecf": "f.49D49945748C2EC068872BC92F3619EA.d.D480351B863DF336FFCE7010E31A80CC.e.804"
}, {
   "element-6066-11e4-a52e-4f735466cecf": "f.49D49945748C2EC068872BC92F3619EA.d.D480351B863DF336FFCE7010E31A80CC.e.805"
}, {
   "element-6066-11e4-a52e-4f735466cecf": "f.49D49945748C2EC068872BC92F3619EA.d.D480351B863DF336FFCE7010E31A80CC.e.806"
}, {
   "element-6066-11e4-a52e-4f735466cecf": "f.49D49945748C2EC068872BC92F3619EA.d.D480351B863DF336FFCE7010E31A80CC.e.758"
}, {
   "element-6066-11e4-a52e-4f735466cecf": "f.49D49945748C2EC068872BC92F3619EA.d.D480351B863DF336FFCE7010E31A80CC.e.759"
}, {
   "element-6066-11e4-a52e-4f735466cecf": "f.49D49945748C2EC068872BC92F3619EA.d.D480351B863DF336FFCE7010E31A80CC.e.760"
}, {
   "element-6066-11e4-a52e-4f735466cecf": "f.49D49945748C2EC068872BC92F3619EA.d.D480351B863DF336FFCE7010E31A80CC.e.807"
}, {
   "element-6066-11e4-a52e-4f735466cecf": "f.49D49945748C2EC068872BC92F3619EA.d.D480351B863DF336FFCE7010E31A80CC.e.762"
}, {
   "element-6066-11e4-a52e-4f735466cecf": "f.49D49945748C2EC068872BC92F3619EA.d.D480351B863DF336FFCE7010E31A80CC.e.808"
}, {
   "element-6066-11e4-a52e-4f735466cecf": "f.49D49945748C2EC068872BC92F3619EA.d.D480351B863DF336FFCE7010E31A80CC.e.809"
}, {
   "element-6066-11e4-a52e-4f735466cecf": "f.49D49945748C2EC068872BC92F3619EA.d.D480351B863DF336FFCE7010E31A80CC.e.810"
}, {
   "element-6066-11e4-a52e-4f735466cecf": "f.49D49945748C2EC068872BC92F3619EA.d.D480351B863DF336FFCE7010E31A80CC.e.811"
}, {
   "element-6066-11e4-a52e-4f735466cecf": "f.49D49945748C2EC068872BC92F3619EA.d.D480351B863DF336FFCE7010E31A80CC.e.812"
}, {
   "element-6066-11e4-a52e-4f735466cecf": "f.49D49945748C2EC068872BC92F3619EA.d.D480351B863DF336FFCE7010E31A80CC.e.813"
}, {
   "element-6066-11e4-a52e-4f735466cecf": "f.49D49945748C2EC068872BC92F3619EA.d.D480351B863DF336FFCE7010E31A80CC.e.814"
}, {
   "element-6066-11e4-a52e-4f735466cecf": "f.49D49945748C2EC068872BC92F3619EA.d.D480351B863DF336FFCE7010E31A80CC.e.815"
}, {
   "element-6066-11e4-a52e-4f735466cecf": "f.49D49945748C2EC068872BC92F3619EA.d.D480351B863DF336FFCE7010E31A80CC.e.816"
}, {
   "element-6066-11e4-a52e-4f735466cecf": "f.49D49945748C2EC068872BC92F3619EA.d.D480351B863DF336FFCE7010E31A80CC.e.817"
}, "..." ]
[1783513351.739][INFO]: [8efdbb22e63138c8342c133790a7028c] COMMAND GetElementText {
   "id": "f.49D49945748C2EC068872BC92F3619EA.d.D480351B863DF336FFCE7010E31A80CC.e.820"
}
[1783513351.739][INFO]: Waiting for pending navigations...
[1783513351.740][INFO]: Done waiting for pending navigations. Status: ok
[1783513351.751][INFO]: Waiting for pending navigations...
[1783513351.752][INFO]: Done waiting for pending navigations. Status: ok
[1783513351.752][INFO]: [8efdbb22e63138c8342c133790a7028c] RESPONSE GetElementText "4.3"
[1783513351.754][INFO]: [8efdbb22e63138c8342c133790a7028c] COMMAND FindElements {
   "using": "xpath",
   "value": "//span[contains(@id,'productRating')]"
}
[1783513351.754][INFO]: Waiting for pending navigations...
[1783513351.754][INFO]: Done waiting for pending navigations. Status: ok
[1783513351.764][INFO]: Waiting for pending navigations...
[1783513351.765][INFO]: Done waiting for pending navigations. Status: ok
[1783513351.765][INFO]: [8efdbb22e63138c8342c133790a7028c] RESPONSE FindElements [ {
   "element-6066-11e4-a52e-4f735466cecf": "f.49D49945748C2EC068872BC92F3619EA.d.D480351B863DF336FFCE7010E31A80CC.e.754"
}, {
   "element-6066-11e4-a52e-4f735466cecf": "f.49D49945748C2EC068872BC92F3619EA.d.D480351B863DF336FFCE7010E31A80CC.e.804"
}, {
   "element-6066-11e4-a52e-4f735466cecf": "f.49D49945748C2EC068872BC92F3619EA.d.D480351B863DF336FFCE7010E31A80CC.e.805"
}, {
   "element-6066-11e4-a52e-4f735466cecf": "f.49D49945748C2EC068872BC92F3619EA.d.D480351B863DF336FFCE7010E31A80CC.e.806"
}, {
   "element-6066-11e4-a52e-4f735466cecf": "f.49D49945748C2EC068872BC92F3619EA.d.D480351B863DF336FFCE7010E31A80CC.e.758"
}, {
   "element-6066-11e4-a52e-4f735466cecf": "f.49D49945748C2EC068872BC92F3619EA.d.D480351B863DF336FFCE7010E31A80CC.e.759"
}, {
   "element-6066-11e4-a52e-4f735466cecf": "f.49D49945748C2EC068872BC92F3619EA.d.D480351B863DF336FFCE7010E31A80CC.e.760"
}, {
   "element-6066-11e4-a52e-4f735466cecf": "f.49D49945748C2EC068872BC92F3619EA.d.D480351B863DF336FFCE7010E31A80CC.e.807"
}, {
   "element-6066-11e4-a52e-4f735466cecf": "f.49D49945748C2EC068872BC92F3619EA.d.D480351B863DF336FFCE7010E31A80CC.e.762"
}, {
   "element-6066-11e4-a52e-4f735466cecf": "f.49D49945748C2EC068872BC92F3619EA.d.D480351B863DF336FFCE7010E31A80CC.e.808"
}, {
   "element-6066-11e4-a52e-4f735466cecf": "f.49D49945748C2EC068872BC92F3619EA.d.D480351B863DF336FFCE7010E31A80CC.e.809"
}, {
   "element-6066-11e4-a52e-4f735466cecf": "f.49D49945748C2EC068872BC92F3619EA.d.D480351B863DF336FFCE7010E31A80CC.e.810"
}, {
   "element-6066-11e4-a52e-4f735466cecf": "f.49D49945748C2EC068872BC92F3619EA.d.D480351B863DF336FFCE7010E31A80CC.e.811"
}, {
   "element-6066-11e4-a52e-4f735466cecf": "f.49D49945748C2EC068872BC92F3619EA.d.D480351B863DF336FFCE7010E31A80CC.e.812"
}, {
   "element-6066-11e4-a52e-4f735466cecf": "f.49D49945748C2EC068872BC92F3619EA.d.D480351B863DF336FFCE7010E31A80CC.e.813"
}, {
   "element-6066-11e4-a52e-4f735466cecf": "f.49D49945748C2EC068872BC92F3619EA.d.D480351B863DF336FFCE7010E31A80CC.e.814"
}, {
   "element-6066-11e4-a52e-4f735466cecf": "f.49D49945748C2EC068872BC92F3619EA.d.D480351B863DF336FFCE7010E31A80CC.e.815"
}, {
   "element-6066-11e4-a52e-4f735466cecf": "f.49D49945748C2EC068872BC92F3619EA.d.D480351B863DF336FFCE7010E31A80CC.e.816"
}, {
   "element-6066-11e4-a52e-4f735466cecf": "f.49D49945748C2EC068872BC92F3619EA.d.D480351B863DF336FFCE7010E31A80CC.e.817"
}, "..." ]
[1783513351.767][INFO]: [8efdbb22e63138c8342c133790a7028c] COMMAND GetElementText {
   "id": "f.49D49945748C2EC068872BC92F3619EA.d.D480351B863DF336FFCE7010E31A80CC.e.821"
}
[1783513351.767][INFO]: Waiting for pending navigations...
[1783513351.768][INFO]: Done waiting for pending navigations. Status: ok
[1783513351.776][INFO]: Waiting for pending navigations...
[1783513351.777][INFO]: Done waiting for pending navigations. Status: ok
[1783513351.777][INFO]: [8efdbb22e63138c8342c133790a7028c] RESPONSE GetElementText "4.3"
[1783513351.779][INFO]: [8efdbb22e63138c8342c133790a7028c] COMMAND FindElements {
   "using": "xpath",
   "value": "//span[contains(@id,'productRating')]"
}
[1783513351.779][INFO]: Waiting for pending navigations...
[1783513351.780][INFO]: Done waiting for pending navigations. Status: ok
[1783513351.792][INFO]: Waiting for pending navigations...
[1783513351.793][INFO]: Done waiting for pending navigations. Status: ok
[1783513351.793][INFO]: [8efdbb22e63138c8342c133790a7028c] RESPONSE FindElements [ {
   "element-6066-11e4-a52e-4f735466cecf": "f.49D49945748C2EC068872BC92F3619EA.d.D480351B863DF336FFCE7010E31A80CC.e.754"
}, {
   "element-6066-11e4-a52e-4f735466cecf": "f.49D49945748C2EC068872BC92F3619EA.d.D480351B863DF336FFCE7010E31A80CC.e.804"
}, {
   "element-6066-11e4-a52e-4f735466cecf": "f.49D49945748C2EC068872BC92F3619EA.d.D480351B863DF336FFCE7010E31A80CC.e.805"
}, {
   "element-6066-11e4-a52e-4f735466cecf": "f.49D49945748C2EC068872BC92F3619EA.d.D480351B863DF336FFCE7010E31A80CC.e.806"
}, {
   "element-6066-11e4-a52e-4f735466cecf": "f.49D49945748C2EC068872BC92F3619EA.d.D480351B863DF336FFCE7010E31A80CC.e.758"
}, {
   "element-6066-11e4-a52e-4f735466cecf": "f.49D49945748C2EC068872BC92F3619EA.d.D480351B863DF336FFCE7010E31A80CC.e.759"
}, {
   "element-6066-11e4-a52e-4f735466cecf": "f.49D49945748C2EC068872BC92F3619EA.d.D480351B863DF336FFCE7010E31A80CC.e.760"
}, {
   "element-6066-11e4-a52e-4f735466cecf": "f.49D49945748C2EC068872BC92F3619EA.d.D480351B863DF336FFCE7010E31A80CC.e.807"
}, {
   "element-6066-11e4-a52e-4f735466cecf": "f.49D49945748C2EC068872BC92F3619EA.d.D480351B863DF336FFCE7010E31A80CC.e.762"
}, {
   "element-6066-11e4-a52e-4f735466cecf": "f.49D49945748C2EC068872BC92F3619EA.d.D480351B863DF336FFCE7010E31A80CC.e.808"
}, {
   "element-6066-11e4-a52e-4f735466cecf": "f.49D49945748C2EC068872BC92F3619EA.d.D480351B863DF336FFCE7010E31A80CC.e.809"
}, {
   "element-6066-11e4-a52e-4f735466cecf": "f.49D49945748C2EC068872BC92F3619EA.d.D480351B863DF336FFCE7010E31A80CC.e.810"
}, {
   "element-6066-11e4-a52e-4f735466cecf": "f.49D49945748C2EC068872BC92F3619EA.d.D480351B863DF336FFCE7010E31A80CC.e.811"
}, {
   "element-6066-11e4-a52e-4f735466cecf": "f.49D49945748C2EC068872BC92F3619EA.d.D480351B863DF336FFCE7010E31A80CC.e.812"
}, {
   "element-6066-11e4-a52e-4f735466cecf": "f.49D49945748C2EC068872BC92F3619EA.d.D480351B863DF336FFCE7010E31A80CC.e.813"
}, {
   "element-6066-11e4-a52e-4f735466cecf": "f.49D49945748C2EC068872BC92F3619EA.d.D480351B863DF336FFCE7010E31A80CC.e.814"
}, {
   "element-6066-11e4-a52e-4f735466cecf": "f.49D49945748C2EC068872BC92F3619EA.d.D480351B863DF336FFCE7010E31A80CC.e.815"
}, {
   "element-6066-11e4-a52e-4f735466cecf": "f.49D49945748C2EC068872BC92F3619EA.d.D480351B863DF336FFCE7010E31A80CC.e.816"
}, {
   "element-6066-11e4-a52e-4f735466cecf": "f.49D49945748C2EC068872BC92F3619EA.d.D480351B863DF336FFCE7010E31A80CC.e.817"
}, "..." ]
[1783513351.797][INFO]: [8efdbb22e63138c8342c133790a7028c] COMMAND GetElementText {
   "id": "f.49D49945748C2EC068872BC92F3619EA.d.D480351B863DF336FFCE7010E31A80CC.e.822"
}
[1783513351.797][INFO]: Waiting for pending navigations...
[1783513351.798][INFO]: Done waiting for pending navigations. Status: ok
[1783513351.808][INFO]: Waiting for pending navigations...
[1783513351.809][INFO]: Done waiting for pending navigations. Status: ok
[1783513351.809][INFO]: [8efdbb22e63138c8342c133790a7028c] RESPONSE GetElementText "4"
[1783513351.811][INFO]: [8efdbb22e63138c8342c133790a7028c] COMMAND SetTimeouts {
   "implicit": 0
}
[1783513351.811][INFO]: [8efdbb22e63138c8342c133790a7028c] RESPONSE SetTimeouts
[1783513351.816][INFO]: [8efdbb22e63138c8342c133790a7028c] COMMAND Navigate {
   "url": "https://www.flipkart.com/"
}
[1783513351.817][INFO]: Waiting for pending navigations...
[1783513351.818][INFO]: Done waiting for pending navigations. Status: ok
[1783513351.954][INFO]: Waiting for pending navigations...
[1783513354.556][INFO]: Done waiting for pending navigations. Status: ok
[1783513354.556][INFO]: [8efdbb22e63138c8342c133790a7028c] RESPONSE Navigate
[1783513359.563][INFO]: [8efdbb22e63138c8342c133790a7028c] COMMAND FindElement {
   "using": "xpath",
   "value": "//form[@class='lilxh_ header-form-search']//input[@title='Search for Products, Brands and More']"
}
[1783513359.564][INFO]: Waiting for pending navigations...
[1783513359.565][INFO]: Done waiting for pending navigations. Status: ok
[1783513359.573][INFO]: Waiting for pending navigations...
[1783513359.574][INFO]: Done waiting for pending navigations. Status: ok
[1783513359.574][INFO]: [8efdbb22e63138c8342c133790a7028c] RESPONSE FindElement {
   "element-6066-11e4-a52e-4f735466cecf": "f.49D49945748C2EC068872BC92F3619EA.d.3A90F505D3A205CA972C2EFDEF76CC21.e.909"
}
[1783513359.577][INFO]: [8efdbb22e63138c8342c133790a7028c] COMMAND TypeElement {
   "id": "f.49D49945748C2EC068872BC92F3619EA.d.3A90F505D3A205CA972C2EFDEF76CC21.e.909",
   "text": "iPhone",
   "value": [ "i", "P", "h", "o", "n", "e" ]
}
[1783513359.577][INFO]: Waiting for pending navigations...
[1783513359.578][INFO]: Done waiting for pending navigations. Status: ok
[1783513359.662][INFO]: Waiting for pending navigations...
[1783513359.672][INFO]: Done waiting for pending navigations. Status: ok
[1783513359.672][INFO]: [8efdbb22e63138c8342c133790a7028c] RESPONSE TypeElement
[1783513359.676][INFO]: [8efdbb22e63138c8342c133790a7028c] COMMAND TypeElement {
   "id": "f.49D49945748C2EC068872BC92F3619EA.d.3A90F505D3A205CA972C2EFDEF76CC21.e.909",
   "text": "",
   "value": [ "" ]
}
[1783513359.676][INFO]: Waiting for pending navigations...
[1783513359.678][INFO]: Done waiting for pending navigations. Status: ok
[1783513359.752][INFO]: Waiting for pending navigations...
[1783513361.649][INFO]: Done waiting for pending navigations. Status: ok
[1783513361.649][INFO]: [8efdbb22e63138c8342c133790a7028c] RESPONSE TypeElement
[1783513361.653][INFO]: [8efdbb22e63138c8342c133790a7028c] COMMAND FindElements {
   "using": "xpath",
   "value": "//div[@class='ZFwe0M row']"
}
[1783513361.653][INFO]: Waiting for pending navigations...
[1783513361.655][INFO]: Done waiting for pending navigations. Status: ok
[1783513361.696][INFO]: Waiting for pending navigations...
[1783513361.699][INFO]: Done waiting for pending navigations. Status: ok
[1783513361.699][INFO]: [8efdbb22e63138c8342c133790a7028c] RESPONSE FindElements [ {
   "element-6066-11e4-a52e-4f735466cecf": "f.49D49945748C2EC068872BC92F3619EA.d.1A48DFC1BF6593AF810CE3800683AB60.e.1527"
}, {
   "element-6066-11e4-a52e-4f735466cecf": "f.49D49945748C2EC068872BC92F3619EA.d.1A48DFC1BF6593AF810CE3800683AB60.e.1528"
}, {
   "element-6066-11e4-a52e-4f735466cecf": "f.49D49945748C2EC068872BC92F3619EA.d.1A48DFC1BF6593AF810CE3800683AB60.e.1529"
}, {
   "element-6066-11e4-a52e-4f735466cecf": "f.49D49945748C2EC068872BC92F3619EA.d.1A48DFC1BF6593AF810CE3800683AB60.e.1530"
}, {
   "element-6066-11e4-a52e-4f735466cecf": "f.49D49945748C2EC068872BC92F3619EA.d.1A48DFC1BF6593AF810CE3800683AB60.e.1531"
}, {
   "element-6066-11e4-a52e-4f735466cecf": "f.49D49945748C2EC068872BC92F3619EA.d.1A48DFC1BF6593AF810CE3800683AB60.e.1532"
}, {
   "element-6066-11e4-a52e-4f735466cecf": "f.49D49945748C2EC068872BC92F3619EA.d.1A48DFC1BF6593AF810CE3800683AB60.e.1533"
}, {
   "element-6066-11e4-a52e-4f735466cecf": "f.49D49945748C2EC068872BC92F3619EA.d.1A48DFC1BF6593AF810CE3800683AB60.e.1534"
}, {
   "element-6066-11e4-a52e-4f735466cecf": "f.49D49945748C2EC068872BC92F3619EA.d.1A48DFC1BF6593AF810CE3800683AB60.e.1535"
}, {
   "element-6066-11e4-a52e-4f735466cecf": "f.49D49945748C2EC068872BC92F3619EA.d.1A48DFC1BF6593AF810CE3800683AB60.e.1536"
}, {
   "element-6066-11e4-a52e-4f735466cecf": "f.49D49945748C2EC068872BC92F3619EA.d.1A48DFC1BF6593AF810CE3800683AB60.e.1537"
}, {
   "element-6066-11e4-a52e-4f735466cecf": "f.49D49945748C2EC068872BC92F3619EA.d.1A48DFC1BF6593AF810CE3800683AB60.e.1538"
}, {
   "element-6066-11e4-a52e-4f735466cecf": "f.49D49945748C2EC068872BC92F3619EA.d.1A48DFC1BF6593AF810CE3800683AB60.e.1539"
}, {
   "element-6066-11e4-a52e-4f735466cecf": "f.49D49945748C2EC068872BC92F3619EA.d.1A48DFC1BF6593AF810CE3800683AB60.e.1540"
}, {
   "element-6066-11e4-a52e-4f735466cecf": "f.49D49945748C2EC068872BC92F3619EA.d.1A48DFC1BF6593AF810CE3800683AB60.e.1541"
}, {
   "element-6066-11e4-a52e-4f735466cecf": "f.49D49945748C2EC068872BC92F3619EA.d.1A48DFC1BF6593AF810CE3800683AB60.e.1542"
}, {
   "element-6066-11e4-a52e-4f735466cecf": "f.49D49945748C2EC068872BC92F3619EA.d.1A48DFC1BF6593AF810CE3800683AB60.e.1543"
}, {
   "element-6066-11e4-a52e-4f735466cecf": "f.49D49945748C2EC068872BC92F3619EA.d.1A48DFC1BF6593AF810CE3800683AB60.e.1544"
}, {
   "element-6066-11e4-a52e-4f735466cecf": "f.49D49945748C2EC068872BC92F3619EA.d.1A48DFC1BF6593AF810CE3800683AB60.e.1545"
}, "..." ]
[1783513361.703][INFO]: [8efdbb22e63138c8342c133790a7028c] COMMAND SetTimeouts {
   "implicit": 20000
}
[1783513361.703][INFO]: [8efdbb22e63138c8342c133790a7028c] RESPONSE SetTimeouts
[1783513361.707][INFO]: [8efdbb22e63138c8342c133790a7028c] COMMAND FindChildElement {
   "id": "f.49D49945748C2EC068872BC92F3619EA.d.1A48DFC1BF6593AF810CE3800683AB60.e.1527",
   "using": "xpath",
   "value": "//div[@class='RG5Slk']"
}
[1783513361.707][INFO]: Waiting for pending navigations...
[1783513361.710][INFO]: Done waiting for pending navigations. Status: ok
[1783513361.733][INFO]: Waiting for pending navigations...
[1783513361.736][INFO]: Done waiting for pending navigations. Status: ok
[1783513361.736][INFO]: [8efdbb22e63138c8342c133790a7028c] RESPONSE FindChildElement {
   "element-6066-11e4-a52e-4f735466cecf": "f.49D49945748C2EC068872BC92F3619EA.d.1A48DFC1BF6593AF810CE3800683AB60.e.1551"
}
[1783513361.738][INFO]: [8efdbb22e63138c8342c133790a7028c] COMMAND GetElementText {
   "id": "f.49D49945748C2EC068872BC92F3619EA.d.1A48DFC1BF6593AF810CE3800683AB60.e.1551"
}
[1783513361.738][INFO]: Waiting for pending navigations...
[1783513361.743][INFO]: Done waiting for pending navigations. Status: ok
[1783513361.752][INFO]: Waiting for pending navigations...
[1783513361.753][INFO]: Done waiting for pending navigations. Status: ok
[1783513361.753][INFO]: [8efdbb22e63138c8342c133790a7028c] RESPONSE GetElementText "Apple iPhone 15 (Black, 128 GB)"
[1783513361.755][INFO]: [8efdbb22e63138c8342c133790a7028c] COMMAND FindChildElement {
   "id": "f.49D49945748C2EC068872BC92F3619EA.d.1A48DFC1BF6593AF810CE3800683AB60.e.1527",
   "using": "xpath",
   "value": "//div[@class='HQe8jr']"
}
[1783513361.755][INFO]: Waiting for pending navigations...
[1783513361.759][INFO]: Done waiting for pending navigations. Status: ok
[1783513361.782][INFO]: Waiting for pending navigations...
[1783513361.785][INFO]: Done waiting for pending navigations. Status: ok
[1783513361.785][INFO]: [8efdbb22e63138c8342c133790a7028c] RESPONSE FindChildElement {
   "element-6066-11e4-a52e-4f735466cecf": "f.49D49945748C2EC068872BC92F3619EA.d.1A48DFC1BF6593AF810CE3800683AB60.e.1552"
}
[1783513361.787][INFO]: [8efdbb22e63138c8342c133790a7028c] COMMAND GetElementText {
   "id": "f.49D49945748C2EC068872BC92F3619EA.d.1A48DFC1BF6593AF810CE3800683AB60.e.1552"
}
[1783513361.787][INFO]: Waiting for pending navigations...
[1783513361.789][INFO]: Done waiting for pending navigations. Status: ok
[1783513361.801][INFO]: Waiting for pending navigations...
[1783513361.801][INFO]: Done waiting for pending navigations. Status: ok
[1783513361.801][INFO]: [8efdbb22e63138c8342c133790a7028c] RESPONSE GetElementText "3% off"
[1783513361.804][INFO]: [8efdbb22e63138c8342c133790a7028c] COMMAND FindChildElement {
   "id": "f.49D49945748C2EC068872BC92F3619EA.d.1A48DFC1BF6593AF810CE3800683AB60.e.1528",
   "using": "xpath",
   "value": "//div[@class='RG5Slk']"
}
[1783513361.804][INFO]: Waiting for pending navigations...
[1783513361.808][INFO]: Done waiting for pending navigations. Status: ok
[1783513361.818][INFO]: Waiting for pending navigations...
[1783513361.819][INFO]: Done waiting for pending navigations. Status: ok
[1783513361.819][INFO]: [8efdbb22e63138c8342c133790a7028c] RESPONSE FindChildElement {
   "element-6066-11e4-a52e-4f735466cecf": "f.49D49945748C2EC068872BC92F3619EA.d.1A48DFC1BF6593AF810CE3800683AB60.e.1551"
}
[1783513361.821][INFO]: [8efdbb22e63138c8342c133790a7028c] COMMAND GetElementText {
   "id": "f.49D49945748C2EC068872BC92F3619EA.d.1A48DFC1BF6593AF810CE3800683AB60.e.1551"
}
[1783513361.821][INFO]: Waiting for pending navigations...
[1783513361.822][INFO]: Done waiting for pending navigations. Status: ok
[1783513361.834][INFO]: Waiting for pending navigations...
[1783513361.835][INFO]: Done waiting for pending navigations. Status: ok
[1783513361.835][INFO]: [8efdbb22e63138c8342c133790a7028c] RESPONSE GetElementText "Apple iPhone 15 (Black, 128 GB)"
[1783513361.837][INFO]: [8efdbb22e63138c8342c133790a7028c] COMMAND FindChildElement {
   "id": "f.49D49945748C2EC068872BC92F3619EA.d.1A48DFC1BF6593AF810CE3800683AB60.e.1528",
   "using": "xpath",
   "value": "//div[@class='HQe8jr']"
}
[1783513361.837][INFO]: Waiting for pending navigations...
[1783513361.838][INFO]: Done waiting for pending navigations. Status: ok
[1783513361.853][INFO]: Waiting for pending navigations...
[1783513361.855][INFO]: Done waiting for pending navigations. Status: ok
[1783513361.855][INFO]: [8efdbb22e63138c8342c133790a7028c] RESPONSE FindChildElement {
   "element-6066-11e4-a52e-4f735466cecf": "f.49D49945748C2EC068872BC92F3619EA.d.1A48DFC1BF6593AF810CE3800683AB60.e.1552"
}
[1783513361.857][INFO]: [8efdbb22e63138c8342c133790a7028c] COMMAND GetElementText {
   "id": "f.49D49945748C2EC068872BC92F3619EA.d.1A48DFC1BF6593AF810CE3800683AB60.e.1552"
}
[1783513361.857][INFO]: Waiting for pending navigations...
[1783513361.860][INFO]: Done waiting for pending navigations. Status: ok
[1783513361.869][INFO]: Waiting for pending navigations...
[1783513361.870][INFO]: Done waiting for pending navigations. Status: ok
[1783513361.870][INFO]: [8efdbb22e63138c8342c133790a7028c] RESPONSE GetElementText "3% off"
[1783513361.873][INFO]: [8efdbb22e63138c8342c133790a7028c] COMMAND FindChildElement {
   "id": "f.49D49945748C2EC068872BC92F3619EA.d.1A48DFC1BF6593AF810CE3800683AB60.e.1529",
   "using": "xpath",
   "value": "//div[@class='RG5Slk']"
}
[1783513361.873][INFO]: Waiting for pending navigations...
[1783513361.874][INFO]: Done waiting for pending navigations. Status: ok
[1783513361.886][INFO]: Waiting for pending navigations...
[1783513361.887][INFO]: Done waiting for pending navigations. Status: ok
[1783513361.887][INFO]: [8efdbb22e63138c8342c133790a7028c] RESPONSE FindChildElement {
   "element-6066-11e4-a52e-4f735466cecf": "f.49D49945748C2EC068872BC92F3619EA.d.1A48DFC1BF6593AF810CE3800683AB60.e.1551"
}
[1783513361.889][INFO]: [8efdbb22e63138c8342c133790a7028c] COMMAND GetElementText {
   "id": "f.49D49945748C2EC068872BC92F3619EA.d.1A48DFC1BF6593AF810CE3800683AB60.e.1551"
}
[1783513361.890][INFO]: Waiting for pending navigations...
[1783513361.891][INFO]: Done waiting for pending navigations. Status: ok
[1783513361.901][INFO]: Waiting for pending navigations...
[1783513361.902][INFO]: Done waiting for pending navigations. Status: ok
[1783513361.902][INFO]: [8efdbb22e63138c8342c133790a7028c] RESPONSE GetElementText "Apple iPhone 15 (Black, 128 GB)"
[1783513361.904][INFO]: [8efdbb22e63138c8342c133790a7028c] COMMAND FindChildElement {
   "id": "f.49D49945748C2EC068872BC92F3619EA.d.1A48DFC1BF6593AF810CE3800683AB60.e.1529",
   "using": "xpath",
   "value": "//div[@class='HQe8jr']"
}
[1783513361.905][INFO]: Waiting for pending navigations...
[1783513361.907][INFO]: Done waiting for pending navigations. Status: ok
[1783513361.921][INFO]: Waiting for pending navigations...
[1783513361.925][INFO]: Done waiting for pending navigations. Status: ok
[1783513361.925][INFO]: [8efdbb22e63138c8342c133790a7028c] RESPONSE FindChildElement {
   "element-6066-11e4-a52e-4f735466cecf": "f.49D49945748C2EC068872BC92F3619EA.d.1A48DFC1BF6593AF810CE3800683AB60.e.1552"
}
[1783513361.927][INFO]: [8efdbb22e63138c8342c133790a7028c] COMMAND GetElementText {
   "id": "f.49D49945748C2EC068872BC92F3619EA.d.1A48DFC1BF6593AF810CE3800683AB60.e.1552"
}
[1783513361.927][INFO]: Waiting for pending navigations...
[1783513361.928][INFO]: Done waiting for pending navigations. Status: ok
[1783513361.937][INFO]: Waiting for pending navigations...
[1783513361.941][INFO]: Done waiting for pending navigations. Status: ok
[1783513361.941][INFO]: [8efdbb22e63138c8342c133790a7028c] RESPONSE GetElementText "3% off"
[1783513361.943][INFO]: [8efdbb22e63138c8342c133790a7028c] COMMAND FindChildElement {
   "id": "f.49D49945748C2EC068872BC92F3619EA.d.1A48DFC1BF6593AF810CE3800683AB60.e.1530",
   "using": "xpath",
   "value": "//div[@class='RG5Slk']"
}
[1783513361.943][INFO]: Waiting for pending navigations...
[1783513361.944][INFO]: Done waiting for pending navigations. Status: ok
[1783513361.955][INFO]: Waiting for pending navigations...
[1783513361.958][INFO]: Done waiting for pending navigations. Status: ok
[1783513361.958][INFO]: [8efdbb22e63138c8342c133790a7028c] RESPONSE FindChildElement {
   "element-6066-11e4-a52e-4f735466cecf": "f.49D49945748C2EC068872BC92F3619EA.d.1A48DFC1BF6593AF810CE3800683AB60.e.1551"
}
[1783513361.960][INFO]: [8efdbb22e63138c8342c133790a7028c] COMMAND GetElementText {
   "id": "f.49D49945748C2EC068872BC92F3619EA.d.1A48DFC1BF6593AF810CE3800683AB60.e.1551"
}
[1783513361.960][INFO]: Waiting for pending navigations...
[1783513361.961][INFO]: Done waiting for pending navigations. Status: ok
[1783513361.969][INFO]: Waiting for pending navigations...
[1783513361.970][INFO]: Done waiting for pending navigations. Status: ok
[1783513361.970][INFO]: [8efdbb22e63138c8342c133790a7028c] RESPONSE GetElementText "Apple iPhone 15 (Black, 128 GB)"
[1783513361.973][INFO]: [8efdbb22e63138c8342c133790a7028c] COMMAND FindChildElement {
   "id": "f.49D49945748C2EC068872BC92F3619EA.d.1A48DFC1BF6593AF810CE3800683AB60.e.1530",
   "using": "xpath",
   "value": "//div[@class='HQe8jr']"
}
[1783513361.973][INFO]: Waiting for pending navigations...
[1783513361.974][INFO]: Done waiting for pending navigations. Status: ok
[1783513361.985][INFO]: Waiting for pending navigations...
[1783513361.986][INFO]: Done waiting for pending navigations. Status: ok
[1783513361.986][INFO]: [8efdbb22e63138c8342c133790a7028c] RESPONSE FindChildElement {
   "element-6066-11e4-a52e-4f735466cecf": "f.49D49945748C2EC068872BC92F3619EA.d.1A48DFC1BF6593AF810CE3800683AB60.e.1552"
}
[1783513361.989][INFO]: [8efdbb22e63138c8342c133790a7028c] COMMAND GetElementText {
   "id": "f.49D49945748C2EC068872BC92F3619EA.d.1A48DFC1BF6593AF810CE3800683AB60.e.1552"
}
[1783513361.989][INFO]: Waiting for pending navigations...
[1783513361.990][INFO]: Done waiting for pending navigations. Status: ok
[1783513361.999][INFO]: Waiting for pending navigations...
[1783513362.000][INFO]: Done waiting for pending navigations. Status: ok
[1783513362.000][INFO]: [8efdbb22e63138c8342c133790a7028c] RESPONSE GetElementText "3% off"
[1783513362.002][INFO]: [8efdbb22e63138c8342c133790a7028c] COMMAND FindChildElement {
   "id": "f.49D49945748C2EC068872BC92F3619EA.d.1A48DFC1BF6593AF810CE3800683AB60.e.1531",
   "using": "xpath",
   "value": "//div[@class='RG5Slk']"
}
[1783513362.002][INFO]: Waiting for pending navigations...
[1783513362.003][INFO]: Done waiting for pending navigations. Status: ok
[1783513362.015][INFO]: Waiting for pending navigations...
[1783513362.016][INFO]: Done waiting for pending navigations. Status: ok
[1783513362.016][INFO]: [8efdbb22e63138c8342c133790a7028c] RESPONSE FindChildElement {
   "element-6066-11e4-a52e-4f735466cecf": "f.49D49945748C2EC068872BC92F3619EA.d.1A48DFC1BF6593AF810CE3800683AB60.e.1551"
}
[1783513362.017][INFO]: [8efdbb22e63138c8342c133790a7028c] COMMAND GetElementText {
   "id": "f.49D49945748C2EC068872BC92F3619EA.d.1A48DFC1BF6593AF810CE3800683AB60.e.1551"
}
[1783513362.017][INFO]: Waiting for pending navigations...
[1783513362.018][INFO]: Done waiting for pending navigations. Status: ok
[1783513362.027][INFO]: Waiting for pending navigations...
[1783513362.028][INFO]: Done waiting for pending navigations. Status: ok
[1783513362.028][INFO]: [8efdbb22e63138c8342c133790a7028c] RESPONSE GetElementText "Apple iPhone 15 (Black, 128 GB)"
[1783513362.030][INFO]: [8efdbb22e63138c8342c133790a7028c] COMMAND FindChildElement {
   "id": "f.49D49945748C2EC068872BC92F3619EA.d.1A48DFC1BF6593AF810CE3800683AB60.e.1531",
   "using": "xpath",
   "value": "//div[@class='HQe8jr']"
}
[1783513362.030][INFO]: Waiting for pending navigations...
[1783513362.031][INFO]: Done waiting for pending navigations. Status: ok
[1783513362.041][INFO]: Waiting for pending navigations...
[1783513362.056][INFO]: Done waiting for pending navigations. Status: ok
[1783513362.056][INFO]: [8efdbb22e63138c8342c133790a7028c] RESPONSE FindChildElement {
   "element-6066-11e4-a52e-4f735466cecf": "f.49D49945748C2EC068872BC92F3619EA.d.1A48DFC1BF6593AF810CE3800683AB60.e.1552"
}
[1783513362.061][INFO]: [8efdbb22e63138c8342c133790a7028c] COMMAND GetElementText {
   "id": "f.49D49945748C2EC068872BC92F3619EA.d.1A48DFC1BF6593AF810CE3800683AB60.e.1552"
}
[1783513362.061][INFO]: Waiting for pending navigations...
[1783513362.063][INFO]: Done waiting for pending navigations. Status: ok
[1783513362.075][INFO]: Waiting for pending navigations...
[1783513362.079][INFO]: Done waiting for pending navigations. Status: ok
[1783513362.079][INFO]: [8efdbb22e63138c8342c133790a7028c] RESPONSE GetElementText "3% off"
[1783513362.081][INFO]: [8efdbb22e63138c8342c133790a7028c] COMMAND FindChildElement {
   "id": "f.49D49945748C2EC068872BC92F3619EA.d.1A48DFC1BF6593AF810CE3800683AB60.e.1532",
   "using": "xpath",
   "value": "//div[@class='RG5Slk']"
}
[1783513362.081][INFO]: Waiting for pending navigations...
[1783513362.082][INFO]: Done waiting for pending navigations. Status: ok
[1783513362.096][INFO]: Waiting for pending navigations...
[1783513362.097][INFO]: Done waiting for pending navigations. Status: ok
[1783513362.097][INFO]: [8efdbb22e63138c8342c133790a7028c] RESPONSE FindChildElement {
   "element-6066-11e4-a52e-4f735466cecf": "f.49D49945748C2EC068872BC92F3619EA.d.1A48DFC1BF6593AF810CE3800683AB60.e.1551"
}
[1783513362.099][INFO]: [8efdbb22e63138c8342c133790a7028c] COMMAND GetElementText {
   "id": "f.49D49945748C2EC068872BC92F3619EA.d.1A48DFC1BF6593AF810CE3800683AB60.e.1551"
}
[1783513362.099][INFO]: Waiting for pending navigations...
[1783513362.100][INFO]: Done waiting for pending navigations. Status: ok
[1783513362.111][INFO]: Waiting for pending navigations...
[1783513362.112][INFO]: Done waiting for pending navigations. Status: ok
[1783513362.112][INFO]: [8efdbb22e63138c8342c133790a7028c] RESPONSE GetElementText "Apple iPhone 15 (Black, 128 GB)"
[1783513362.114][INFO]: [8efdbb22e63138c8342c133790a7028c] COMMAND FindChildElement {
   "id": "f.49D49945748C2EC068872BC92F3619EA.d.1A48DFC1BF6593AF810CE3800683AB60.e.1532",
   "using": "xpath",
   "value": "//div[@class='HQe8jr']"
}
[1783513362.114][INFO]: Waiting for pending navigations...
[1783513362.115][INFO]: Done waiting for pending navigations. Status: ok
[1783513362.125][INFO]: Waiting for pending navigations...
[1783513362.131][INFO]: Done waiting for pending navigations. Status: ok
[1783513362.131][INFO]: [8efdbb22e63138c8342c133790a7028c] RESPONSE FindChildElement {
   "element-6066-11e4-a52e-4f735466cecf": "f.49D49945748C2EC068872BC92F3619EA.d.1A48DFC1BF6593AF810CE3800683AB60.e.1552"
}
[1783513362.137][INFO]: [8efdbb22e63138c8342c133790a7028c] COMMAND GetElementText {
   "id": "f.49D49945748C2EC068872BC92F3619EA.d.1A48DFC1BF6593AF810CE3800683AB60.e.1552"
}
[1783513362.137][INFO]: Waiting for pending navigations...
[1783513362.143][INFO]: Done waiting for pending navigations. Status: ok
[1783513362.156][INFO]: Waiting for pending navigations...
[1783513362.159][INFO]: Done waiting for pending navigations. Status: ok
[1783513362.159][INFO]: [8efdbb22e63138c8342c133790a7028c] RESPONSE GetElementText "3% off"
[1783513362.162][INFO]: [8efdbb22e63138c8342c133790a7028c] COMMAND FindChildElement {
   "id": "f.49D49945748C2EC068872BC92F3619EA.d.1A48DFC1BF6593AF810CE3800683AB60.e.1533",
   "using": "xpath",
   "value": "//div[@class='RG5Slk']"
}
[1783513362.162][INFO]: Waiting for pending navigations...
[1783513362.163][INFO]: Done waiting for pending navigations. Status: ok
[1783513362.177][INFO]: Waiting for pending navigations...
[1783513362.183][INFO]: Done waiting for pending navigations. Status: ok
[1783513362.183][INFO]: [8efdbb22e63138c8342c133790a7028c] RESPONSE FindChildElement {
   "element-6066-11e4-a52e-4f735466cecf": "f.49D49945748C2EC068872BC92F3619EA.d.1A48DFC1BF6593AF810CE3800683AB60.e.1551"
}
[1783513362.185][INFO]: [8efdbb22e63138c8342c133790a7028c] COMMAND GetElementText {
   "id": "f.49D49945748C2EC068872BC92F3619EA.d.1A48DFC1BF6593AF810CE3800683AB60.e.1551"
}
[1783513362.185][INFO]: Waiting for pending navigations...
[1783513362.185][INFO]: Done waiting for pending navigations. Status: ok
[1783513362.198][INFO]: Waiting for pending navigations...
[1783513362.199][INFO]: Done waiting for pending navigations. Status: ok
[1783513362.199][INFO]: [8efdbb22e63138c8342c133790a7028c] RESPONSE GetElementText "Apple iPhone 15 (Black, 128 GB)"
[1783513362.201][INFO]: [8efdbb22e63138c8342c133790a7028c] COMMAND FindChildElement {
   "id": "f.49D49945748C2EC068872BC92F3619EA.d.1A48DFC1BF6593AF810CE3800683AB60.e.1533",
   "using": "xpath",
   "value": "//div[@class='HQe8jr']"
}
[1783513362.201][INFO]: Waiting for pending navigations...
[1783513362.202][INFO]: Done waiting for pending navigations. Status: ok
[1783513362.216][INFO]: Waiting for pending navigations...
[1783513362.217][INFO]: Done waiting for pending navigations. Status: ok
[1783513362.217][INFO]: [8efdbb22e63138c8342c133790a7028c] RESPONSE FindChildElement {
   "element-6066-11e4-a52e-4f735466cecf": "f.49D49945748C2EC068872BC92F3619EA.d.1A48DFC1BF6593AF810CE3800683AB60.e.1552"
}
[1783513362.219][INFO]: [8efdbb22e63138c8342c133790a7028c] COMMAND GetElementText {
   "id": "f.49D49945748C2EC068872BC92F3619EA.d.1A48DFC1BF6593AF810CE3800683AB60.e.1552"
}
[1783513362.219][INFO]: Waiting for pending navigations...
[1783513362.220][INFO]: Done waiting for pending navigations. Status: ok
[1783513362.233][INFO]: Waiting for pending navigations...
[1783513362.234][INFO]: Done waiting for pending navigations. Status: ok
[1783513362.234][INFO]: [8efdbb22e63138c8342c133790a7028c] RESPONSE GetElementText "3% off"
[1783513362.236][INFO]: [8efdbb22e63138c8342c133790a7028c] COMMAND FindChildElement {
   "id": "f.49D49945748C2EC068872BC92F3619EA.d.1A48DFC1BF6593AF810CE3800683AB60.e.1534",
   "using": "xpath",
   "value": "//div[@class='RG5Slk']"
}
[1783513362.236][INFO]: Waiting for pending navigations...
[1783513362.239][INFO]: Done waiting for pending navigations. Status: ok
[1783513362.248][INFO]: Waiting for pending navigations...
[1783513362.249][INFO]: Done waiting for pending navigations. Status: ok
[1783513362.249][INFO]: [8efdbb22e63138c8342c133790a7028c] RESPONSE FindChildElement {
   "element-6066-11e4-a52e-4f735466cecf": "f.49D49945748C2EC068872BC92F3619EA.d.1A48DFC1BF6593AF810CE3800683AB60.e.1551"
}
[1783513362.251][INFO]: [8efdbb22e63138c8342c133790a7028c] COMMAND GetElementText {
   "id": "f.49D49945748C2EC068872BC92F3619EA.d.1A48DFC1BF6593AF810CE3800683AB60.e.1551"
}
[1783513362.251][INFO]: Waiting for pending navigations...
[1783513362.252][INFO]: Done waiting for pending navigations. Status: ok
[1783513362.263][INFO]: Waiting for pending navigations...
[1783513362.264][INFO]: Done waiting for pending navigations. Status: ok
[1783513362.264][INFO]: [8efdbb22e63138c8342c133790a7028c] RESPONSE GetElementText "Apple iPhone 15 (Black, 128 GB)"
[1783513362.266][INFO]: [8efdbb22e63138c8342c133790a7028c] COMMAND FindChildElement {
   "id": "f.49D49945748C2EC068872BC92F3619EA.d.1A48DFC1BF6593AF810CE3800683AB60.e.1534",
   "using": "xpath",
   "value": "//div[@class='HQe8jr']"
}
[1783513362.266][INFO]: Waiting for pending navigations...
[1783513362.267][INFO]: Done waiting for pending navigations. Status: ok
[1783513362.277][INFO]: Waiting for pending navigations...
[1783513362.278][INFO]: Done waiting for pending navigations. Status: ok
[1783513362.278][INFO]: [8efdbb22e63138c8342c133790a7028c] RESPONSE FindChildElement {
   "element-6066-11e4-a52e-4f735466cecf": "f.49D49945748C2EC068872BC92F3619EA.d.1A48DFC1BF6593AF810CE3800683AB60.e.1552"
}
[1783513362.280][INFO]: [8efdbb22e63138c8342c133790a7028c] COMMAND GetElementText {
   "id": "f.49D49945748C2EC068872BC92F3619EA.d.1A48DFC1BF6593AF810CE3800683AB60.e.1552"
}
[1783513362.280][INFO]: Waiting for pending navigations...
[1783513362.281][INFO]: Done waiting for pending navigations. Status: ok
[1783513362.291][INFO]: Waiting for pending navigations...
[1783513362.294][INFO]: Done waiting for pending navigations. Status: ok
[1783513362.294][INFO]: [8efdbb22e63138c8342c133790a7028c] RESPONSE GetElementText "3% off"
[1783513362.296][INFO]: [8efdbb22e63138c8342c133790a7028c] COMMAND FindChildElement {
   "id": "f.49D49945748C2EC068872BC92F3619EA.d.1A48DFC1BF6593AF810CE3800683AB60.e.1535",
   "using": "xpath",
   "value": "//div[@class='RG5Slk']"
}
[1783513362.296][INFO]: Waiting for pending navigations...
[1783513362.297][INFO]: Done waiting for pending navigations. Status: ok
[1783513362.308][INFO]: Waiting for pending navigations...
[1783513362.310][INFO]: Done waiting for pending navigations. Status: ok
[1783513362.310][INFO]: [8efdbb22e63138c8342c133790a7028c] RESPONSE FindChildElement {
   "element-6066-11e4-a52e-4f735466cecf": "f.49D49945748C2EC068872BC92F3619EA.d.1A48DFC1BF6593AF810CE3800683AB60.e.1551"
}
[1783513362.312][INFO]: [8efdbb22e63138c8342c133790a7028c] COMMAND GetElementText {
   "id": "f.49D49945748C2EC068872BC92F3619EA.d.1A48DFC1BF6593AF810CE3800683AB60.e.1551"
}
[1783513362.312][INFO]: Waiting for pending navigations...
[1783513362.313][INFO]: Done waiting for pending navigations. Status: ok
[1783513362.320][INFO]: Waiting for pending navigations...
[1783513362.322][INFO]: Done waiting for pending navigations. Status: ok
[1783513362.322][INFO]: [8efdbb22e63138c8342c133790a7028c] RESPONSE GetElementText "Apple iPhone 15 (Black, 128 GB)"
[1783513362.325][INFO]: [8efdbb22e63138c8342c133790a7028c] COMMAND FindChildElement {
   "id": "f.49D49945748C2EC068872BC92F3619EA.d.1A48DFC1BF6593AF810CE3800683AB60.e.1535",
   "using": "xpath",
   "value": "//div[@class='HQe8jr']"
}
[1783513362.325][INFO]: Waiting for pending navigations...
[1783513362.325][INFO]: Done waiting for pending navigations. Status: ok
[1783513362.333][INFO]: Waiting for pending navigations...
[1783513362.334][INFO]: Done waiting for pending navigations. Status: ok
[1783513362.334][INFO]: [8efdbb22e63138c8342c133790a7028c] RESPONSE FindChildElement {
   "element-6066-11e4-a52e-4f735466cecf": "f.49D49945748C2EC068872BC92F3619EA.d.1A48DFC1BF6593AF810CE3800683AB60.e.1552"
}
[1783513362.335][INFO]: [8efdbb22e63138c8342c133790a7028c] COMMAND GetElementText {
   "id": "f.49D49945748C2EC068872BC92F3619EA.d.1A48DFC1BF6593AF810CE3800683AB60.e.1552"
}
[1783513362.335][INFO]: Waiting for pending navigations...
[1783513362.336][INFO]: Done waiting for pending navigations. Status: ok
[1783513362.347][INFO]: Waiting for pending navigations...
[1783513362.348][INFO]: Done waiting for pending navigations. Status: ok
[1783513362.348][INFO]: [8efdbb22e63138c8342c133790a7028c] RESPONSE GetElementText "3% off"
[1783513362.350][INFO]: [8efdbb22e63138c8342c133790a7028c] COMMAND FindChildElement {
   "id": "f.49D49945748C2EC068872BC92F3619EA.d.1A48DFC1BF6593AF810CE3800683AB60.e.1536",
   "using": "xpath",
   "value": "//div[@class='RG5Slk']"
}
[1783513362.350][INFO]: Waiting for pending navigations...
[1783513362.351][INFO]: Done waiting for pending navigations. Status: ok
[1783513362.366][INFO]: Waiting for pending navigations...
[1783513362.366][INFO]: Done waiting for pending navigations. Status: ok
[1783513362.366][INFO]: [8efdbb22e63138c8342c133790a7028c] RESPONSE FindChildElement {
   "element-6066-11e4-a52e-4f735466cecf": "f.49D49945748C2EC068872BC92F3619EA.d.1A48DFC1BF6593AF810CE3800683AB60.e.1551"
}
[1783513362.368][INFO]: [8efdbb22e63138c8342c133790a7028c] COMMAND GetElementText {
   "id": "f.49D49945748C2EC068872BC92F3619EA.d.1A48DFC1BF6593AF810CE3800683AB60.e.1551"
}
[1783513362.368][INFO]: Waiting for pending navigations...
[1783513362.369][INFO]: Done waiting for pending navigations. Status: ok
[1783513362.379][INFO]: Waiting for pending navigations...
[1783513362.380][INFO]: Done waiting for pending navigations. Status: ok
[1783513362.380][INFO]: [8efdbb22e63138c8342c133790a7028c] RESPONSE GetElementText "Apple iPhone 15 (Black, 128 GB)"
[1783513362.382][INFO]: [8efdbb22e63138c8342c133790a7028c] COMMAND FindChildElement {
   "id": "f.49D49945748C2EC068872BC92F3619EA.d.1A48DFC1BF6593AF810CE3800683AB60.e.1536",
   "using": "xpath",
   "value": "//div[@class='HQe8jr']"
}
[1783513362.382][INFO]: Waiting for pending navigations...
[1783513362.383][INFO]: Done waiting for pending navigations. Status: ok
[1783513362.396][INFO]: Waiting for pending navigations...
[1783513362.396][INFO]: Done waiting for pending navigations. Status: ok
[1783513362.396][INFO]: [8efdbb22e63138c8342c133790a7028c] RESPONSE FindChildElement {
   "element-6066-11e4-a52e-4f735466cecf": "f.49D49945748C2EC068872BC92F3619EA.d.1A48DFC1BF6593AF810CE3800683AB60.e.1552"
}
[1783513362.398][INFO]: [8efdbb22e63138c8342c133790a7028c] COMMAND GetElementText {
   "id": "f.49D49945748C2EC068872BC92F3619EA.d.1A48DFC1BF6593AF810CE3800683AB60.e.1552"
}
[1783513362.398][INFO]: Waiting for pending navigations...
[1783513362.399][INFO]: Done waiting for pending navigations. Status: ok
[1783513362.411][INFO]: Waiting for pending navigations...
[1783513362.412][INFO]: Done waiting for pending navigations. Status: ok
[1783513362.412][INFO]: [8efdbb22e63138c8342c133790a7028c] RESPONSE GetElementText "3% off"
[1783513362.414][INFO]: [8efdbb22e63138c8342c133790a7028c] COMMAND FindChildElement {
   "id": "f.49D49945748C2EC068872BC92F3619EA.d.1A48DFC1BF6593AF810CE3800683AB60.e.1537",
   "using": "xpath",
   "value": "//div[@class='RG5Slk']"
}
[1783513362.414][INFO]: Waiting for pending navigations...
[1783513362.415][INFO]: Done waiting for pending navigations. Status: ok
[1783513362.429][INFO]: Waiting for pending navigations...
[1783513362.430][INFO]: Done waiting for pending navigations. Status: ok
[1783513362.430][INFO]: [8efdbb22e63138c8342c133790a7028c] RESPONSE FindChildElement {
   "element-6066-11e4-a52e-4f735466cecf": "f.49D49945748C2EC068872BC92F3619EA.d.1A48DFC1BF6593AF810CE3800683AB60.e.1551"
}
[1783513362.432][INFO]: [8efdbb22e63138c8342c133790a7028c] COMMAND GetElementText {
   "id": "f.49D49945748C2EC068872BC92F3619EA.d.1A48DFC1BF6593AF810CE3800683AB60.e.1551"
}
[1783513362.432][INFO]: Waiting for pending navigations...
[1783513362.433][INFO]: Done waiting for pending navigations. Status: ok
[1783513362.444][INFO]: Waiting for pending navigations...
[1783513362.445][INFO]: Done waiting for pending navigations. Status: ok
[1783513362.445][INFO]: [8efdbb22e63138c8342c133790a7028c] RESPONSE GetElementText "Apple iPhone 15 (Black, 128 GB)"
[1783513362.447][INFO]: [8efdbb22e63138c8342c133790a7028c] COMMAND FindChildElement {
   "id": "f.49D49945748C2EC068872BC92F3619EA.d.1A48DFC1BF6593AF810CE3800683AB60.e.1537",
   "using": "xpath",
   "value": "//div[@class='HQe8jr']"
}
[1783513362.447][INFO]: Waiting for pending navigations...
[1783513362.448][INFO]: Done waiting for pending navigations. Status: ok
[1783513362.462][INFO]: Waiting for pending navigations...
[1783513362.463][INFO]: Done waiting for pending navigations. Status: ok
[1783513362.463][INFO]: [8efdbb22e63138c8342c133790a7028c] RESPONSE FindChildElement {
   "element-6066-11e4-a52e-4f735466cecf": "f.49D49945748C2EC068872BC92F3619EA.d.1A48DFC1BF6593AF810CE3800683AB60.e.1552"
}
[1783513362.465][INFO]: [8efdbb22e63138c8342c133790a7028c] COMMAND GetElementText {
   "id": "f.49D49945748C2EC068872BC92F3619EA.d.1A48DFC1BF6593AF810CE3800683AB60.e.1552"
}
[1783513362.465][INFO]: Waiting for pending navigations...
[1783513362.466][INFO]: Done waiting for pending navigations. Status: ok
[1783513362.478][INFO]: Waiting for pending navigations...
[1783513362.479][INFO]: Done waiting for pending navigations. Status: ok
[1783513362.479][INFO]: [8efdbb22e63138c8342c133790a7028c] RESPONSE GetElementText "3% off"
[1783513362.481][INFO]: [8efdbb22e63138c8342c133790a7028c] COMMAND FindChildElement {
   "id": "f.49D49945748C2EC068872BC92F3619EA.d.1A48DFC1BF6593AF810CE3800683AB60.e.1538",
   "using": "xpath",
   "value": "//div[@class='RG5Slk']"
}
[1783513362.481][INFO]: Waiting for pending navigations...
[1783513362.482][INFO]: Done waiting for pending navigations. Status: ok
[1783513362.491][INFO]: Waiting for pending navigations...
[1783513362.495][INFO]: Done waiting for pending navigations. Status: ok
[1783513362.495][INFO]: [8efdbb22e63138c8342c133790a7028c] RESPONSE FindChildElement {
   "element-6066-11e4-a52e-4f735466cecf": "f.49D49945748C2EC068872BC92F3619EA.d.1A48DFC1BF6593AF810CE3800683AB60.e.1551"
}
[1783513362.497][INFO]: [8efdbb22e63138c8342c133790a7028c] COMMAND GetElementText {
   "id": "f.49D49945748C2EC068872BC92F3619EA.d.1A48DFC1BF6593AF810CE3800683AB60.e.1551"
}
[1783513362.497][INFO]: Waiting for pending navigations...
[1783513362.498][INFO]: Done waiting for pending navigations. Status: ok
[1783513362.508][INFO]: Waiting for pending navigations...
[1783513362.509][INFO]: Done waiting for pending navigations. Status: ok
[1783513362.509][INFO]: [8efdbb22e63138c8342c133790a7028c] RESPONSE GetElementText "Apple iPhone 15 (Black, 128 GB)"
[1783513362.512][INFO]: [8efdbb22e63138c8342c133790a7028c] COMMAND FindChildElement {
   "id": "f.49D49945748C2EC068872BC92F3619EA.d.1A48DFC1BF6593AF810CE3800683AB60.e.1538",
   "using": "xpath",
   "value": "//div[@class='HQe8jr']"
}
[1783513362.512][INFO]: Waiting for pending navigations...
[1783513362.512][INFO]: Done waiting for pending navigations. Status: ok
[1783513362.521][INFO]: Waiting for pending navigations...
[1783513362.523][INFO]: Done waiting for pending navigations. Status: ok
[1783513362.523][INFO]: [8efdbb22e63138c8342c133790a7028c] RESPONSE FindChildElement {
   "element-6066-11e4-a52e-4f735466cecf": "f.49D49945748C2EC068872BC92F3619EA.d.1A48DFC1BF6593AF810CE3800683AB60.e.1552"
}
[1783513362.525][INFO]: [8efdbb22e63138c8342c133790a7028c] COMMAND GetElementText {
   "id": "f.49D49945748C2EC068872BC92F3619EA.d.1A48DFC1BF6593AF810CE3800683AB60.e.1552"
}
[1783513362.525][INFO]: Waiting for pending navigations...
[1783513362.526][INFO]: Done waiting for pending navigations. Status: ok
[1783513362.536][INFO]: Waiting for pending navigations...
[1783513362.540][INFO]: Done waiting for pending navigations. Status: ok
[1783513362.540][INFO]: [8efdbb22e63138c8342c133790a7028c] RESPONSE GetElementText "3% off"
[1783513362.543][INFO]: [8efdbb22e63138c8342c133790a7028c] COMMAND FindChildElement {
   "id": "f.49D49945748C2EC068872BC92F3619EA.d.1A48DFC1BF6593AF810CE3800683AB60.e.1539",
   "using": "xpath",
   "value": "//div[@class='RG5Slk']"
}
[1783513362.543][INFO]: Waiting for pending navigations...
[1783513362.543][INFO]: Done waiting for pending navigations. Status: ok
[1783513362.554][INFO]: Waiting for pending navigations...
[1783513362.557][INFO]: Done waiting for pending navigations. Status: ok
[1783513362.557][INFO]: [8efdbb22e63138c8342c133790a7028c] RESPONSE FindChildElement {
   "element-6066-11e4-a52e-4f735466cecf": "f.49D49945748C2EC068872BC92F3619EA.d.1A48DFC1BF6593AF810CE3800683AB60.e.1551"
}
[1783513362.560][INFO]: [8efdbb22e63138c8342c133790a7028c] COMMAND GetElementText {
   "id": "f.49D49945748C2EC068872BC92F3619EA.d.1A48DFC1BF6593AF810CE3800683AB60.e.1551"
}
[1783513362.560][INFO]: Waiting for pending navigations...
[1783513362.561][INFO]: Done waiting for pending navigations. Status: ok
[1783513362.569][INFO]: Waiting for pending navigations...
[1783513362.570][INFO]: Done waiting for pending navigations. Status: ok
[1783513362.570][INFO]: [8efdbb22e63138c8342c133790a7028c] RESPONSE GetElementText "Apple iPhone 15 (Black, 128 GB)"
[1783513362.573][INFO]: [8efdbb22e63138c8342c133790a7028c] COMMAND FindChildElement {
   "id": "f.49D49945748C2EC068872BC92F3619EA.d.1A48DFC1BF6593AF810CE3800683AB60.e.1539",
   "using": "xpath",
   "value": "//div[@class='HQe8jr']"
}
[1783513362.573][INFO]: Waiting for pending navigations...
[1783513362.574][INFO]: Done waiting for pending navigations. Status: ok
[1783513362.582][INFO]: Waiting for pending navigations...
[1783513362.583][INFO]: Done waiting for pending navigations. Status: ok
[1783513362.583][INFO]: [8efdbb22e63138c8342c133790a7028c] RESPONSE FindChildElement {
   "element-6066-11e4-a52e-4f735466cecf": "f.49D49945748C2EC068872BC92F3619EA.d.1A48DFC1BF6593AF810CE3800683AB60.e.1552"
}
[1783513362.585][INFO]: [8efdbb22e63138c8342c133790a7028c] COMMAND GetElementText {
   "id": "f.49D49945748C2EC068872BC92F3619EA.d.1A48DFC1BF6593AF810CE3800683AB60.e.1552"
}
[1783513362.585][INFO]: Waiting for pending navigations...
[1783513362.586][INFO]: Done waiting for pending navigations. Status: ok
[1783513362.604][INFO]: Waiting for pending navigations...
[1783513362.606][INFO]: Done waiting for pending navigations. Status: ok
[1783513362.606][INFO]: [8efdbb22e63138c8342c133790a7028c] RESPONSE GetElementText "3% off"
[1783513362.609][INFO]: [8efdbb22e63138c8342c133790a7028c] COMMAND FindChildElement {
   "id": "f.49D49945748C2EC068872BC92F3619EA.d.1A48DFC1BF6593AF810CE3800683AB60.e.1540",
   "using": "xpath",
   "value": "//div[@class='RG5Slk']"
}
[1783513362.609][INFO]: Waiting for pending navigations...
[1783513362.610][INFO]: Done waiting for pending navigations. Status: ok
[1783513362.620][INFO]: Waiting for pending navigations...
[1783513362.623][INFO]: Done waiting for pending navigations. Status: ok
[1783513362.623][INFO]: [8efdbb22e63138c8342c133790a7028c] RESPONSE FindChildElement {
   "element-6066-11e4-a52e-4f735466cecf": "f.49D49945748C2EC068872BC92F3619EA.d.1A48DFC1BF6593AF810CE3800683AB60.e.1551"
}
[1783513362.625][INFO]: [8efdbb22e63138c8342c133790a7028c] COMMAND GetElementText {
   "id": "f.49D49945748C2EC068872BC92F3619EA.d.1A48DFC1BF6593AF810CE3800683AB60.e.1551"
}
[1783513362.625][INFO]: Waiting for pending navigations...
[1783513362.626][INFO]: Done waiting for pending navigations. Status: ok
[1783513362.635][INFO]: Waiting for pending navigations...
[1783513362.636][INFO]: Done waiting for pending navigations. Status: ok
[1783513362.636][INFO]: [8efdbb22e63138c8342c133790a7028c] RESPONSE GetElementText "Apple iPhone 15 (Black, 128 GB)"
[1783513362.639][INFO]: [8efdbb22e63138c8342c133790a7028c] COMMAND FindChildElement {
   "id": "f.49D49945748C2EC068872BC92F3619EA.d.1A48DFC1BF6593AF810CE3800683AB60.e.1540",
   "using": "xpath",
   "value": "//div[@class='HQe8jr']"
}
[1783513362.639][INFO]: Waiting for pending navigations...
[1783513362.640][INFO]: Done waiting for pending navigations. Status: ok
[1783513362.650][INFO]: Waiting for pending navigations...
[1783513362.651][INFO]: Done waiting for pending navigations. Status: ok
[1783513362.651][INFO]: [8efdbb22e63138c8342c133790a7028c] RESPONSE FindChildElement {
   "element-6066-11e4-a52e-4f735466cecf": "f.49D49945748C2EC068872BC92F3619EA.d.1A48DFC1BF6593AF810CE3800683AB60.e.1552"
}
[1783513362.653][INFO]: [8efdbb22e63138c8342c133790a7028c] COMMAND GetElementText {
   "id": "f.49D49945748C2EC068872BC92F3619EA.d.1A48DFC1BF6593AF810CE3800683AB60.e.1552"
}
[1783513362.653][INFO]: Waiting for pending navigations...
[1783513362.656][INFO]: Done waiting for pending navigations. Status: ok
[1783513362.667][INFO]: Waiting for pending navigations...
[1783513362.668][INFO]: Done waiting for pending navigations. Status: ok
[1783513362.668][INFO]: [8efdbb22e63138c8342c133790a7028c] RESPONSE GetElementText "3% off"
[1783513362.670][INFO]: [8efdbb22e63138c8342c133790a7028c] COMMAND FindChildElement {
   "id": "f.49D49945748C2EC068872BC92F3619EA.d.1A48DFC1BF6593AF810CE3800683AB60.e.1541",
   "using": "xpath",
   "value": "//div[@class='RG5Slk']"
}
[1783513362.670][INFO]: Waiting for pending navigations...
[1783513362.675][INFO]: Done waiting for pending navigations. Status: ok
[1783513362.686][INFO]: Waiting for pending navigations...
[1783513362.690][INFO]: Done waiting for pending navigations. Status: ok
[1783513362.690][INFO]: [8efdbb22e63138c8342c133790a7028c] RESPONSE FindChildElement {
   "element-6066-11e4-a52e-4f735466cecf": "f.49D49945748C2EC068872BC92F3619EA.d.1A48DFC1BF6593AF810CE3800683AB60.e.1551"
}
[1783513362.692][INFO]: [8efdbb22e63138c8342c133790a7028c] COMMAND GetElementText {
   "id": "f.49D49945748C2EC068872BC92F3619EA.d.1A48DFC1BF6593AF810CE3800683AB60.e.1551"
}
[1783513362.692][INFO]: Waiting for pending navigations...
[1783513362.693][INFO]: Done waiting for pending navigations. Status: ok
[1783513362.702][INFO]: Waiting for pending navigations...
[1783513362.703][INFO]: Done waiting for pending navigations. Status: ok
[1783513362.703][INFO]: [8efdbb22e63138c8342c133790a7028c] RESPONSE GetElementText "Apple iPhone 15 (Black, 128 GB)"
[1783513362.706][INFO]: [8efdbb22e63138c8342c133790a7028c] COMMAND FindChildElement {
   "id": "f.49D49945748C2EC068872BC92F3619EA.d.1A48DFC1BF6593AF810CE3800683AB60.e.1541",
   "using": "xpath",
   "value": "//div[@class='HQe8jr']"
}
[1783513362.706][INFO]: Waiting for pending navigations...
[1783513362.707][INFO]: Done waiting for pending navigations. Status: ok
[1783513362.717][INFO]: Waiting for pending navigations...
[1783513362.718][INFO]: Done waiting for pending navigations. Status: ok
[1783513362.718][INFO]: [8efdbb22e63138c8342c133790a7028c] RESPONSE FindChildElement {
   "element-6066-11e4-a52e-4f735466cecf": "f.49D49945748C2EC068872BC92F3619EA.d.1A48DFC1BF6593AF810CE3800683AB60.e.1552"
}
[1783513362.720][INFO]: [8efdbb22e63138c8342c133790a7028c] COMMAND GetElementText {
   "id": "f.49D49945748C2EC068872BC92F3619EA.d.1A48DFC1BF6593AF810CE3800683AB60.e.1552"
}
[1783513362.720][INFO]: Waiting for pending navigations...
[1783513362.723][INFO]: Done waiting for pending navigations. Status: ok
[1783513362.733][INFO]: Waiting for pending navigations...
[1783513362.734][INFO]: Done waiting for pending navigations. Status: ok
[1783513362.734][INFO]: [8efdbb22e63138c8342c133790a7028c] RESPONSE GetElementText "3% off"
[1783513362.736][INFO]: [8efdbb22e63138c8342c133790a7028c] COMMAND FindChildElement {
   "id": "f.49D49945748C2EC068872BC92F3619EA.d.1A48DFC1BF6593AF810CE3800683AB60.e.1542",
   "using": "xpath",
   "value": "//div[@class='RG5Slk']"
}
[1783513362.737][INFO]: Waiting for pending navigations...
[1783513362.739][INFO]: Done waiting for pending navigations. Status: ok
[1783513362.749][INFO]: Waiting for pending navigations...
[1783513362.750][INFO]: Done waiting for pending navigations. Status: ok
[1783513362.750][INFO]: [8efdbb22e63138c8342c133790a7028c] RESPONSE FindChildElement {
   "element-6066-11e4-a52e-4f735466cecf": "f.49D49945748C2EC068872BC92F3619EA.d.1A48DFC1BF6593AF810CE3800683AB60.e.1551"
}
[1783513362.752][INFO]: [8efdbb22e63138c8342c133790a7028c] COMMAND GetElementText {
   "id": "f.49D49945748C2EC068872BC92F3619EA.d.1A48DFC1BF6593AF810CE3800683AB60.e.1551"
}
[1783513362.752][INFO]: Waiting for pending navigations...
[1783513362.752][INFO]: Done waiting for pending navigations. Status: ok
[1783513362.765][INFO]: Waiting for pending navigations...
[1783513362.766][INFO]: Done waiting for pending navigations. Status: ok
[1783513362.766][INFO]: [8efdbb22e63138c8342c133790a7028c] RESPONSE GetElementText "Apple iPhone 15 (Black, 128 GB)"
[1783513362.768][INFO]: [8efdbb22e63138c8342c133790a7028c] COMMAND FindChildElement {
   "id": "f.49D49945748C2EC068872BC92F3619EA.d.1A48DFC1BF6593AF810CE3800683AB60.e.1542",
   "using": "xpath",
   "value": "//div[@class='HQe8jr']"
}
[1783513362.768][INFO]: Waiting for pending navigations...
[1783513362.769][INFO]: Done waiting for pending navigations. Status: ok
[1783513362.781][INFO]: Waiting for pending navigations...
[1783513362.782][INFO]: Done waiting for pending navigations. Status: ok
[1783513362.783][INFO]: [8efdbb22e63138c8342c133790a7028c] RESPONSE FindChildElement {
   "element-6066-11e4-a52e-4f735466cecf": "f.49D49945748C2EC068872BC92F3619EA.d.1A48DFC1BF6593AF810CE3800683AB60.e.1552"
}
[1783513362.784][INFO]: [8efdbb22e63138c8342c133790a7028c] COMMAND GetElementText {
   "id": "f.49D49945748C2EC068872BC92F3619EA.d.1A48DFC1BF6593AF810CE3800683AB60.e.1552"
}
[1783513362.784][INFO]: Waiting for pending navigations...
[1783513362.785][INFO]: Done waiting for pending navigations. Status: ok
[1783513362.798][INFO]: Waiting for pending navigations...
[1783513362.799][INFO]: Done waiting for pending navigations. Status: ok
[1783513362.799][INFO]: [8efdbb22e63138c8342c133790a7028c] RESPONSE GetElementText "3% off"
[1783513362.800][INFO]: [8efdbb22e63138c8342c133790a7028c] COMMAND FindChildElement {
   "id": "f.49D49945748C2EC068872BC92F3619EA.d.1A48DFC1BF6593AF810CE3800683AB60.e.1543",
   "using": "xpath",
   "value": "//div[@class='RG5Slk']"
}
[1783513362.801][INFO]: Waiting for pending navigations...
[1783513362.802][INFO]: Done waiting for pending navigations. Status: ok
[1783513362.814][INFO]: Waiting for pending navigations...
[1783513362.814][INFO]: Done waiting for pending navigations. Status: ok
[1783513362.814][INFO]: [8efdbb22e63138c8342c133790a7028c] RESPONSE FindChildElement {
   "element-6066-11e4-a52e-4f735466cecf": "f.49D49945748C2EC068872BC92F3619EA.d.1A48DFC1BF6593AF810CE3800683AB60.e.1551"
}
[1783513362.816][INFO]: [8efdbb22e63138c8342c133790a7028c] COMMAND GetElementText {
   "id": "f.49D49945748C2EC068872BC92F3619EA.d.1A48DFC1BF6593AF810CE3800683AB60.e.1551"
}
[1783513362.816][INFO]: Waiting for pending navigations...
[1783513362.816][INFO]: Done waiting for pending navigations. Status: ok
[1783513362.825][INFO]: Waiting for pending navigations...
[1783513362.825][INFO]: Done waiting for pending navigations. Status: ok
[1783513362.825][INFO]: [8efdbb22e63138c8342c133790a7028c] RESPONSE GetElementText "Apple iPhone 15 (Black, 128 GB)"
[1783513362.828][INFO]: [8efdbb22e63138c8342c133790a7028c] COMMAND FindChildElement {
   "id": "f.49D49945748C2EC068872BC92F3619EA.d.1A48DFC1BF6593AF810CE3800683AB60.e.1543",
   "using": "xpath",
   "value": "//div[@class='HQe8jr']"
}
[1783513362.828][INFO]: Waiting for pending navigations...
[1783513362.829][INFO]: Done waiting for pending navigations. Status: ok
[1783513362.839][INFO]: Waiting for pending navigations...
[1783513362.841][INFO]: Done waiting for pending navigations. Status: ok
[1783513362.841][INFO]: [8efdbb22e63138c8342c133790a7028c] RESPONSE FindChildElement {
   "element-6066-11e4-a52e-4f735466cecf": "f.49D49945748C2EC068872BC92F3619EA.d.1A48DFC1BF6593AF810CE3800683AB60.e.1552"
}
[1783513362.843][INFO]: [8efdbb22e63138c8342c133790a7028c] COMMAND GetElementText {
   "id": "f.49D49945748C2EC068872BC92F3619EA.d.1A48DFC1BF6593AF810CE3800683AB60.e.1552"
}
[1783513362.843][INFO]: Waiting for pending navigations...
[1783513362.844][INFO]: Done waiting for pending navigations. Status: ok
[1783513362.853][INFO]: Waiting for pending navigations...
[1783513362.856][INFO]: Done waiting for pending navigations. Status: ok
[1783513362.856][INFO]: [8efdbb22e63138c8342c133790a7028c] RESPONSE GetElementText "3% off"
[1783513362.858][INFO]: [8efdbb22e63138c8342c133790a7028c] COMMAND FindChildElement {
   "id": "f.49D49945748C2EC068872BC92F3619EA.d.1A48DFC1BF6593AF810CE3800683AB60.e.1544",
   "using": "xpath",
   "value": "//div[@class='RG5Slk']"
}
[1783513362.858][INFO]: Waiting for pending navigations...
[1783513362.860][INFO]: Done waiting for pending navigations. Status: ok
[1783513362.870][INFO]: Waiting for pending navigations...
[1783513362.873][INFO]: Done waiting for pending navigations. Status: ok
[1783513362.873][INFO]: [8efdbb22e63138c8342c133790a7028c] RESPONSE FindChildElement {
   "element-6066-11e4-a52e-4f735466cecf": "f.49D49945748C2EC068872BC92F3619EA.d.1A48DFC1BF6593AF810CE3800683AB60.e.1551"
}
[1783513362.875][INFO]: [8efdbb22e63138c8342c133790a7028c] COMMAND GetElementText {
   "id": "f.49D49945748C2EC068872BC92F3619EA.d.1A48DFC1BF6593AF810CE3800683AB60.e.1551"
}
[1783513362.875][INFO]: Waiting for pending navigations...
[1783513362.876][INFO]: Done waiting for pending navigations. Status: ok
[1783513362.886][INFO]: Waiting for pending navigations...
[1783513362.889][INFO]: Done waiting for pending navigations. Status: ok
[1783513362.889][INFO]: [8efdbb22e63138c8342c133790a7028c] RESPONSE GetElementText "Apple iPhone 15 (Black, 128 GB)"
[1783513362.892][INFO]: [8efdbb22e63138c8342c133790a7028c] COMMAND FindChildElement {
   "id": "f.49D49945748C2EC068872BC92F3619EA.d.1A48DFC1BF6593AF810CE3800683AB60.e.1544",
   "using": "xpath",
   "value": "//div[@class='HQe8jr']"
}
[1783513362.892][INFO]: Waiting for pending navigations...
[1783513362.892][INFO]: Done waiting for pending navigations. Status: ok
[1783513362.901][INFO]: Waiting for pending navigations...
[1783513362.902][INFO]: Done waiting for pending navigations. Status: ok
[1783513362.902][INFO]: [8efdbb22e63138c8342c133790a7028c] RESPONSE FindChildElement {
   "element-6066-11e4-a52e-4f735466cecf": "f.49D49945748C2EC068872BC92F3619EA.d.1A48DFC1BF6593AF810CE3800683AB60.e.1552"
}
[1783513362.905][INFO]: [8efdbb22e63138c8342c133790a7028c] COMMAND GetElementText {
   "id": "f.49D49945748C2EC068872BC92F3619EA.d.1A48DFC1BF6593AF810CE3800683AB60.e.1552"
}
[1783513362.905][INFO]: Waiting for pending navigations...
[1783513362.906][INFO]: Done waiting for pending navigations. Status: ok
[1783513362.917][INFO]: Waiting for pending navigations...
[1783513362.918][INFO]: Done waiting for pending navigations. Status: ok
[1783513362.918][INFO]: [8efdbb22e63138c8342c133790a7028c] RESPONSE GetElementText "3% off"
[1783513362.920][INFO]: [8efdbb22e63138c8342c133790a7028c] COMMAND FindChildElement {
   "id": "f.49D49945748C2EC068872BC92F3619EA.d.1A48DFC1BF6593AF810CE3800683AB60.e.1545",
   "using": "xpath",
   "value": "//div[@class='RG5Slk']"
}
[1783513362.920][INFO]: Waiting for pending navigations...
[1783513362.923][INFO]: Done waiting for pending navigations. Status: ok
[1783513362.933][INFO]: Waiting for pending navigations...
[1783513362.934][INFO]: Done waiting for pending navigations. Status: ok
[1783513362.934][INFO]: [8efdbb22e63138c8342c133790a7028c] RESPONSE FindChildElement {
   "element-6066-11e4-a52e-4f735466cecf": "f.49D49945748C2EC068872BC92F3619EA.d.1A48DFC1BF6593AF810CE3800683AB60.e.1551"
}
[1783513362.936][INFO]: [8efdbb22e63138c8342c133790a7028c] COMMAND GetElementText {
   "id": "f.49D49945748C2EC068872BC92F3619EA.d.1A48DFC1BF6593AF810CE3800683AB60.e.1551"
}
[1783513362.936][INFO]: Waiting for pending navigations...
[1783513362.939][INFO]: Done waiting for pending navigations. Status: ok
[1783513362.950][INFO]: Waiting for pending navigations...
[1783513362.951][INFO]: Done waiting for pending navigations. Status: ok
[1783513362.951][INFO]: [8efdbb22e63138c8342c133790a7028c] RESPONSE GetElementText "Apple iPhone 15 (Black, 128 GB)"
[1783513362.954][INFO]: [8efdbb22e63138c8342c133790a7028c] COMMAND FindChildElement {
   "id": "f.49D49945748C2EC068872BC92F3619EA.d.1A48DFC1BF6593AF810CE3800683AB60.e.1545",
   "using": "xpath",
   "value": "//div[@class='HQe8jr']"
}
[1783513362.954][INFO]: Waiting for pending navigations...
[1783513362.956][INFO]: Done waiting for pending navigations. Status: ok
[1783513362.966][INFO]: Waiting for pending navigations...
[1783513362.967][INFO]: Done waiting for pending navigations. Status: ok
[1783513362.967][INFO]: [8efdbb22e63138c8342c133790a7028c] RESPONSE FindChildElement {
   "element-6066-11e4-a52e-4f735466cecf": "f.49D49945748C2EC068872BC92F3619EA.d.1A48DFC1BF6593AF810CE3800683AB60.e.1552"
}
[1783513362.968][INFO]: [8efdbb22e63138c8342c133790a7028c] COMMAND GetElementText {
   "id": "f.49D49945748C2EC068872BC92F3619EA.d.1A48DFC1BF6593AF810CE3800683AB60.e.1552"
}
[1783513362.968][INFO]: Waiting for pending navigations...
[1783513362.969][INFO]: Done waiting for pending navigations. Status: ok
[1783513362.982][INFO]: Waiting for pending navigations...
[1783513362.983][INFO]: Done waiting for pending navigations. Status: ok
[1783513362.983][INFO]: [8efdbb22e63138c8342c133790a7028c] RESPONSE GetElementText "3% off"
[1783513362.985][INFO]: [8efdbb22e63138c8342c133790a7028c] COMMAND FindChildElement {
   "id": "f.49D49945748C2EC068872BC92F3619EA.d.1A48DFC1BF6593AF810CE3800683AB60.e.1546",
   "using": "xpath",
   "value": "//div[@class='RG5Slk']"
}
[1783513362.985][INFO]: Waiting for pending navigations...
[1783513362.986][INFO]: Done waiting for pending navigations. Status: ok
[1783513362.999][INFO]: Waiting for pending navigations...
[1783513363.000][INFO]: Done waiting for pending navigations. Status: ok
[1783513363.000][INFO]: [8efdbb22e63138c8342c133790a7028c] RESPONSE FindChildElement {
   "element-6066-11e4-a52e-4f735466cecf": "f.49D49945748C2EC068872BC92F3619EA.d.1A48DFC1BF6593AF810CE3800683AB60.e.1551"
}
[1783513363.001][INFO]: [8efdbb22e63138c8342c133790a7028c] COMMAND GetElementText {
   "id": "f.49D49945748C2EC068872BC92F3619EA.d.1A48DFC1BF6593AF810CE3800683AB60.e.1551"
}
[1783513363.001][INFO]: Waiting for pending navigations...
[1783513363.002][INFO]: Done waiting for pending navigations. Status: ok
[1783513363.014][INFO]: Waiting for pending navigations...
[1783513363.015][INFO]: Done waiting for pending navigations. Status: ok
[1783513363.015][INFO]: [8efdbb22e63138c8342c133790a7028c] RESPONSE GetElementText "Apple iPhone 15 (Black, 128 GB)"
[1783513363.016][INFO]: [8efdbb22e63138c8342c133790a7028c] COMMAND FindChildElement {
   "id": "f.49D49945748C2EC068872BC92F3619EA.d.1A48DFC1BF6593AF810CE3800683AB60.e.1546",
   "using": "xpath",
   "value": "//div[@class='HQe8jr']"
}
[1783513363.016][INFO]: Waiting for pending navigations...
[1783513363.017][INFO]: Done waiting for pending navigations. Status: ok
[1783513363.030][INFO]: Waiting for pending navigations...
[1783513363.030][INFO]: Done waiting for pending navigations. Status: ok
[1783513363.030][INFO]: [8efdbb22e63138c8342c133790a7028c] RESPONSE FindChildElement {
   "element-6066-11e4-a52e-4f735466cecf": "f.49D49945748C2EC068872BC92F3619EA.d.1A48DFC1BF6593AF810CE3800683AB60.e.1552"
}
[1783513363.032][INFO]: [8efdbb22e63138c8342c133790a7028c] COMMAND GetElementText {
   "id": "f.49D49945748C2EC068872BC92F3619EA.d.1A48DFC1BF6593AF810CE3800683AB60.e.1552"
}
[1783513363.032][INFO]: Waiting for pending navigations...
[1783513363.032][INFO]: Done waiting for pending navigations. Status: ok
[1783513363.043][INFO]: Waiting for pending navigations...
[1783513363.044][INFO]: Done waiting for pending navigations. Status: ok
[1783513363.044][INFO]: [8efdbb22e63138c8342c133790a7028c] RESPONSE GetElementText "3% off"
[1783513363.046][INFO]: [8efdbb22e63138c8342c133790a7028c] COMMAND FindChildElement {
   "id": "f.49D49945748C2EC068872BC92F3619EA.d.1A48DFC1BF6593AF810CE3800683AB60.e.1547",
   "using": "xpath",
   "value": "//div[@class='RG5Slk']"
}
[1783513363.046][INFO]: Waiting for pending navigations...
[1783513363.047][INFO]: Done waiting for pending navigations. Status: ok
[1783513363.058][INFO]: Waiting for pending navigations...
[1783513363.060][INFO]: Done waiting for pending navigations. Status: ok
[1783513363.060][INFO]: [8efdbb22e63138c8342c133790a7028c] RESPONSE FindChildElement {
   "element-6066-11e4-a52e-4f735466cecf": "f.49D49945748C2EC068872BC92F3619EA.d.1A48DFC1BF6593AF810CE3800683AB60.e.1551"
}
[1783513363.062][INFO]: [8efdbb22e63138c8342c133790a7028c] COMMAND GetElementText {
   "id": "f.49D49945748C2EC068872BC92F3619EA.d.1A48DFC1BF6593AF810CE3800683AB60.e.1551"
}
[1783513363.062][INFO]: Waiting for pending navigations...
[1783513363.063][INFO]: Done waiting for pending navigations. Status: ok
[1783513363.072][INFO]: Waiting for pending navigations...
[1783513363.075][INFO]: Done waiting for pending navigations. Status: ok
[1783513363.075][INFO]: [8efdbb22e63138c8342c133790a7028c] RESPONSE GetElementText "Apple iPhone 15 (Black, 128 GB)"
[1783513363.077][INFO]: [8efdbb22e63138c8342c133790a7028c] COMMAND FindChildElement {
   "id": "f.49D49945748C2EC068872BC92F3619EA.d.1A48DFC1BF6593AF810CE3800683AB60.e.1547",
   "using": "xpath",
   "value": "//div[@class='HQe8jr']"
}
[1783513363.077][INFO]: Waiting for pending navigations...
[1783513363.078][INFO]: Done waiting for pending navigations. Status: ok
[1783513363.089][INFO]: Waiting for pending navigations...
[1783513363.091][INFO]: Done waiting for pending navigations. Status: ok
[1783513363.091][INFO]: [8efdbb22e63138c8342c133790a7028c] RESPONSE FindChildElement {
   "element-6066-11e4-a52e-4f735466cecf": "f.49D49945748C2EC068872BC92F3619EA.d.1A48DFC1BF6593AF810CE3800683AB60.e.1552"
}
[1783513363.093][INFO]: [8efdbb22e63138c8342c133790a7028c] COMMAND GetElementText {
   "id": "f.49D49945748C2EC068872BC92F3619EA.d.1A48DFC1BF6593AF810CE3800683AB60.e.1552"
}
[1783513363.093][INFO]: Waiting for pending navigations...
[1783513363.094][INFO]: Done waiting for pending navigations. Status: ok
[1783513363.103][INFO]: Waiting for pending navigations...
[1783513363.105][INFO]: Done waiting for pending navigations. Status: ok
[1783513363.105][INFO]: [8efdbb22e63138c8342c133790a7028c] RESPONSE GetElementText "3% off"
[1783513363.107][INFO]: [8efdbb22e63138c8342c133790a7028c] COMMAND FindChildElement {
   "id": "f.49D49945748C2EC068872BC92F3619EA.d.1A48DFC1BF6593AF810CE3800683AB60.e.1548",
   "using": "xpath",
   "value": "//div[@class='RG5Slk']"
}
[1783513363.107][INFO]: Waiting for pending navigations...
[1783513363.108][INFO]: Done waiting for pending navigations. Status: ok
[1783513363.117][INFO]: Waiting for pending navigations...
[1783513363.118][INFO]: Done waiting for pending navigations. Status: ok
[1783513363.118][INFO]: [8efdbb22e63138c8342c133790a7028c] RESPONSE FindChildElement {
   "element-6066-11e4-a52e-4f735466cecf": "f.49D49945748C2EC068872BC92F3619EA.d.1A48DFC1BF6593AF810CE3800683AB60.e.1551"
}
[1783513363.120][INFO]: [8efdbb22e63138c8342c133790a7028c] COMMAND GetElementText {
   "id": "f.49D49945748C2EC068872BC92F3619EA.d.1A48DFC1BF6593AF810CE3800683AB60.e.1551"
}
[1783513363.120][INFO]: Waiting for pending navigations...
[1783513363.122][INFO]: Done waiting for pending navigations. Status: ok
[1783513363.131][INFO]: Waiting for pending navigations...
[1783513363.132][INFO]: Done waiting for pending navigations. Status: ok
[1783513363.132][INFO]: [8efdbb22e63138c8342c133790a7028c] RESPONSE GetElementText "Apple iPhone 15 (Black, 128 GB)"
[1783513363.134][INFO]: [8efdbb22e63138c8342c133790a7028c] COMMAND FindChildElement {
   "id": "f.49D49945748C2EC068872BC92F3619EA.d.1A48DFC1BF6593AF810CE3800683AB60.e.1548",
   "using": "xpath",
   "value": "//div[@class='HQe8jr']"
}
[1783513363.134][INFO]: Waiting for pending navigations...
[1783513363.134][INFO]: Done waiting for pending navigations. Status: ok
[1783513363.147][INFO]: Waiting for pending navigations...
[1783513363.148][INFO]: Done waiting for pending navigations. Status: ok
[1783513363.148][INFO]: [8efdbb22e63138c8342c133790a7028c] RESPONSE FindChildElement {
   "element-6066-11e4-a52e-4f735466cecf": "f.49D49945748C2EC068872BC92F3619EA.d.1A48DFC1BF6593AF810CE3800683AB60.e.1552"
}
[1783513363.150][INFO]: [8efdbb22e63138c8342c133790a7028c] COMMAND GetElementText {
   "id": "f.49D49945748C2EC068872BC92F3619EA.d.1A48DFC1BF6593AF810CE3800683AB60.e.1552"
}
[1783513363.150][INFO]: Waiting for pending navigations...
[1783513363.150][INFO]: Done waiting for pending navigations. Status: ok
[1783513363.161][INFO]: Waiting for pending navigations...
[1783513363.162][INFO]: Done waiting for pending navigations. Status: ok
[1783513363.162][INFO]: [8efdbb22e63138c8342c133790a7028c] RESPONSE GetElementText "3% off"
[1783513363.164][INFO]: [8efdbb22e63138c8342c133790a7028c] COMMAND FindChildElement {
   "id": "f.49D49945748C2EC068872BC92F3619EA.d.1A48DFC1BF6593AF810CE3800683AB60.e.1549",
   "using": "xpath",
   "value": "//div[@class='RG5Slk']"
}
[1783513363.164][INFO]: Waiting for pending navigations...
[1783513363.165][INFO]: Done waiting for pending navigations. Status: ok
[1783513363.177][INFO]: Waiting for pending navigations...
[1783513363.178][INFO]: Done waiting for pending navigations. Status: ok
[1783513363.178][INFO]: [8efdbb22e63138c8342c133790a7028c] RESPONSE FindChildElement {
   "element-6066-11e4-a52e-4f735466cecf": "f.49D49945748C2EC068872BC92F3619EA.d.1A48DFC1BF6593AF810CE3800683AB60.e.1551"
}
[1783513363.179][INFO]: [8efdbb22e63138c8342c133790a7028c] COMMAND GetElementText {
   "id": "f.49D49945748C2EC068872BC92F3619EA.d.1A48DFC1BF6593AF810CE3800683AB60.e.1551"
}
[1783513363.179][INFO]: Waiting for pending navigations...
[1783513363.180][INFO]: Done waiting for pending navigations. Status: ok
[1783513363.190][INFO]: Waiting for pending navigations...
[1783513363.192][INFO]: Done waiting for pending navigations. Status: ok
[1783513363.192][INFO]: [8efdbb22e63138c8342c133790a7028c] RESPONSE GetElementText "Apple iPhone 15 (Black, 128 GB)"
[1783513363.194][INFO]: [8efdbb22e63138c8342c133790a7028c] COMMAND FindChildElement {
   "id": "f.49D49945748C2EC068872BC92F3619EA.d.1A48DFC1BF6593AF810CE3800683AB60.e.1549",
   "using": "xpath",
   "value": "//div[@class='HQe8jr']"
}
[1783513363.194][INFO]: Waiting for pending navigations...
[1783513363.195][INFO]: Done waiting for pending navigations. Status: ok
[1783513363.206][INFO]: Waiting for pending navigations...
[1783513363.208][INFO]: Done waiting for pending navigations. Status: ok
[1783513363.208][INFO]: [8efdbb22e63138c8342c133790a7028c] RESPONSE FindChildElement {
   "element-6066-11e4-a52e-4f735466cecf": "f.49D49945748C2EC068872BC92F3619EA.d.1A48DFC1BF6593AF810CE3800683AB60.e.1552"
}
[1783513363.210][INFO]: [8efdbb22e63138c8342c133790a7028c] COMMAND GetElementText {
   "id": "f.49D49945748C2EC068872BC92F3619EA.d.1A48DFC1BF6593AF810CE3800683AB60.e.1552"
}
[1783513363.210][INFO]: Waiting for pending navigations...
[1783513363.211][INFO]: Done waiting for pending navigations. Status: ok
[1783513363.219][INFO]: Waiting for pending navigations...
[1783513363.222][INFO]: Done waiting for pending navigations. Status: ok
[1783513363.222][INFO]: [8efdbb22e63138c8342c133790a7028c] RESPONSE GetElementText "3% off"
[1783513363.224][INFO]: [8efdbb22e63138c8342c133790a7028c] COMMAND FindChildElement {
   "id": "f.49D49945748C2EC068872BC92F3619EA.d.1A48DFC1BF6593AF810CE3800683AB60.e.1550",
   "using": "xpath",
   "value": "//div[@class='RG5Slk']"
}
[1783513363.225][INFO]: Waiting for pending navigations...
[1783513363.225][INFO]: Done waiting for pending navigations. Status: ok
[1783513363.233][INFO]: Waiting for pending navigations...
[1783513363.233][INFO]: Done waiting for pending navigations. Status: ok
[1783513363.233][INFO]: [8efdbb22e63138c8342c133790a7028c] RESPONSE FindChildElement {
   "element-6066-11e4-a52e-4f735466cecf": "f.49D49945748C2EC068872BC92F3619EA.d.1A48DFC1BF6593AF810CE3800683AB60.e.1551"
}
[1783513363.235][INFO]: [8efdbb22e63138c8342c133790a7028c] COMMAND GetElementText {
   "id": "f.49D49945748C2EC068872BC92F3619EA.d.1A48DFC1BF6593AF810CE3800683AB60.e.1551"
}
[1783513363.235][INFO]: Waiting for pending navigations...
[1783513363.236][INFO]: Done waiting for pending navigations. Status: ok
[1783513363.246][INFO]: Waiting for pending navigations...
[1783513363.247][INFO]: Done waiting for pending navigations. Status: ok
[1783513363.247][INFO]: [8efdbb22e63138c8342c133790a7028c] RESPONSE GetElementText "Apple iPhone 15 (Black, 128 GB)"
[1783513363.248][INFO]: [8efdbb22e63138c8342c133790a7028c] COMMAND FindChildElement {
   "id": "f.49D49945748C2EC068872BC92F3619EA.d.1A48DFC1BF6593AF810CE3800683AB60.e.1550",
   "using": "xpath",
   "value": "//div[@class='HQe8jr']"
}
[1783513363.248][INFO]: Waiting for pending navigations...
[1783513363.249][INFO]: Done waiting for pending navigations. Status: ok
[1783513363.260][INFO]: Waiting for pending navigations...
[1783513363.260][INFO]: Done waiting for pending navigations. Status: ok
[1783513363.261][INFO]: [8efdbb22e63138c8342c133790a7028c] RESPONSE FindChildElement {
   "element-6066-11e4-a52e-4f735466cecf": "f.49D49945748C2EC068872BC92F3619EA.d.1A48DFC1BF6593AF810CE3800683AB60.e.1552"
}
[1783513363.262][INFO]: [8efdbb22e63138c8342c133790a7028c] COMMAND GetElementText {
   "id": "f.49D49945748C2EC068872BC92F3619EA.d.1A48DFC1BF6593AF810CE3800683AB60.e.1552"
}
[1783513363.262][INFO]: Waiting for pending navigations...
[1783513363.263][INFO]: Done waiting for pending navigations. Status: ok
[1783513363.272][INFO]: Waiting for pending navigations...
[1783513363.274][INFO]: Done waiting for pending navigations. Status: ok
[1783513363.274][INFO]: [8efdbb22e63138c8342c133790a7028c] RESPONSE GetElementText "3% off"
[1783513363.276][INFO]: [8efdbb22e63138c8342c133790a7028c] COMMAND SetTimeouts {
   "implicit": 0
}
[1783513363.276][INFO]: [8efdbb22e63138c8342c133790a7028c] RESPONSE SetTimeouts
[1783513363.279][INFO]: [8efdbb22e63138c8342c133790a7028c] COMMAND Navigate {
   "url": "https://www.flipkart.com/"
}
[1783513363.279][INFO]: Waiting for pending navigations...
[1783513363.280][INFO]: Done waiting for pending navigations. Status: ok
[1783513363.403][INFO]: Waiting for pending navigations...
[1783513365.895][INFO]: Done waiting for pending navigations. Status: ok
[1783513365.895][INFO]: [8efdbb22e63138c8342c133790a7028c] RESPONSE Navigate
[1783513370.914][INFO]: [8efdbb22e63138c8342c133790a7028c] COMMAND FindElement {
   "using": "xpath",
   "value": "//form[@class='lilxh_ header-form-search']//input[@title='Search for Products, Brands and More']"
}
[1783513370.915][INFO]: Waiting for pending navigations...
[1783513370.916][INFO]: Done waiting for pending navigations. Status: ok
[1783513370.925][INFO]: Waiting for pending navigations...
[1783513370.926][INFO]: Done waiting for pending navigations. Status: ok
[1783513370.926][INFO]: [8efdbb22e63138c8342c133790a7028c] RESPONSE FindElement {
   "element-6066-11e4-a52e-4f735466cecf": "f.49D49945748C2EC068872BC92F3619EA.d.7798A6A7F5B85227EE209E77791A7D5C.e.1639"
}
[1783513370.929][INFO]: [8efdbb22e63138c8342c133790a7028c] COMMAND TypeElement {
   "id": "f.49D49945748C2EC068872BC92F3619EA.d.7798A6A7F5B85227EE209E77791A7D5C.e.1639",
   "text": "Coffee Mug",
   "value": [ "C", "o", "f", "f", "e", "e", " ", "M", "u", "g" ]
}
[1783513370.929][INFO]: Waiting for pending navigations...
[1783513370.930][INFO]: Done waiting for pending navigations. Status: ok
[1783513371.038][INFO]: Waiting for pending navigations...
[1783513371.051][INFO]: Done waiting for pending navigations. Status: ok
[1783513371.052][INFO]: [8efdbb22e63138c8342c133790a7028c] RESPONSE TypeElement
[1783513371.055][INFO]: [8efdbb22e63138c8342c133790a7028c] COMMAND TypeElement {
   "id": "f.49D49945748C2EC068872BC92F3619EA.d.7798A6A7F5B85227EE209E77791A7D5C.e.1639",
   "text": "",
   "value": [ "" ]
}
[1783513371.055][INFO]: Waiting for pending navigations...
[1783513371.058][INFO]: Done waiting for pending navigations. Status: ok
[1783513371.122][INFO]: Waiting for pending navigations...
[1783513373.125][INFO]: Done waiting for pending navigations. Status: ok
[1783513373.125][INFO]: [8efdbb22e63138c8342c133790a7028c] RESPONSE TypeElement
[1783513373.127][INFO]: [8efdbb22e63138c8342c133790a7028c] COMMAND FindElement {
   "using": "xpath",
   "value": "//div[starts-with(@title,'4')]"
}
[1783513373.127][INFO]: Waiting for pending navigations...
[1783513373.133][INFO]: Done waiting for pending navigations. Status: ok
[1783513373.161][INFO]: Waiting for pending navigations...
[1783513373.170][INFO]: Done waiting for pending navigations. Status: ok
[1783513373.170][INFO]: [8efdbb22e63138c8342c133790a7028c] RESPONSE FindElement {
   "element-6066-11e4-a52e-4f735466cecf": "f.49D49945748C2EC068872BC92F3619EA.d.1FA0012362CDD3C62DB479648FDB025A.e.2219"
}
[1783513373.173][INFO]: [8efdbb22e63138c8342c133790a7028c] COMMAND ClickElement {
   "id": "f.49D49945748C2EC068872BC92F3619EA.d.1FA0012362CDD3C62DB479648FDB025A.e.2219"
}
[1783513373.173][INFO]: Waiting for pending navigations...
[1783513373.175][INFO]: Done waiting for pending navigations. Status: ok
[1783513373.411][INFO]: Waiting for pending navigations...
[1783513373.427][INFO]: Done waiting for pending navigations. Status: ok
[1783513373.427][INFO]: [8efdbb22e63138c8342c133790a7028c] RESPONSE ClickElement
[1783513378.445][INFO]: [8efdbb22e63138c8342c133790a7028c] COMMAND FindElements {
   "using": "xpath",
   "value": "//div[@class='RGLWAk']"
}
[1783513378.446][INFO]: Waiting for pending navigations...
[1783513378.447][INFO]: Done waiting for pending navigations. Status: ok
[1783513378.471][INFO]: Waiting for pending navigations...
[1783513378.475][INFO]: Done waiting for pending navigations. Status: ok
[1783513378.475][INFO]: [8efdbb22e63138c8342c133790a7028c] RESPONSE FindElements [ {
   "element-6066-11e4-a52e-4f735466cecf": "f.49D49945748C2EC068872BC92F3619EA.d.1FA0012362CDD3C62DB479648FDB025A.e.3079"
}, {
   "element-6066-11e4-a52e-4f735466cecf": "f.49D49945748C2EC068872BC92F3619EA.d.1FA0012362CDD3C62DB479648FDB025A.e.3080"
}, {
   "element-6066-11e4-a52e-4f735466cecf": "f.49D49945748C2EC068872BC92F3619EA.d.1FA0012362CDD3C62DB479648FDB025A.e.3081"
}, {
   "element-6066-11e4-a52e-4f735466cecf": "f.49D49945748C2EC068872BC92F3619EA.d.1FA0012362CDD3C62DB479648FDB025A.e.3082"
}, {
   "element-6066-11e4-a52e-4f735466cecf": "f.49D49945748C2EC068872BC92F3619EA.d.1FA0012362CDD3C62DB479648FDB025A.e.3083"
}, {
   "element-6066-11e4-a52e-4f735466cecf": "f.49D49945748C2EC068872BC92F3619EA.d.1FA0012362CDD3C62DB479648FDB025A.e.3084"
}, {
   "element-6066-11e4-a52e-4f735466cecf": "f.49D49945748C2EC068872BC92F3619EA.d.1FA0012362CDD3C62DB479648FDB025A.e.3085"
}, {
   "element-6066-11e4-a52e-4f735466cecf": "f.49D49945748C2EC068872BC92F3619EA.d.1FA0012362CDD3C62DB479648FDB025A.e.3086"
}, {
   "element-6066-11e4-a52e-4f735466cecf": "f.49D49945748C2EC068872BC92F3619EA.d.1FA0012362CDD3C62DB479648FDB025A.e.3087"
}, {
   "element-6066-11e4-a52e-4f735466cecf": "f.49D49945748C2EC068872BC92F3619EA.d.1FA0012362CDD3C62DB479648FDB025A.e.3088"
}, {
   "element-6066-11e4-a52e-4f735466cecf": "f.49D49945748C2EC068872BC92F3619EA.d.1FA0012362CDD3C62DB479648FDB025A.e.3089"
}, {
   "element-6066-11e4-a52e-4f735466cecf": "f.49D49945748C2EC068872BC92F3619EA.d.1FA0012362CDD3C62DB479648FDB025A.e.3090"
}, {
   "element-6066-11e4-a52e-4f735466cecf": "f.49D49945748C2EC068872BC92F3619EA.d.1FA0012362CDD3C62DB479648FDB025A.e.3091"
}, {
   "element-6066-11e4-a52e-4f735466cecf": "f.49D49945748C2EC068872BC92F3619EA.d.1FA0012362CDD3C62DB479648FDB025A.e.3092"
}, {
   "element-6066-11e4-a52e-4f735466cecf": "f.49D49945748C2EC068872BC92F3619EA.d.1FA0012362CDD3C62DB479648FDB025A.e.3093"
}, {
   "element-6066-11e4-a52e-4f735466cecf": "f.49D49945748C2EC068872BC92F3619EA.d.1FA0012362CDD3C62DB479648FDB025A.e.3094"
}, {
   "element-6066-11e4-a52e-4f735466cecf": "f.49D49945748C2EC068872BC92F3619EA.d.1FA0012362CDD3C62DB479648FDB025A.e.3095"
}, {
   "element-6066-11e4-a52e-4f735466cecf": "f.49D49945748C2EC068872BC92F3619EA.d.1FA0012362CDD3C62DB479648FDB025A.e.3096"
}, {
   "element-6066-11e4-a52e-4f735466cecf": "f.49D49945748C2EC068872BC92F3619EA.d.1FA0012362CDD3C62DB479648FDB025A.e.3097"
}, "..." ]
[1783513378.479][INFO]: [8efdbb22e63138c8342c133790a7028c] COMMAND SetTimeouts {
   "implicit": 20000
}
[1783513378.479][INFO]: [8efdbb22e63138c8342c133790a7028c] RESPONSE SetTimeouts
[1783513378.480][INFO]: [8efdbb22e63138c8342c133790a7028c] COMMAND FindChildElement {
   "id": "f.49D49945748C2EC068872BC92F3619EA.d.1FA0012362CDD3C62DB479648FDB025A.e.3079",
   "using": "xpath",
   "value": ".//div[@class='lWX0_T']//img"
}
[1783513378.480][INFO]: Waiting for pending navigations...
[1783513378.481][INFO]: Done waiting for pending navigations. Status: ok
[1783513378.492][INFO]: Waiting for pending navigations...
[1783513378.496][INFO]: Done waiting for pending navigations. Status: ok
[1783513378.496][INFO]: [8efdbb22e63138c8342c133790a7028c] RESPONSE FindChildElement {
   "element-6066-11e4-a52e-4f735466cecf": "f.49D49945748C2EC068872BC92F3619EA.d.1FA0012362CDD3C62DB479648FDB025A.e.2148"
}
[1783513378.509][INFO]: [8efdbb22e63138c8342c133790a7028c] COMMAND ExecuteScript {
   "args": [ {
      "element-6066-11e4-a52e-4f735466cecf": "f.49D49945748C2EC068872BC92F3619EA.d.1FA0012362CDD3C62DB479648FDB025A.e.2148"
   }, "alt" ],
   "script": "/* getAttribute */return ((function (element, attribute) {\n    const PROPERTY_ALIASES = {\n        'class': 'className',\n        'readonly': 'readOnly',\n    };\n    const BOOLEAN_PROPERTIES = new Set([\n        'allowfullscreen',\n        'allowpaymentrequest',\n        'allowusermedia',\n        'async',\n        'autofocus',\n        'autoplay',\n        'checked',\n        'compact',\n        'complete',\n        'controls',\n        'declare',\n        'default',\n        'defaultchecked',\n        'defaultselected',\n        'defer',\n        'disabled',\n        'ended',\n        'formnovalidate',\n        'hidden',\n        'indeterminate',\n        'iscontenteditable',\n        'ismap',\n        'itemscope',\n        'loop',\n        'multiple',\n        'muted',\n        'nohref',\n        'nomodule',\n        'noresize',\n        'noshade',\n        'novalidate',\n        'nowrap',\n        'open',\n        'paused',\n        'playsinline',\n        'pubdate',\n        'readonly',\n        'required',\n        'reversed',\n        'scoped',\n        'seamless',\n        'seeking',\n        'selected',\n        'truespeed',\n        'typemustmatch',\n        'willvalidate',\n    ]);\n    function getAttribute(element, attributeName) {\n        return element.getAttribute(attributeName.toLowerCase());\n    }\n    function getProperty(element, propertyName) {\n        return element[propertyName];\n    }\n    function isElement(node, tagName) {\n        const elem = node;\n        if (!elem || elem.nodeType !== 1) {\n            return false;\n        }\n        if (!tagName) {\n            return true;\n        }\n        const normalizedTag = tagName.toUpperCase();\n        if (node instanceof HTMLFormElement) {\n            return normalizedTag === 'FORM';\n        }\n        return typeof elem.tagName === 'string' && elem.tagName.toUpperCase() === normalizedTag;\n    }\n    function isSelectable(element) {\n        if (isElement(element, 'OPTION')) {\n            return true;\n        }\n        if (isElement(element, 'INPUT')) {\n            const type = element.type.toLowerCase();\n            return type === 'checkbox' || type === 'radio';\n        }\n        return false;\n    }\n    function isSelected(element) {\n        var _a;\n        if (isElement(element, 'OPTION')) {\n            return element.selected;\n        }\n        const type = (_a = element.type) === null || _a === void 0 ? void 0 : _a.toLowerCase();\n        if (type === 'checkbox' || type === 'radio') {\n            return element.checked;\n        }\n        return false;\n    }\n    function isObject(value) {\n        return value !== null && (typeof value === 'object' || typeof value === 'function');\n    }\n    const name = attribute.toLowerCase();\n    if (name === 'style') {\n        const style = element.style;\n        if (!style) {\n            return null;\n        }\n        return typeof style === 'string' ? style : style.cssText;\n    }\n    if ((name === 'selected' || name === 'checked') && isSelectable(element)) {\n        return isSelected(element) ? 'true' : null;\n    }\n    const isLink = isElement(element, 'A');\n    const isImg = isElement(element, 'IMG');\n    if ((isImg && name === 'src') || (isLink && name === 'href')) {\n        const attrValue = getAttribute(element, name);\n        if (attrValue) {\n            return String(getProperty(element, name));\n        }\n        return attrValue;\n    }\n    if (name === 'spellcheck') {\n        const attrValue = getAttribute(element, name);\n        if (attrValue !== null) {\n            const lower = attrValue.toLowerCase();\n            if (lower === 'false') {\n                return 'false';\n            }\n            if (lower === 'true') {\n                return 'true';\n            }\n        }\n        return String(getProperty(element, name));\n    }\n    const propName = PROPERTY_ALIASES[name] || attribute;\n    if (BOOLEAN_PROPERTIES.has(name)) {\n        const hasAttr = element.getAttribute(name) !== null;\n        const propValue = getProperty(element, propName);\n        return hasAttr || !!propValue ? 'true' : null;\n    }\n    if (name === 'value' && isElement(element, 'LI')) {\n        const attrValue = element.getAttribute(name);\n        return attrValue != null ? attrValue : null;\n    }\n    let property;\n    try {\n        property = getProperty(element, propName);\n    }\n    catch (_e) {\n    }\n    if (property == null || isObject(property)) {\n        const attrValue = element.getAttribute(name);\n        return attrValue != null ? attrValue : null;\n    }\n    return property != null ? String(property) : null;\n})).apply(null, arguments);"
}
[1783513378.509][INFO]: Waiting for pending navigations...
[1783513378.511][INFO]: Done waiting for pending navigations. Status: ok
[1783513378.519][INFO]: Waiting for pending navigations...
[1783513378.520][INFO]: Done waiting for pending navigations. Status: ok
[1783513378.520][INFO]: [8efdbb22e63138c8342c133790a7028c] RESPONSE ExecuteScript "Valenza Gifts Birthday Photo Print Cup with Metal Keychain Ceramic Coffee Mug"
[1783513378.521][INFO]: [8efdbb22e63138c8342c133790a7028c] COMMAND FindChildElement {
   "id": "f.49D49945748C2EC068872BC92F3619EA.d.1FA0012362CDD3C62DB479648FDB025A.e.3079",
   "using": "xpath",
   "value": ".//div[@class='lWX0_T']//img"
}
[1783513378.522][INFO]: Waiting for pending navigations...
[1783513378.523][INFO]: Done waiting for pending navigations. Status: ok
[1783513378.537][INFO]: Waiting for pending navigations...
[1783513378.538][INFO]: Done waiting for pending navigations. Status: ok
[1783513378.538][INFO]: [8efdbb22e63138c8342c133790a7028c] RESPONSE FindChildElement {
   "element-6066-11e4-a52e-4f735466cecf": "f.49D49945748C2EC068872BC92F3619EA.d.1FA0012362CDD3C62DB479648FDB025A.e.2148"
}
[1783513378.540][INFO]: [8efdbb22e63138c8342c133790a7028c] COMMAND ExecuteScript {
   "args": [ {
      "element-6066-11e4-a52e-4f735466cecf": "f.49D49945748C2EC068872BC92F3619EA.d.1FA0012362CDD3C62DB479648FDB025A.e.2148"
   }, "src" ],
   "script": "/* getAttribute */return ((function (element, attribute) {\n    const PROPERTY_ALIASES = {\n        'class': 'className',\n        'readonly': 'readOnly',\n    };\n    const BOOLEAN_PROPERTIES = new Set([\n        'allowfullscreen',\n        'allowpaymentrequest',\n        'allowusermedia',\n        'async',\n        'autofocus',\n        'autoplay',\n        'checked',\n        'compact',\n        'complete',\n        'controls',\n        'declare',\n        'default',\n        'defaultchecked',\n        'defaultselected',\n        'defer',\n        'disabled',\n        'ended',\n        'formnovalidate',\n        'hidden',\n        'indeterminate',\n        'iscontenteditable',\n        'ismap',\n        'itemscope',\n        'loop',\n        'multiple',\n        'muted',\n        'nohref',\n        'nomodule',\n        'noresize',\n        'noshade',\n        'novalidate',\n        'nowrap',\n        'open',\n        'paused',\n        'playsinline',\n        'pubdate',\n        'readonly',\n        'required',\n        'reversed',\n        'scoped',\n        'seamless',\n        'seeking',\n        'selected',\n        'truespeed',\n        'typemustmatch',\n        'willvalidate',\n    ]);\n    function getAttribute(element, attributeName) {\n        return element.getAttribute(attributeName.toLowerCase());\n    }\n    function getProperty(element, propertyName) {\n        return element[propertyName];\n    }\n    function isElement(node, tagName) {\n        const elem = node;\n        if (!elem || elem.nodeType !== 1) {\n            return false;\n        }\n        if (!tagName) {\n            return true;\n        }\n        const normalizedTag = tagName.toUpperCase();\n        if (node instanceof HTMLFormElement) {\n            return normalizedTag === 'FORM';\n        }\n        return typeof elem.tagName === 'string' && elem.tagName.toUpperCase() === normalizedTag;\n    }\n    function isSelectable(element) {\n        if (isElement(element, 'OPTION')) {\n            return true;\n        }\n        if (isElement(element, 'INPUT')) {\n            const type = element.type.toLowerCase();\n            return type === 'checkbox' || type === 'radio';\n        }\n        return false;\n    }\n    function isSelected(element) {\n        var _a;\n        if (isElement(element, 'OPTION')) {\n            return element.selected;\n        }\n        const type = (_a = element.type) === null || _a === void 0 ? void 0 : _a.toLowerCase();\n        if (type === 'checkbox' || type === 'radio') {\n            return element.checked;\n        }\n        return false;\n    }\n    function isObject(value) {\n        return value !== null && (typeof value === 'object' || typeof value === 'function');\n    }\n    const name = attribute.toLowerCase();\n    if (name === 'style') {\n        const style = element.style;\n        if (!style) {\n            return null;\n        }\n        return typeof style === 'string' ? style : style.cssText;\n    }\n    if ((name === 'selected' || name === 'checked') && isSelectable(element)) {\n        return isSelected(element) ? 'true' : null;\n    }\n    const isLink = isElement(element, 'A');\n    const isImg = isElement(element, 'IMG');\n    if ((isImg && name === 'src') || (isLink && name === 'href')) {\n        const attrValue = getAttribute(element, name);\n        if (attrValue) {\n            return String(getProperty(element, name));\n        }\n        return attrValue;\n    }\n    if (name === 'spellcheck') {\n        const attrValue = getAttribute(element, name);\n        if (attrValue !== null) {\n            const lower = attrValue.toLowerCase();\n            if (lower === 'false') {\n                return 'false';\n            }\n            if (lower === 'true') {\n                return 'true';\n            }\n        }\n        return String(getProperty(element, name));\n    }\n    const propName = PROPERTY_ALIASES[name] || attribute;\n    if (BOOLEAN_PROPERTIES.has(name)) {\n        const hasAttr = element.getAttribute(name) !== null;\n        const propValue = getProperty(element, propName);\n        return hasAttr || !!propValue ? 'true' : null;\n    }\n    if (name === 'value' && isElement(element, 'LI')) {\n        const attrValue = element.getAttribute(name);\n        return attrValue != null ? attrValue : null;\n    }\n    let property;\n    try {\n        property = getProperty(element, propName);\n    }\n    catch (_e) {\n    }\n    if (property == null || isObject(property)) {\n        const attrValue = element.getAttribute(name);\n        return attrValue != null ? attrValue : null;\n    }\n    return property != null ? String(property) : null;\n})).apply(null, arguments);"
}
[1783513378.540][INFO]: Waiting for pending navigations...
[1783513378.544][INFO]: Done waiting for pending navigations. Status: ok
[1783513378.551][INFO]: Waiting for pending navigations...
[1783513378.552][INFO]: Done waiting for pending navigations. Status: ok
[1783513378.552][INFO]: [8efdbb22e63138c8342c133790a7028c] RESPONSE ExecuteScript "https://rukminim2.flixcart.com/image/612/612/xif0q/mug/u/e/i/birthday-photo-print-cup-with-metal-keychain-350-2-valenza-gifts-original-imahgpsxckzq5mju.jpeg?q=70"
[1783513378.554][INFO]: [8efdbb22e63138c8342c133790a7028c] COMMAND FindChildElement {
   "id": "f.49D49945748C2EC068872BC92F3619EA.d.1FA0012362CDD3C62DB479648FDB025A.e.3079",
   "using": "xpath",
   "value": ".//span[@class='PvbNMB']"
}
[1783513378.554][INFO]: Waiting for pending navigations...
[1783513378.555][INFO]: Done waiting for pending navigations. Status: ok
[1783513378.578][INFO]: Waiting for pending navigations...
[1783513378.583][INFO]: Done waiting for pending navigations. Status: ok
[1783513378.583][INFO]: [8efdbb22e63138c8342c133790a7028c] RESPONSE FindChildElement {
   "element-6066-11e4-a52e-4f735466cecf": "f.49D49945748C2EC068872BC92F3619EA.d.1FA0012362CDD3C62DB479648FDB025A.e.3119"
}
[1783513378.585][INFO]: [8efdbb22e63138c8342c133790a7028c] COMMAND GetElementText {
   "id": "f.49D49945748C2EC068872BC92F3619EA.d.1FA0012362CDD3C62DB479648FDB025A.e.3119"
}
[1783513378.585][INFO]: Waiting for pending navigations...
[1783513378.586][INFO]: Done waiting for pending navigations. Status: ok
[1783513378.599][INFO]: Waiting for pending navigations...
[1783513378.600][INFO]: Done waiting for pending navigations. Status: ok
[1783513378.600][INFO]: [8efdbb22e63138c8342c133790a7028c] RESPONSE GetElementText "(244)"
[1783513378.603][INFO]: [8efdbb22e63138c8342c133790a7028c] COMMAND FindChildElement {
   "id": "f.49D49945748C2EC068872BC92F3619EA.d.1FA0012362CDD3C62DB479648FDB025A.e.3080",
   "using": "xpath",
   "value": ".//div[@class='lWX0_T']//img"
}
[1783513378.603][INFO]: Waiting for pending navigations...
[1783513378.604][INFO]: Done waiting for pending navigations. Status: ok
[1783513378.613][INFO]: Waiting for pending navigations...
[1783513378.614][INFO]: Done waiting for pending navigations. Status: ok
[1783513378.614][INFO]: [8efdbb22e63138c8342c133790a7028c] RESPONSE FindChildElement {
   "element-6066-11e4-a52e-4f735466cecf": "f.49D49945748C2EC068872BC92F3619EA.d.1FA0012362CDD3C62DB479648FDB025A.e.2240"
}
[1783513378.617][INFO]: [8efdbb22e63138c8342c133790a7028c] COMMAND ExecuteScript {
   "args": [ {
      "element-6066-11e4-a52e-4f735466cecf": "f.49D49945748C2EC068872BC92F3619EA.d.1FA0012362CDD3C62DB479648FDB025A.e.2240"
   }, "alt" ],
   "script": "/* getAttribute */return ((function (element, attribute) {\n    const PROPERTY_ALIASES = {\n        'class': 'className',\n        'readonly': 'readOnly',\n    };\n    const BOOLEAN_PROPERTIES = new Set([\n        'allowfullscreen',\n        'allowpaymentrequest',\n        'allowusermedia',\n        'async',\n        'autofocus',\n        'autoplay',\n        'checked',\n        'compact',\n        'complete',\n        'controls',\n        'declare',\n        'default',\n        'defaultchecked',\n        'defaultselected',\n        'defer',\n        'disabled',\n        'ended',\n        'formnovalidate',\n        'hidden',\n        'indeterminate',\n        'iscontenteditable',\n        'ismap',\n        'itemscope',\n        'loop',\n        'multiple',\n        'muted',\n        'nohref',\n        'nomodule',\n        'noresize',\n        'noshade',\n        'novalidate',\n        'nowrap',\n        'open',\n        'paused',\n        'playsinline',\n        'pubdate',\n        'readonly',\n        'required',\n        'reversed',\n        'scoped',\n        'seamless',\n        'seeking',\n        'selected',\n        'truespeed',\n        'typemustmatch',\n        'willvalidate',\n    ]);\n    function getAttribute(element, attributeName) {\n        return element.getAttribute(attributeName.toLowerCase());\n    }\n    function getProperty(element, propertyName) {\n        return element[propertyName];\n    }\n    function isElement(node, tagName) {\n        const elem = node;\n        if (!elem || elem.nodeType !== 1) {\n            return false;\n        }\n        if (!tagName) {\n            return true;\n        }\n        const normalizedTag = tagName.toUpperCase();\n        if (node instanceof HTMLFormElement) {\n            return normalizedTag === 'FORM';\n        }\n        return typeof elem.tagName === 'string' && elem.tagName.toUpperCase() === normalizedTag;\n    }\n    function isSelectable(element) {\n        if (isElement(element, 'OPTION')) {\n            return true;\n        }\n        if (isElement(element, 'INPUT')) {\n            const type = element.type.toLowerCase();\n            return type === 'checkbox' || type === 'radio';\n        }\n        return false;\n    }\n    function isSelected(element) {\n        var _a;\n        if (isElement(element, 'OPTION')) {\n            return element.selected;\n        }\n        const type = (_a = element.type) === null || _a === void 0 ? void 0 : _a.toLowerCase();\n        if (type === 'checkbox' || type === 'radio') {\n            return element.checked;\n        }\n        return false;\n    }\n    function isObject(value) {\n        return value !== null && (typeof value === 'object' || typeof value === 'function');\n    }\n    const name = attribute.toLowerCase();\n    if (name === 'style') {\n        const style = element.style;\n        if (!style) {\n            return null;\n        }\n        return typeof style === 'string' ? style : style.cssText;\n    }\n    if ((name === 'selected' || name === 'checked') && isSelectable(element)) {\n        return isSelected(element) ? 'true' : null;\n    }\n    const isLink = isElement(element, 'A');\n    const isImg = isElement(element, 'IMG');\n    if ((isImg && name === 'src') || (isLink && name === 'href')) {\n        const attrValue = getAttribute(element, name);\n        if (attrValue) {\n            return String(getProperty(element, name));\n        }\n        return attrValue;\n    }\n    if (name === 'spellcheck') {\n        const attrValue = getAttribute(element, name);\n        if (attrValue !== null) {\n            const lower = attrValue.toLowerCase();\n            if (lower === 'false') {\n                return 'false';\n            }\n            if (lower === 'true') {\n                return 'true';\n            }\n        }\n        return String(getProperty(element, name));\n    }\n    const propName = PROPERTY_ALIASES[name] || attribute;\n    if (BOOLEAN_PROPERTIES.has(name)) {\n        const hasAttr = element.getAttribute(name) !== null;\n        const propValue = getProperty(element, propName);\n        return hasAttr || !!propValue ? 'true' : null;\n    }\n    if (name === 'value' && isElement(element, 'LI')) {\n        const attrValue = element.getAttribute(name);\n        return attrValue != null ? attrValue : null;\n    }\n    let property;\n    try {\n        property = getProperty(element, propName);\n    }\n    catch (_e) {\n    }\n    if (property == null || isObject(property)) {\n        const attrValue = element.getAttribute(name);\n        return attrValue != null ? attrValue : null;\n    }\n    return property != null ? String(property) : null;\n})).apply(null, arguments);"
}
[1783513378.617][INFO]: Waiting for pending navigations...
[1783513378.618][INFO]: Done waiting for pending navigations. Status: ok
[1783513378.623][INFO]: Waiting for pending navigations...
[1783513378.624][INFO]: Done waiting for pending navigations. Status: ok
[1783513378.624][INFO]: [8efdbb22e63138c8342c133790a7028c] RESPONSE ExecuteScript "Plast Boy LLP Penguin Tasty Plastic Coffee Mug"
[1783513378.625][INFO]: [8efdbb22e63138c8342c133790a7028c] COMMAND FindChildElement {
   "id": "f.49D49945748C2EC068872BC92F3619EA.d.1FA0012362CDD3C62DB479648FDB025A.e.3080",
   "using": "xpath",
   "value": ".//div[@class='lWX0_T']//img"
}
[1783513378.625][INFO]: Waiting for pending navigations...
[1783513378.626][INFO]: Done waiting for pending navigations. Status: ok
[1783513378.634][INFO]: Waiting for pending navigations...
[1783513378.635][INFO]: Done waiting for pending navigations. Status: ok
[1783513378.635][INFO]: [8efdbb22e63138c8342c133790a7028c] RESPONSE FindChildElement {
   "element-6066-11e4-a52e-4f735466cecf": "f.49D49945748C2EC068872BC92F3619EA.d.1FA0012362CDD3C62DB479648FDB025A.e.2240"
}
[1783513378.637][INFO]: [8efdbb22e63138c8342c133790a7028c] COMMAND ExecuteScript {
   "args": [ {
      "element-6066-11e4-a52e-4f735466cecf": "f.49D49945748C2EC068872BC92F3619EA.d.1FA0012362CDD3C62DB479648FDB025A.e.2240"
   }, "src" ],
   "script": "/* getAttribute */return ((function (element, attribute) {\n    const PROPERTY_ALIASES = {\n        'class': 'className',\n        'readonly': 'readOnly',\n    };\n    const BOOLEAN_PROPERTIES = new Set([\n        'allowfullscreen',\n        'allowpaymentrequest',\n        'allowusermedia',\n        'async',\n        'autofocus',\n        'autoplay',\n        'checked',\n        'compact',\n        'complete',\n        'controls',\n        'declare',\n        'default',\n        'defaultchecked',\n        'defaultselected',\n        'defer',\n        'disabled',\n        'ended',\n        'formnovalidate',\n        'hidden',\n        'indeterminate',\n        'iscontenteditable',\n        'ismap',\n        'itemscope',\n        'loop',\n        'multiple',\n        'muted',\n        'nohref',\n        'nomodule',\n        'noresize',\n        'noshade',\n        'novalidate',\n        'nowrap',\n        'open',\n        'paused',\n        'playsinline',\n        'pubdate',\n        'readonly',\n        'required',\n        'reversed',\n        'scoped',\n        'seamless',\n        'seeking',\n        'selected',\n        'truespeed',\n        'typemustmatch',\n        'willvalidate',\n    ]);\n    function getAttribute(element, attributeName) {\n        return element.getAttribute(attributeName.toLowerCase());\n    }\n    function getProperty(element, propertyName) {\n        return element[propertyName];\n    }\n    function isElement(node, tagName) {\n        const elem = node;\n        if (!elem || elem.nodeType !== 1) {\n            return false;\n        }\n        if (!tagName) {\n            return true;\n        }\n        const normalizedTag = tagName.toUpperCase();\n        if (node instanceof HTMLFormElement) {\n            return normalizedTag === 'FORM';\n        }\n        return typeof elem.tagName === 'string' && elem.tagName.toUpperCase() === normalizedTag;\n    }\n    function isSelectable(element) {\n        if (isElement(element, 'OPTION')) {\n            return true;\n        }\n        if (isElement(element, 'INPUT')) {\n            const type = element.type.toLowerCase();\n            return type === 'checkbox' || type === 'radio';\n        }\n        return false;\n    }\n    function isSelected(element) {\n        var _a;\n        if (isElement(element, 'OPTION')) {\n            return element.selected;\n        }\n        const type = (_a = element.type) === null || _a === void 0 ? void 0 : _a.toLowerCase();\n        if (type === 'checkbox' || type === 'radio') {\n            return element.checked;\n        }\n        return false;\n    }\n    function isObject(value) {\n        return value !== null && (typeof value === 'object' || typeof value === 'function');\n    }\n    const name = attribute.toLowerCase();\n    if (name === 'style') {\n        const style = element.style;\n        if (!style) {\n            return null;\n        }\n        return typeof style === 'string' ? style : style.cssText;\n    }\n    if ((name === 'selected' || name === 'checked') && isSelectable(element)) {\n        return isSelected(element) ? 'true' : null;\n    }\n    const isLink = isElement(element, 'A');\n    const isImg = isElement(element, 'IMG');\n    if ((isImg && name === 'src') || (isLink && name === 'href')) {\n        const attrValue = getAttribute(element, name);\n        if (attrValue) {\n            return String(getProperty(element, name));\n        }\n        return attrValue;\n    }\n    if (name === 'spellcheck') {\n        const attrValue = getAttribute(element, name);\n        if (attrValue !== null) {\n            const lower = attrValue.toLowerCase();\n            if (lower === 'false') {\n                return 'false';\n            }\n            if (lower === 'true') {\n                return 'true';\n            }\n        }\n        return String(getProperty(element, name));\n    }\n    const propName = PROPERTY_ALIASES[name] || attribute;\n    if (BOOLEAN_PROPERTIES.has(name)) {\n        const hasAttr = element.getAttribute(name) !== null;\n        const propValue = getProperty(element, propName);\n        return hasAttr || !!propValue ? 'true' : null;\n    }\n    if (name === 'value' && isElement(element, 'LI')) {\n        const attrValue = element.getAttribute(name);\n        return attrValue != null ? attrValue : null;\n    }\n    let property;\n    try {\n        property = getProperty(element, propName);\n    }\n    catch (_e) {\n    }\n    if (property == null || isObject(property)) {\n        const attrValue = element.getAttribute(name);\n        return attrValue != null ? attrValue : null;\n    }\n    return property != null ? String(property) : null;\n})).apply(null, arguments);"
}
[1783513378.637][INFO]: Waiting for pending navigations...
[1783513378.638][INFO]: Done waiting for pending navigations. Status: ok
[1783513378.642][INFO]: Waiting for pending navigations...
[1783513378.643][INFO]: Done waiting for pending navigations. Status: ok
[1783513378.643][INFO]: [8efdbb22e63138c8342c133790a7028c] RESPONSE ExecuteScript "https://rukminim2.flixcart.com/image/612/612/xif0q/mug/r/x/q/penguin-mug-tasty-450-0-1-plast-boy-llp-original-imahk7her8huqvyf.jpeg?q=70"
[1783513378.644][INFO]: [8efdbb22e63138c8342c133790a7028c] COMMAND FindChildElement {
   "id": "f.49D49945748C2EC068872BC92F3619EA.d.1FA0012362CDD3C62DB479648FDB025A.e.3080",
   "using": "xpath",
   "value": ".//span[@class='PvbNMB']"
}
[1783513378.644][INFO]: Waiting for pending navigations...
[1783513378.645][INFO]: Done waiting for pending navigations. Status: ok
[1783513378.653][INFO]: Waiting for pending navigations...
[1783513378.654][INFO]: Done waiting for pending navigations. Status: ok
[1783513378.654][INFO]: [8efdbb22e63138c8342c133790a7028c] RESPONSE FindChildElement {
   "element-6066-11e4-a52e-4f735466cecf": "f.49D49945748C2EC068872BC92F3619EA.d.1FA0012362CDD3C62DB479648FDB025A.e.3120"
}
[1783513378.655][INFO]: [8efdbb22e63138c8342c133790a7028c] COMMAND GetElementText {
   "id": "f.49D49945748C2EC068872BC92F3619EA.d.1FA0012362CDD3C62DB479648FDB025A.e.3120"
}
[1783513378.655][INFO]: Waiting for pending navigations...
[1783513378.656][INFO]: Done waiting for pending navigations. Status: ok
[1783513378.665][INFO]: Waiting for pending navigations...
[1783513378.665][INFO]: Done waiting for pending navigations. Status: ok
[1783513378.665][INFO]: [8efdbb22e63138c8342c133790a7028c] RESPONSE GetElementText "(20)"
[1783513378.667][INFO]: [8efdbb22e63138c8342c133790a7028c] COMMAND FindChildElement {
   "id": "f.49D49945748C2EC068872BC92F3619EA.d.1FA0012362CDD3C62DB479648FDB025A.e.3081",
   "using": "xpath",
   "value": ".//div[@class='lWX0_T']//img"
}
[1783513378.667][INFO]: Waiting for pending navigations...
[1783513378.668][INFO]: Done waiting for pending navigations. Status: ok
[1783513378.675][INFO]: Waiting for pending navigations...
[1783513378.676][INFO]: Done waiting for pending navigations. Status: ok
[1783513378.676][INFO]: [8efdbb22e63138c8342c133790a7028c] RESPONSE FindChildElement {
   "element-6066-11e4-a52e-4f735466cecf": "f.49D49945748C2EC068872BC92F3619EA.d.1FA0012362CDD3C62DB479648FDB025A.e.2150"
}
[1783513378.679][INFO]: [8efdbb22e63138c8342c133790a7028c] COMMAND ExecuteScript {
   "args": [ {
      "element-6066-11e4-a52e-4f735466cecf": "f.49D49945748C2EC068872BC92F3619EA.d.1FA0012362CDD3C62DB479648FDB025A.e.2150"
   }, "alt" ],
   "script": "/* getAttribute */return ((function (element, attribute) {\n    const PROPERTY_ALIASES = {\n        'class': 'className',\n        'readonly': 'readOnly',\n    };\n    const BOOLEAN_PROPERTIES = new Set([\n        'allowfullscreen',\n        'allowpaymentrequest',\n        'allowusermedia',\n        'async',\n        'autofocus',\n        'autoplay',\n        'checked',\n        'compact',\n        'complete',\n        'controls',\n        'declare',\n        'default',\n        'defaultchecked',\n        'defaultselected',\n        'defer',\n        'disabled',\n        'ended',\n        'formnovalidate',\n        'hidden',\n        'indeterminate',\n        'iscontenteditable',\n        'ismap',\n        'itemscope',\n        'loop',\n        'multiple',\n        'muted',\n        'nohref',\n        'nomodule',\n        'noresize',\n        'noshade',\n        'novalidate',\n        'nowrap',\n        'open',\n        'paused',\n        'playsinline',\n        'pubdate',\n        'readonly',\n        'required',\n        'reversed',\n        'scoped',\n        'seamless',\n        'seeking',\n        'selected',\n        'truespeed',\n        'typemustmatch',\n        'willvalidate',\n    ]);\n    function getAttribute(element, attributeName) {\n        return element.getAttribute(attributeName.toLowerCase());\n    }\n    function getProperty(element, propertyName) {\n        return element[propertyName];\n    }\n    function isElement(node, tagName) {\n        const elem = node;\n        if (!elem || elem.nodeType !== 1) {\n            return false;\n        }\n        if (!tagName) {\n            return true;\n        }\n        const normalizedTag = tagName.toUpperCase();\n        if (node instanceof HTMLFormElement) {\n            return normalizedTag === 'FORM';\n        }\n        return typeof elem.tagName === 'string' && elem.tagName.toUpperCase() === normalizedTag;\n    }\n    function isSelectable(element) {\n        if (isElement(element, 'OPTION')) {\n            return true;\n        }\n        if (isElement(element, 'INPUT')) {\n            const type = element.type.toLowerCase();\n            return type === 'checkbox' || type === 'radio';\n        }\n        return false;\n    }\n    function isSelected(element) {\n        var _a;\n        if (isElement(element, 'OPTION')) {\n            return element.selected;\n        }\n        const type = (_a = element.type) === null || _a === void 0 ? void 0 : _a.toLowerCase();\n        if (type === 'checkbox' || type === 'radio') {\n            return element.checked;\n        }\n        return false;\n    }\n    function isObject(value) {\n        return value !== null && (typeof value === 'object' || typeof value === 'function');\n    }\n    const name = attribute.toLowerCase();\n    if (name === 'style') {\n        const style = element.style;\n        if (!style) {\n            return null;\n        }\n        return typeof style === 'string' ? style : style.cssText;\n    }\n    if ((name === 'selected' || name === 'checked') && isSelectable(element)) {\n        return isSelected(element) ? 'true' : null;\n    }\n    const isLink = isElement(element, 'A');\n    const isImg = isElement(element, 'IMG');\n    if ((isImg && name === 'src') || (isLink && name === 'href')) {\n        const attrValue = getAttribute(element, name);\n        if (attrValue) {\n            return String(getProperty(element, name));\n        }\n        return attrValue;\n    }\n    if (name === 'spellcheck') {\n        const attrValue = getAttribute(element, name);\n        if (attrValue !== null) {\n            const lower = attrValue.toLowerCase();\n            if (lower === 'false') {\n                return 'false';\n            }\n            if (lower === 'true') {\n                return 'true';\n            }\n        }\n        return String(getProperty(element, name));\n    }\n    const propName = PROPERTY_ALIASES[name] || attribute;\n    if (BOOLEAN_PROPERTIES.has(name)) {\n        const hasAttr = element.getAttribute(name) !== null;\n        const propValue = getProperty(element, propName);\n        return hasAttr || !!propValue ? 'true' : null;\n    }\n    if (name === 'value' && isElement(element, 'LI')) {\n        const attrValue = element.getAttribute(name);\n        return attrValue != null ? attrValue : null;\n    }\n    let property;\n    try {\n        property = getProperty(element, propName);\n    }\n    catch (_e) {\n    }\n    if (property == null || isObject(property)) {\n        const attrValue = element.getAttribute(name);\n        return attrValue != null ? attrValue : null;\n    }\n    return property != null ? String(property) : null;\n})).apply(null, arguments);"
}
[1783513378.679][INFO]: Waiting for pending navigations...
[1783513378.679][INFO]: Done waiting for pending navigations. Status: ok
[1783513378.685][INFO]: Waiting for pending navigations...
[1783513378.685][INFO]: Done waiting for pending navigations. Status: ok
[1783513378.685][INFO]: [8efdbb22e63138c8342c133790a7028c] RESPONSE ExecuteScript "ZROY ENTERPRISE Textured Glass Coffee with Cute Bear Lid & Spoon Glass Coffee Mug"
[1783513378.687][INFO]: [8efdbb22e63138c8342c133790a7028c] COMMAND FindChildElement {
   "id": "f.49D49945748C2EC068872BC92F3619EA.d.1FA0012362CDD3C62DB479648FDB025A.e.3081",
   "using": "xpath",
   "value": ".//div[@class='lWX0_T']//img"
}
[1783513378.687][INFO]: Waiting for pending navigations...
[1783513378.687][INFO]: Done waiting for pending navigations. Status: ok
[1783513378.695][INFO]: Waiting for pending navigations...
[1783513378.696][INFO]: Done waiting for pending navigations. Status: ok
[1783513378.696][INFO]: [8efdbb22e63138c8342c133790a7028c] RESPONSE FindChildElement {
   "element-6066-11e4-a52e-4f735466cecf": "f.49D49945748C2EC068872BC92F3619EA.d.1FA0012362CDD3C62DB479648FDB025A.e.2150"
}
[1783513378.698][INFO]: [8efdbb22e63138c8342c133790a7028c] COMMAND ExecuteScript {
   "args": [ {
      "element-6066-11e4-a52e-4f735466cecf": "f.49D49945748C2EC068872BC92F3619EA.d.1FA0012362CDD3C62DB479648FDB025A.e.2150"
   }, "src" ],
   "script": "/* getAttribute */return ((function (element, attribute) {\n    const PROPERTY_ALIASES = {\n        'class': 'className',\n        'readonly': 'readOnly',\n    };\n    const BOOLEAN_PROPERTIES = new Set([\n        'allowfullscreen',\n        'allowpaymentrequest',\n        'allowusermedia',\n        'async',\n        'autofocus',\n        'autoplay',\n        'checked',\n        'compact',\n        'complete',\n        'controls',\n        'declare',\n        'default',\n        'defaultchecked',\n        'defaultselected',\n        'defer',\n        'disabled',\n        'ended',\n        'formnovalidate',\n        'hidden',\n        'indeterminate',\n        'iscontenteditable',\n        'ismap',\n        'itemscope',\n        'loop',\n        'multiple',\n        'muted',\n        'nohref',\n        'nomodule',\n        'noresize',\n        'noshade',\n        'novalidate',\n        'nowrap',\n        'open',\n        'paused',\n        'playsinline',\n        'pubdate',\n        'readonly',\n        'required',\n        'reversed',\n        'scoped',\n        'seamless',\n        'seeking',\n        'selected',\n        'truespeed',\n        'typemustmatch',\n        'willvalidate',\n    ]);\n    function getAttribute(element, attributeName) {\n        return element.getAttribute(attributeName.toLowerCase());\n    }\n    function getProperty(element, propertyName) {\n        return element[propertyName];\n    }\n    function isElement(node, tagName) {\n        const elem = node;\n        if (!elem || elem.nodeType !== 1) {\n            return false;\n        }\n        if (!tagName) {\n            return true;\n        }\n        const normalizedTag = tagName.toUpperCase();\n        if (node instanceof HTMLFormElement) {\n            return normalizedTag === 'FORM';\n        }\n        return typeof elem.tagName === 'string' && elem.tagName.toUpperCase() === normalizedTag;\n    }\n    function isSelectable(element) {\n        if (isElement(element, 'OPTION')) {\n            return true;\n        }\n        if (isElement(element, 'INPUT')) {\n            const type = element.type.toLowerCase();\n            return type === 'checkbox' || type === 'radio';\n        }\n        return false;\n    }\n    function isSelected(element) {\n        var _a;\n        if (isElement(element, 'OPTION')) {\n            return element.selected;\n        }\n        const type = (_a = element.type) === null || _a === void 0 ? void 0 : _a.toLowerCase();\n        if (type === 'checkbox' || type === 'radio') {\n            return element.checked;\n        }\n        return false;\n    }\n    function isObject(value) {\n        return value !== null && (typeof value === 'object' || typeof value === 'function');\n    }\n    const name = attribute.toLowerCase();\n    if (name === 'style') {\n        const style = element.style;\n        if (!style) {\n            return null;\n        }\n        return typeof style === 'string' ? style : style.cssText;\n    }\n    if ((name === 'selected' || name === 'checked') && isSelectable(element)) {\n        return isSelected(element) ? 'true' : null;\n    }\n    const isLink = isElement(element, 'A');\n    const isImg = isElement(element, 'IMG');\n    if ((isImg && name === 'src') || (isLink && name === 'href')) {\n        const attrValue = getAttribute(element, name);\n        if (attrValue) {\n            return String(getProperty(element, name));\n        }\n        return attrValue;\n    }\n    if (name === 'spellcheck') {\n        const attrValue = getAttribute(element, name);\n        if (attrValue !== null) {\n            const lower = attrValue.toLowerCase();\n            if (lower === 'false') {\n                return 'false';\n            }\n            if (lower === 'true') {\n                return 'true';\n            }\n        }\n        return String(getProperty(element, name));\n    }\n    const propName = PROPERTY_ALIASES[name] || attribute;\n    if (BOOLEAN_PROPERTIES.has(name)) {\n        const hasAttr = element.getAttribute(name) !== null;\n        const propValue = getProperty(element, propName);\n        return hasAttr || !!propValue ? 'true' : null;\n    }\n    if (name === 'value' && isElement(element, 'LI')) {\n        const attrValue = element.getAttribute(name);\n        return attrValue != null ? attrValue : null;\n    }\n    let property;\n    try {\n        property = getProperty(element, propName);\n    }\n    catch (_e) {\n    }\n    if (property == null || isObject(property)) {\n        const attrValue = element.getAttribute(name);\n        return attrValue != null ? attrValue : null;\n    }\n    return property != null ? String(property) : null;\n})).apply(null, arguments);"
}
[1783513378.698][INFO]: Waiting for pending navigations...
[1783513378.699][INFO]: Done waiting for pending navigations. Status: ok
[1783513378.703][INFO]: Waiting for pending navigations...
[1783513378.704][INFO]: Done waiting for pending navigations. Status: ok
[1783513378.704][INFO]: [8efdbb22e63138c8342c133790a7028c] RESPONSE ExecuteScript "https://rukminim2.flixcart.com/image/612/612/xif0q/mug/q/g/3/textured-glass-coffee-mug-with-cute-bear-lid-spoon-410-0-1-zroy-original-imahhzkvwmhgfzgc.jpeg?q=70"
[1783513378.705][INFO]: [8efdbb22e63138c8342c133790a7028c] COMMAND FindChildElement {
   "id": "f.49D49945748C2EC068872BC92F3619EA.d.1FA0012362CDD3C62DB479648FDB025A.e.3081",
   "using": "xpath",
   "value": ".//span[@class='PvbNMB']"
}
[1783513378.705][INFO]: Waiting for pending navigations...
[1783513378.706][INFO]: Done waiting for pending navigations. Status: ok
[1783513378.714][INFO]: Waiting for pending navigations...
[1783513378.715][INFO]: Done waiting for pending navigations. Status: ok
[1783513378.715][INFO]: [8efdbb22e63138c8342c133790a7028c] RESPONSE FindChildElement {
   "element-6066-11e4-a52e-4f735466cecf": "f.49D49945748C2EC068872BC92F3619EA.d.1FA0012362CDD3C62DB479648FDB025A.e.3121"
}
[1783513378.716][INFO]: [8efdbb22e63138c8342c133790a7028c] COMMAND GetElementText {
   "id": "f.49D49945748C2EC068872BC92F3619EA.d.1FA0012362CDD3C62DB479648FDB025A.e.3121"
}
[1783513378.716][INFO]: Waiting for pending navigations...
[1783513378.717][INFO]: Done waiting for pending navigations. Status: ok
[1783513378.726][INFO]: Waiting for pending navigations...
[1783513378.727][INFO]: Done waiting for pending navigations. Status: ok
[1783513378.727][INFO]: [8efdbb22e63138c8342c133790a7028c] RESPONSE GetElementText "(199)"
[1783513378.728][INFO]: [8efdbb22e63138c8342c133790a7028c] COMMAND FindChildElement {
   "id": "f.49D49945748C2EC068872BC92F3619EA.d.1FA0012362CDD3C62DB479648FDB025A.e.3082",
   "using": "xpath",
   "value": ".//div[@class='lWX0_T']//img"
}
[1783513378.728][INFO]: Waiting for pending navigations...
[1783513378.729][INFO]: Done waiting for pending navigations. Status: ok
[1783513378.739][INFO]: Waiting for pending navigations...
[1783513378.740][INFO]: Done waiting for pending navigations. Status: ok
[1783513378.740][INFO]: [8efdbb22e63138c8342c133790a7028c] RESPONSE FindChildElement {
   "element-6066-11e4-a52e-4f735466cecf": "f.49D49945748C2EC068872BC92F3619EA.d.1FA0012362CDD3C62DB479648FDB025A.e.2152"
}
[1783513378.742][INFO]: [8efdbb22e63138c8342c133790a7028c] COMMAND ExecuteScript {
   "args": [ {
      "element-6066-11e4-a52e-4f735466cecf": "f.49D49945748C2EC068872BC92F3619EA.d.1FA0012362CDD3C62DB479648FDB025A.e.2152"
   }, "alt" ],
   "script": "/* getAttribute */return ((function (element, attribute) {\n    const PROPERTY_ALIASES = {\n        'class': 'className',\n        'readonly': 'readOnly',\n    };\n    const BOOLEAN_PROPERTIES = new Set([\n        'allowfullscreen',\n        'allowpaymentrequest',\n        'allowusermedia',\n        'async',\n        'autofocus',\n        'autoplay',\n        'checked',\n        'compact',\n        'complete',\n        'controls',\n        'declare',\n        'default',\n        'defaultchecked',\n        'defaultselected',\n        'defer',\n        'disabled',\n        'ended',\n        'formnovalidate',\n        'hidden',\n        'indeterminate',\n        'iscontenteditable',\n        'ismap',\n        'itemscope',\n        'loop',\n        'multiple',\n        'muted',\n        'nohref',\n        'nomodule',\n        'noresize',\n        'noshade',\n        'novalidate',\n        'nowrap',\n        'open',\n        'paused',\n        'playsinline',\n        'pubdate',\n        'readonly',\n        'required',\n        'reversed',\n        'scoped',\n        'seamless',\n        'seeking',\n        'selected',\n        'truespeed',\n        'typemustmatch',\n        'willvalidate',\n    ]);\n    function getAttribute(element, attributeName) {\n        return element.getAttribute(attributeName.toLowerCase());\n    }\n    function getProperty(element, propertyName) {\n        return element[propertyName];\n    }\n    function isElement(node, tagName) {\n        const elem = node;\n        if (!elem || elem.nodeType !== 1) {\n            return false;\n        }\n        if (!tagName) {\n            return true;\n        }\n        const normalizedTag = tagName.toUpperCase();\n        if (node instanceof HTMLFormElement) {\n            return normalizedTag === 'FORM';\n        }\n        return typeof elem.tagName === 'string' && elem.tagName.toUpperCase() === normalizedTag;\n    }\n    function isSelectable(element) {\n        if (isElement(element, 'OPTION')) {\n            return true;\n        }\n        if (isElement(element, 'INPUT')) {\n            const type = element.type.toLowerCase();\n            return type === 'checkbox' || type === 'radio';\n        }\n        return false;\n    }\n    function isSelected(element) {\n        var _a;\n        if (isElement(element, 'OPTION')) {\n            return element.selected;\n        }\n        const type = (_a = element.type) === null || _a === void 0 ? void 0 : _a.toLowerCase();\n        if (type === 'checkbox' || type === 'radio') {\n            return element.checked;\n        }\n        return false;\n    }\n    function isObject(value) {\n        return value !== null && (typeof value === 'object' || typeof value === 'function');\n    }\n    const name = attribute.toLowerCase();\n    if (name === 'style') {\n        const style = element.style;\n        if (!style) {\n            return null;\n        }\n        return typeof style === 'string' ? style : style.cssText;\n    }\n    if ((name === 'selected' || name === 'checked') && isSelectable(element)) {\n        return isSelected(element) ? 'true' : null;\n    }\n    const isLink = isElement(element, 'A');\n    const isImg = isElement(element, 'IMG');\n    if ((isImg && name === 'src') || (isLink && name === 'href')) {\n        const attrValue = getAttribute(element, name);\n        if (attrValue) {\n            return String(getProperty(element, name));\n        }\n        return attrValue;\n    }\n    if (name === 'spellcheck') {\n        const attrValue = getAttribute(element, name);\n        if (attrValue !== null) {\n            const lower = attrValue.toLowerCase();\n            if (lower === 'false') {\n                return 'false';\n            }\n            if (lower === 'true') {\n                return 'true';\n            }\n        }\n        return String(getProperty(element, name));\n    }\n    const propName = PROPERTY_ALIASES[name] || attribute;\n    if (BOOLEAN_PROPERTIES.has(name)) {\n        const hasAttr = element.getAttribute(name) !== null;\n        const propValue = getProperty(element, propName);\n        return hasAttr || !!propValue ? 'true' : null;\n    }\n    if (name === 'value' && isElement(element, 'LI')) {\n        const attrValue = element.getAttribute(name);\n        return attrValue != null ? attrValue : null;\n    }\n    let property;\n    try {\n        property = getProperty(element, propName);\n    }\n    catch (_e) {\n    }\n    if (property == null || isObject(property)) {\n        const attrValue = element.getAttribute(name);\n        return attrValue != null ? attrValue : null;\n    }\n    return property != null ? String(property) : null;\n})).apply(null, arguments);"
}
[1783513378.742][INFO]: Waiting for pending navigations...
[1783513378.743][INFO]: Done waiting for pending navigations. Status: ok
[1783513378.747][INFO]: Waiting for pending navigations...
[1783513378.747][INFO]: Done waiting for pending navigations. Status: ok
[1783513378.747][INFO]: [8efdbb22e63138c8342c133790a7028c] RESPONSE ExecuteScript "The Earthy Store Ceramic Pink Bow Printed Coffee Bow Hundle Print Ceramic Coffee Mug"
[1783513378.749][INFO]: [8efdbb22e63138c8342c133790a7028c] COMMAND FindChildElement {
   "id": "f.49D49945748C2EC068872BC92F3619EA.d.1FA0012362CDD3C62DB479648FDB025A.e.3082",
   "using": "xpath",
   "value": ".//div[@class='lWX0_T']//img"
}
[1783513378.749][INFO]: Waiting for pending navigations...
[1783513378.750][INFO]: Done waiting for pending navigations. Status: ok
[1783513378.758][INFO]: Waiting for pending navigations...
[1783513378.759][INFO]: Done waiting for pending navigations. Status: ok
[1783513378.759][INFO]: [8efdbb22e63138c8342c133790a7028c] RESPONSE FindChildElement {
   "element-6066-11e4-a52e-4f735466cecf": "f.49D49945748C2EC068872BC92F3619EA.d.1FA0012362CDD3C62DB479648FDB025A.e.2152"
}
[1783513378.761][INFO]: [8efdbb22e63138c8342c133790a7028c] COMMAND ExecuteScript {
   "args": [ {
      "element-6066-11e4-a52e-4f735466cecf": "f.49D49945748C2EC068872BC92F3619EA.d.1FA0012362CDD3C62DB479648FDB025A.e.2152"
   }, "src" ],
   "script": "/* getAttribute */return ((function (element, attribute) {\n    const PROPERTY_ALIASES = {\n        'class': 'className',\n        'readonly': 'readOnly',\n    };\n    const BOOLEAN_PROPERTIES = new Set([\n        'allowfullscreen',\n        'allowpaymentrequest',\n        'allowusermedia',\n        'async',\n        'autofocus',\n        'autoplay',\n        'checked',\n        'compact',\n        'complete',\n        'controls',\n        'declare',\n        'default',\n        'defaultchecked',\n        'defaultselected',\n        'defer',\n        'disabled',\n        'ended',\n        'formnovalidate',\n        'hidden',\n        'indeterminate',\n        'iscontenteditable',\n        'ismap',\n        'itemscope',\n        'loop',\n        'multiple',\n        'muted',\n        'nohref',\n        'nomodule',\n        'noresize',\n        'noshade',\n        'novalidate',\n        'nowrap',\n        'open',\n        'paused',\n        'playsinline',\n        'pubdate',\n        'readonly',\n        'required',\n        'reversed',\n        'scoped',\n        'seamless',\n        'seeking',\n        'selected',\n        'truespeed',\n        'typemustmatch',\n        'willvalidate',\n    ]);\n    function getAttribute(element, attributeName) {\n        return element.getAttribute(attributeName.toLowerCase());\n    }\n    function getProperty(element, propertyName) {\n        return element[propertyName];\n    }\n    function isElement(node, tagName) {\n        const elem = node;\n        if (!elem || elem.nodeType !== 1) {\n            return false;\n        }\n        if (!tagName) {\n            return true;\n        }\n        const normalizedTag = tagName.toUpperCase();\n        if (node instanceof HTMLFormElement) {\n            return normalizedTag === 'FORM';\n        }\n        return typeof elem.tagName === 'string' && elem.tagName.toUpperCase() === normalizedTag;\n    }\n    function isSelectable(element) {\n        if (isElement(element, 'OPTION')) {\n            return true;\n        }\n        if (isElement(element, 'INPUT')) {\n            const type = element.type.toLowerCase();\n            return type === 'checkbox' || type === 'radio';\n        }\n        return false;\n    }\n    function isSelected(element) {\n        var _a;\n        if (isElement(element, 'OPTION')) {\n            return element.selected;\n        }\n        const type = (_a = element.type) === null || _a === void 0 ? void 0 : _a.toLowerCase();\n        if (type === 'checkbox' || type === 'radio') {\n            return element.checked;\n        }\n        return false;\n    }\n    function isObject(value) {\n        return value !== null && (typeof value === 'object' || typeof value === 'function');\n    }\n    const name = attribute.toLowerCase();\n    if (name === 'style') {\n        const style = element.style;\n        if (!style) {\n            return null;\n        }\n        return typeof style === 'string' ? style : style.cssText;\n    }\n    if ((name === 'selected' || name === 'checked') && isSelectable(element)) {\n        return isSelected(element) ? 'true' : null;\n    }\n    const isLink = isElement(element, 'A');\n    const isImg = isElement(element, 'IMG');\n    if ((isImg && name === 'src') || (isLink && name === 'href')) {\n        const attrValue = getAttribute(element, name);\n        if (attrValue) {\n            return String(getProperty(element, name));\n        }\n        return attrValue;\n    }\n    if (name === 'spellcheck') {\n        const attrValue = getAttribute(element, name);\n        if (attrValue !== null) {\n            const lower = attrValue.toLowerCase();\n            if (lower === 'false') {\n                return 'false';\n            }\n            if (lower === 'true') {\n                return 'true';\n            }\n        }\n        return String(getProperty(element, name));\n    }\n    const propName = PROPERTY_ALIASES[name] || attribute;\n    if (BOOLEAN_PROPERTIES.has(name)) {\n        const hasAttr = element.getAttribute(name) !== null;\n        const propValue = getProperty(element, propName);\n        return hasAttr || !!propValue ? 'true' : null;\n    }\n    if (name === 'value' && isElement(element, 'LI')) {\n        const attrValue = element.getAttribute(name);\n        return attrValue != null ? attrValue : null;\n    }\n    let property;\n    try {\n        property = getProperty(element, propName);\n    }\n    catch (_e) {\n    }\n    if (property == null || isObject(property)) {\n        const attrValue = element.getAttribute(name);\n        return attrValue != null ? attrValue : null;\n    }\n    return property != null ? String(property) : null;\n})).apply(null, arguments);"
}
[1783513378.761][INFO]: Waiting for pending navigations...
[1783513378.762][INFO]: Done waiting for pending navigations. Status: ok
[1783513378.767][INFO]: Waiting for pending navigations...
[1783513378.768][INFO]: Done waiting for pending navigations. Status: ok
[1783513378.768][INFO]: [8efdbb22e63138c8342c133790a7028c] RESPONSE ExecuteScript "https://rukminim2.flixcart.com/image/612/612/xif0q/mug/7/o/i/ceramic-pink-bow-printed-coffee-mug-bow-hundle-print-mug-150-1-original-imahd3gb9xtxvyyu.jpeg?q=70"
[1783513378.769][INFO]: [8efdbb22e63138c8342c133790a7028c] COMMAND FindChildElement {
   "id": "f.49D49945748C2EC068872BC92F3619EA.d.1FA0012362CDD3C62DB479648FDB025A.e.3082",
   "using": "xpath",
   "value": ".//span[@class='PvbNMB']"
}
[1783513378.769][INFO]: Waiting for pending navigations...
[1783513378.770][INFO]: Done waiting for pending navigations. Status: ok
[1783513378.778][INFO]: Waiting for pending navigations...
[1783513378.779][INFO]: Done waiting for pending navigations. Status: ok
[1783513378.779][INFO]: [8efdbb22e63138c8342c133790a7028c] RESPONSE FindChildElement {
   "element-6066-11e4-a52e-4f735466cecf": "f.49D49945748C2EC068872BC92F3619EA.d.1FA0012362CDD3C62DB479648FDB025A.e.3122"
}
[1783513378.781][INFO]: [8efdbb22e63138c8342c133790a7028c] COMMAND GetElementText {
   "id": "f.49D49945748C2EC068872BC92F3619EA.d.1FA0012362CDD3C62DB479648FDB025A.e.3122"
}
[1783513378.781][INFO]: Waiting for pending navigations...
[1783513378.782][INFO]: Done waiting for pending navigations. Status: ok
[1783513378.789][INFO]: Waiting for pending navigations...
[1783513378.790][INFO]: Done waiting for pending navigations. Status: ok
[1783513378.790][INFO]: [8efdbb22e63138c8342c133790a7028c] RESPONSE GetElementText "(1,365)"
[1783513378.792][INFO]: [8efdbb22e63138c8342c133790a7028c] COMMAND FindChildElement {
   "id": "f.49D49945748C2EC068872BC92F3619EA.d.1FA0012362CDD3C62DB479648FDB025A.e.3083",
   "using": "xpath",
   "value": ".//div[@class='lWX0_T']//img"
}
[1783513378.792][INFO]: Waiting for pending navigations...
[1783513378.793][INFO]: Done waiting for pending navigations. Status: ok
[1783513378.801][INFO]: Waiting for pending navigations...
[1783513378.801][INFO]: Done waiting for pending navigations. Status: ok
[1783513378.801][INFO]: [8efdbb22e63138c8342c133790a7028c] RESPONSE FindChildElement {
   "element-6066-11e4-a52e-4f735466cecf": "f.49D49945748C2EC068872BC92F3619EA.d.1FA0012362CDD3C62DB479648FDB025A.e.2154"
}
[1783513378.804][INFO]: [8efdbb22e63138c8342c133790a7028c] COMMAND ExecuteScript {
   "args": [ {
      "element-6066-11e4-a52e-4f735466cecf": "f.49D49945748C2EC068872BC92F3619EA.d.1FA0012362CDD3C62DB479648FDB025A.e.2154"
   }, "alt" ],
   "script": "/* getAttribute */return ((function (element, attribute) {\n    const PROPERTY_ALIASES = {\n        'class': 'className',\n        'readonly': 'readOnly',\n    };\n    const BOOLEAN_PROPERTIES = new Set([\n        'allowfullscreen',\n        'allowpaymentrequest',\n        'allowusermedia',\n        'async',\n        'autofocus',\n        'autoplay',\n        'checked',\n        'compact',\n        'complete',\n        'controls',\n        'declare',\n        'default',\n        'defaultchecked',\n        'defaultselected',\n        'defer',\n        'disabled',\n        'ended',\n        'formnovalidate',\n        'hidden',\n        'indeterminate',\n        'iscontenteditable',\n        'ismap',\n        'itemscope',\n        'loop',\n        'multiple',\n        'muted',\n        'nohref',\n        'nomodule',\n        'noresize',\n        'noshade',\n        'novalidate',\n        'nowrap',\n        'open',\n        'paused',\n        'playsinline',\n        'pubdate',\n        'readonly',\n        'required',\n        'reversed',\n        'scoped',\n        'seamless',\n        'seeking',\n        'selected',\n        'truespeed',\n        'typemustmatch',\n        'willvalidate',\n    ]);\n    function getAttribute(element, attributeName) {\n        return element.getAttribute(attributeName.toLowerCase());\n    }\n    function getProperty(element, propertyName) {\n        return element[propertyName];\n    }\n    function isElement(node, tagName) {\n        const elem = node;\n        if (!elem || elem.nodeType !== 1) {\n            return false;\n        }\n        if (!tagName) {\n            return true;\n        }\n        const normalizedTag = tagName.toUpperCase();\n        if (node instanceof HTMLFormElement) {\n            return normalizedTag === 'FORM';\n        }\n        return typeof elem.tagName === 'string' && elem.tagName.toUpperCase() === normalizedTag;\n    }\n    function isSelectable(element) {\n        if (isElement(element, 'OPTION')) {\n            return true;\n        }\n        if (isElement(element, 'INPUT')) {\n            const type = element.type.toLowerCase();\n            return type === 'checkbox' || type === 'radio';\n        }\n        return false;\n    }\n    function isSelected(element) {\n        var _a;\n        if (isElement(element, 'OPTION')) {\n            return element.selected;\n        }\n        const type = (_a = element.type) === null || _a === void 0 ? void 0 : _a.toLowerCase();\n        if (type === 'checkbox' || type === 'radio') {\n            return element.checked;\n        }\n        return false;\n    }\n    function isObject(value) {\n        return value !== null && (typeof value === 'object' || typeof value === 'function');\n    }\n    const name = attribute.toLowerCase();\n    if (name === 'style') {\n        const style = element.style;\n        if (!style) {\n            return null;\n        }\n        return typeof style === 'string' ? style : style.cssText;\n    }\n    if ((name === 'selected' || name === 'checked') && isSelectable(element)) {\n        return isSelected(element) ? 'true' : null;\n    }\n    const isLink = isElement(element, 'A');\n    const isImg = isElement(element, 'IMG');\n    if ((isImg && name === 'src') || (isLink && name === 'href')) {\n        const attrValue = getAttribute(element, name);\n        if (attrValue) {\n            return String(getProperty(element, name));\n        }\n        return attrValue;\n    }\n    if (name === 'spellcheck') {\n        const attrValue = getAttribute(element, name);\n        if (attrValue !== null) {\n            const lower = attrValue.toLowerCase();\n            if (lower === 'false') {\n                return 'false';\n            }\n            if (lower === 'true') {\n                return 'true';\n            }\n        }\n        return String(getProperty(element, name));\n    }\n    const propName = PROPERTY_ALIASES[name] || attribute;\n    if (BOOLEAN_PROPERTIES.has(name)) {\n        const hasAttr = element.getAttribute(name) !== null;\n        const propValue = getProperty(element, propName);\n        return hasAttr || !!propValue ? 'true' : null;\n    }\n    if (name === 'value' && isElement(element, 'LI')) {\n        const attrValue = element.getAttribute(name);\n        return attrValue != null ? attrValue : null;\n    }\n    let property;\n    try {\n        property = getProperty(element, propName);\n    }\n    catch (_e) {\n    }\n    if (property == null || isObject(property)) {\n        const attrValue = element.getAttribute(name);\n        return attrValue != null ? attrValue : null;\n    }\n    return property != null ? String(property) : null;\n})).apply(null, arguments);"
}
[1783513378.804][INFO]: Waiting for pending navigations...
[1783513378.805][INFO]: Done waiting for pending navigations. Status: ok
[1783513378.810][INFO]: Waiting for pending navigations...
[1783513378.810][INFO]: Done waiting for pending navigations. Status: ok
[1783513378.810][INFO]: [8efdbb22e63138c8342c133790a7028c] RESPONSE ExecuteScript "THE CLICK INDIA Hubby Wifey Cute Design Best Gift For Couples On Valentine, Anniversary,Wedding Ceramic Coffee Mug"
[1783513378.812][INFO]: [8efdbb22e63138c8342c133790a7028c] COMMAND FindChildElement {
   "id": "f.49D49945748C2EC068872BC92F3619EA.d.1FA0012362CDD3C62DB479648FDB025A.e.3083",
   "using": "xpath",
   "value": ".//div[@class='lWX0_T']//img"
}
[1783513378.812][INFO]: Waiting for pending navigations...
[1783513378.813][INFO]: Done waiting for pending navigations. Status: ok
[1783513378.818][INFO]: Waiting for pending navigations...
[1783513378.819][INFO]: Done waiting for pending navigations. Status: ok
[1783513378.819][INFO]: [8efdbb22e63138c8342c133790a7028c] RESPONSE FindChildElement {
   "element-6066-11e4-a52e-4f735466cecf": "f.49D49945748C2EC068872BC92F3619EA.d.1FA0012362CDD3C62DB479648FDB025A.e.2154"
}
[1783513378.821][INFO]: [8efdbb22e63138c8342c133790a7028c] COMMAND ExecuteScript {
   "args": [ {
      "element-6066-11e4-a52e-4f735466cecf": "f.49D49945748C2EC068872BC92F3619EA.d.1FA0012362CDD3C62DB479648FDB025A.e.2154"
   }, "src" ],
   "script": "/* getAttribute */return ((function (element, attribute) {\n    const PROPERTY_ALIASES = {\n        'class': 'className',\n        'readonly': 'readOnly',\n    };\n    const BOOLEAN_PROPERTIES = new Set([\n        'allowfullscreen',\n        'allowpaymentrequest',\n        'allowusermedia',\n        'async',\n        'autofocus',\n        'autoplay',\n        'checked',\n        'compact',\n        'complete',\n        'controls',\n        'declare',\n        'default',\n        'defaultchecked',\n        'defaultselected',\n        'defer',\n        'disabled',\n        'ended',\n        'formnovalidate',\n        'hidden',\n        'indeterminate',\n        'iscontenteditable',\n        'ismap',\n        'itemscope',\n        'loop',\n        'multiple',\n        'muted',\n        'nohref',\n        'nomodule',\n        'noresize',\n        'noshade',\n        'novalidate',\n        'nowrap',\n        'open',\n        'paused',\n        'playsinline',\n        'pubdate',\n        'readonly',\n        'required',\n        'reversed',\n        'scoped',\n        'seamless',\n        'seeking',\n        'selected',\n        'truespeed',\n        'typemustmatch',\n        'willvalidate',\n    ]);\n    function getAttribute(element, attributeName) {\n        return element.getAttribute(attributeName.toLowerCase());\n    }\n    function getProperty(element, propertyName) {\n        return element[propertyName];\n    }\n    function isElement(node, tagName) {\n        const elem = node;\n        if (!elem || elem.nodeType !== 1) {\n            return false;\n        }\n        if (!tagName) {\n            return true;\n        }\n        const normalizedTag = tagName.toUpperCase();\n        if (node instanceof HTMLFormElement) {\n            return normalizedTag === 'FORM';\n        }\n        return typeof elem.tagName === 'string' && elem.tagName.toUpperCase() === normalizedTag;\n    }\n    function isSelectable(element) {\n        if (isElement(element, 'OPTION')) {\n            return true;\n        }\n        if (isElement(element, 'INPUT')) {\n            const type = element.type.toLowerCase();\n            return type === 'checkbox' || type === 'radio';\n        }\n        return false;\n    }\n    function isSelected(element) {\n        var _a;\n        if (isElement(element, 'OPTION')) {\n            return element.selected;\n        }\n        const type = (_a = element.type) === null || _a === void 0 ? void 0 : _a.toLowerCase();\n        if (type === 'checkbox' || type === 'radio') {\n            return element.checked;\n        }\n        return false;\n    }\n    function isObject(value) {\n        return value !== null && (typeof value === 'object' || typeof value === 'function');\n    }\n    const name = attribute.toLowerCase();\n    if (name === 'style') {\n        const style = element.style;\n        if (!style) {\n            return null;\n        }\n        return typeof style === 'string' ? style : style.cssText;\n    }\n    if ((name === 'selected' || name === 'checked') && isSelectable(element)) {\n        return isSelected(element) ? 'true' : null;\n    }\n    const isLink = isElement(element, 'A');\n    const isImg = isElement(element, 'IMG');\n    if ((isImg && name === 'src') || (isLink && name === 'href')) {\n        const attrValue = getAttribute(element, name);\n        if (attrValue) {\n            return String(getProperty(element, name));\n        }\n        return attrValue;\n    }\n    if (name === 'spellcheck') {\n        const attrValue = getAttribute(element, name);\n        if (attrValue !== null) {\n            const lower = attrValue.toLowerCase();\n            if (lower === 'false') {\n                return 'false';\n            }\n            if (lower === 'true') {\n                return 'true';\n            }\n        }\n        return String(getProperty(element, name));\n    }\n    const propName = PROPERTY_ALIASES[name] || attribute;\n    if (BOOLEAN_PROPERTIES.has(name)) {\n        const hasAttr = element.getAttribute(name) !== null;\n        const propValue = getProperty(element, propName);\n        return hasAttr || !!propValue ? 'true' : null;\n    }\n    if (name === 'value' && isElement(element, 'LI')) {\n        const attrValue = element.getAttribute(name);\n        return attrValue != null ? attrValue : null;\n    }\n    let property;\n    try {\n        property = getProperty(element, propName);\n    }\n    catch (_e) {\n    }\n    if (property == null || isObject(property)) {\n        const attrValue = element.getAttribute(name);\n        return attrValue != null ? attrValue : null;\n    }\n    return property != null ? String(property) : null;\n})).apply(null, arguments);"
}
[1783513378.821][INFO]: Waiting for pending navigations...
[1783513378.822][INFO]: Done waiting for pending navigations. Status: ok
[1783513378.826][INFO]: Waiting for pending navigations...
[1783513378.826][INFO]: Done waiting for pending navigations. Status: ok
[1783513378.826][INFO]: [8efdbb22e63138c8342c133790a7028c] RESPONSE ExecuteScript "https://rukminim2.flixcart.com/image/612/612/xif0q/mug/5/z/p/hubby-wifey-cute-design-best-gift-for-couples-on-valentine-enriched-0-original-imahagmr4xhfgzv8.jpeg?q=70"
[1783513378.828][INFO]: [8efdbb22e63138c8342c133790a7028c] COMMAND FindChildElement {
   "id": "f.49D49945748C2EC068872BC92F3619EA.d.1FA0012362CDD3C62DB479648FDB025A.e.3083",
   "using": "xpath",
   "value": ".//span[@class='PvbNMB']"
}
[1783513378.828][INFO]: Waiting for pending navigations...
[1783513378.829][INFO]: Done waiting for pending navigations. Status: ok
[1783513378.837][INFO]: Waiting for pending navigations...
[1783513378.838][INFO]: Done waiting for pending navigations. Status: ok
[1783513378.838][INFO]: [8efdbb22e63138c8342c133790a7028c] RESPONSE FindChildElement {
   "element-6066-11e4-a52e-4f735466cecf": "f.49D49945748C2EC068872BC92F3619EA.d.1FA0012362CDD3C62DB479648FDB025A.e.3123"
}
[1783513378.839][INFO]: [8efdbb22e63138c8342c133790a7028c] COMMAND GetElementText {
   "id": "f.49D49945748C2EC068872BC92F3619EA.d.1FA0012362CDD3C62DB479648FDB025A.e.3123"
}
[1783513378.839][INFO]: Waiting for pending navigations...
[1783513378.840][INFO]: Done waiting for pending navigations. Status: ok
[1783513378.848][INFO]: Waiting for pending navigations...
[1783513378.849][INFO]: Done waiting for pending navigations. Status: ok
[1783513378.849][INFO]: [8efdbb22e63138c8342c133790a7028c] RESPONSE GetElementText "(1,217)"
[1783513378.851][INFO]: [8efdbb22e63138c8342c133790a7028c] COMMAND FindChildElement {
   "id": "f.49D49945748C2EC068872BC92F3619EA.d.1FA0012362CDD3C62DB479648FDB025A.e.3084",
   "using": "xpath",
   "value": ".//div[@class='lWX0_T']//img"
}
[1783513378.851][INFO]: Waiting for pending navigations...
[1783513378.852][INFO]: Done waiting for pending navigations. Status: ok
[1783513378.859][INFO]: Waiting for pending navigations...
[1783513378.860][INFO]: Done waiting for pending navigations. Status: ok
[1783513378.860][INFO]: [8efdbb22e63138c8342c133790a7028c] RESPONSE FindChildElement {
   "element-6066-11e4-a52e-4f735466cecf": "f.49D49945748C2EC068872BC92F3619EA.d.1FA0012362CDD3C62DB479648FDB025A.e.2243"
}
[1783513378.862][INFO]: [8efdbb22e63138c8342c133790a7028c] COMMAND ExecuteScript {
   "args": [ {
      "element-6066-11e4-a52e-4f735466cecf": "f.49D49945748C2EC068872BC92F3619EA.d.1FA0012362CDD3C62DB479648FDB025A.e.2243"
   }, "alt" ],
   "script": "/* getAttribute */return ((function (element, attribute) {\n    const PROPERTY_ALIASES = {\n        'class': 'className',\n        'readonly': 'readOnly',\n    };\n    const BOOLEAN_PROPERTIES = new Set([\n        'allowfullscreen',\n        'allowpaymentrequest',\n        'allowusermedia',\n        'async',\n        'autofocus',\n        'autoplay',\n        'checked',\n        'compact',\n        'complete',\n        'controls',\n        'declare',\n        'default',\n        'defaultchecked',\n        'defaultselected',\n        'defer',\n        'disabled',\n        'ended',\n        'formnovalidate',\n        'hidden',\n        'indeterminate',\n        'iscontenteditable',\n        'ismap',\n        'itemscope',\n        'loop',\n        'multiple',\n        'muted',\n        'nohref',\n        'nomodule',\n        'noresize',\n        'noshade',\n        'novalidate',\n        'nowrap',\n        'open',\n        'paused',\n        'playsinline',\n        'pubdate',\n        'readonly',\n        'required',\n        'reversed',\n        'scoped',\n        'seamless',\n        'seeking',\n        'selected',\n        'truespeed',\n        'typemustmatch',\n        'willvalidate',\n    ]);\n    function getAttribute(element, attributeName) {\n        return element.getAttribute(attributeName.toLowerCase());\n    }\n    function getProperty(element, propertyName) {\n        return element[propertyName];\n    }\n    function isElement(node, tagName) {\n        const elem = node;\n        if (!elem || elem.nodeType !== 1) {\n            return false;\n        }\n        if (!tagName) {\n            return true;\n        }\n        const normalizedTag = tagName.toUpperCase();\n        if (node instanceof HTMLFormElement) {\n            return normalizedTag === 'FORM';\n        }\n        return typeof elem.tagName === 'string' && elem.tagName.toUpperCase() === normalizedTag;\n    }\n    function isSelectable(element) {\n        if (isElement(element, 'OPTION')) {\n            return true;\n        }\n        if (isElement(element, 'INPUT')) {\n            const type = element.type.toLowerCase();\n            return type === 'checkbox' || type === 'radio';\n        }\n        return false;\n    }\n    function isSelected(element) {\n        var _a;\n        if (isElement(element, 'OPTION')) {\n            return element.selected;\n        }\n        const type = (_a = element.type) === null || _a === void 0 ? void 0 : _a.toLowerCase();\n        if (type === 'checkbox' || type === 'radio') {\n            return element.checked;\n        }\n        return false;\n    }\n    function isObject(value) {\n        return value !== null && (typeof value === 'object' || typeof value === 'function');\n    }\n    const name = attribute.toLowerCase();\n    if (name === 'style') {\n        const style = element.style;\n        if (!style) {\n            return null;\n        }\n        return typeof style === 'string' ? style : style.cssText;\n    }\n    if ((name === 'selected' || name === 'checked') && isSelectable(element)) {\n        return isSelected(element) ? 'true' : null;\n    }\n    const isLink = isElement(element, 'A');\n    const isImg = isElement(element, 'IMG');\n    if ((isImg && name === 'src') || (isLink && name === 'href')) {\n        const attrValue = getAttribute(element, name);\n        if (attrValue) {\n            return String(getProperty(element, name));\n        }\n        return attrValue;\n    }\n    if (name === 'spellcheck') {\n        const attrValue = getAttribute(element, name);\n        if (attrValue !== null) {\n            const lower = attrValue.toLowerCase();\n            if (lower === 'false') {\n                return 'false';\n            }\n            if (lower === 'true') {\n                return 'true';\n            }\n        }\n        return String(getProperty(element, name));\n    }\n    const propName = PROPERTY_ALIASES[name] || attribute;\n    if (BOOLEAN_PROPERTIES.has(name)) {\n        const hasAttr = element.getAttribute(name) !== null;\n        const propValue = getProperty(element, propName);\n        return hasAttr || !!propValue ? 'true' : null;\n    }\n    if (name === 'value' && isElement(element, 'LI')) {\n        const attrValue = element.getAttribute(name);\n        return attrValue != null ? attrValue : null;\n    }\n    let property;\n    try {\n        property = getProperty(element, propName);\n    }\n    catch (_e) {\n    }\n    if (property == null || isObject(property)) {\n        const attrValue = element.getAttribute(name);\n        return attrValue != null ? attrValue : null;\n    }\n    return property != null ? String(property) : null;\n})).apply(null, arguments);"
}
[1783513378.862][INFO]: Waiting for pending navigations...
[1783513378.864][INFO]: Done waiting for pending navigations. Status: ok
[1783513378.867][INFO]: Waiting for pending navigations...
[1783513378.869][INFO]: Done waiting for pending navigations. Status: ok
[1783513378.869][INFO]: [8efdbb22e63138c8342c133790a7028c] RESPONSE ExecuteScript "YUMWARE Snoopy mug Brown 2 Plastic, Stainless Steel Coffee Mug"
[1783513378.870][INFO]: [8efdbb22e63138c8342c133790a7028c] COMMAND FindChildElement {
   "id": "f.49D49945748C2EC068872BC92F3619EA.d.1FA0012362CDD3C62DB479648FDB025A.e.3084",
   "using": "xpath",
   "value": ".//div[@class='lWX0_T']//img"
}
[1783513378.870][INFO]: Waiting for pending navigations...
[1783513378.871][INFO]: Done waiting for pending navigations. Status: ok
[1783513378.880][INFO]: Waiting for pending navigations...
[1783513378.881][INFO]: Done waiting for pending navigations. Status: ok
[1783513378.881][INFO]: [8efdbb22e63138c8342c133790a7028c] RESPONSE FindChildElement {
   "element-6066-11e4-a52e-4f735466cecf": "f.49D49945748C2EC068872BC92F3619EA.d.1FA0012362CDD3C62DB479648FDB025A.e.2243"
}
[1783513378.884][INFO]: [8efdbb22e63138c8342c133790a7028c] COMMAND ExecuteScript {
   "args": [ {
      "element-6066-11e4-a52e-4f735466cecf": "f.49D49945748C2EC068872BC92F3619EA.d.1FA0012362CDD3C62DB479648FDB025A.e.2243"
   }, "src" ],
   "script": "/* getAttribute */return ((function (element, attribute) {\n    const PROPERTY_ALIASES = {\n        'class': 'className',\n        'readonly': 'readOnly',\n    };\n    const BOOLEAN_PROPERTIES = new Set([\n        'allowfullscreen',\n        'allowpaymentrequest',\n        'allowusermedia',\n        'async',\n        'autofocus',\n        'autoplay',\n        'checked',\n        'compact',\n        'complete',\n        'controls',\n        'declare',\n        'default',\n        'defaultchecked',\n        'defaultselected',\n        'defer',\n        'disabled',\n        'ended',\n        'formnovalidate',\n        'hidden',\n        'indeterminate',\n        'iscontenteditable',\n        'ismap',\n        'itemscope',\n        'loop',\n        'multiple',\n        'muted',\n        'nohref',\n        'nomodule',\n        'noresize',\n        'noshade',\n        'novalidate',\n        'nowrap',\n        'open',\n        'paused',\n        'playsinline',\n        'pubdate',\n        'readonly',\n        'required',\n        'reversed',\n        'scoped',\n        'seamless',\n        'seeking',\n        'selected',\n        'truespeed',\n        'typemustmatch',\n        'willvalidate',\n    ]);\n    function getAttribute(element, attributeName) {\n        return element.getAttribute(attributeName.toLowerCase());\n    }\n    function getProperty(element, propertyName) {\n        return element[propertyName];\n    }\n    function isElement(node, tagName) {\n        const elem = node;\n        if (!elem || elem.nodeType !== 1) {\n            return false;\n        }\n        if (!tagName) {\n            return true;\n        }\n        const normalizedTag = tagName.toUpperCase();\n        if (node instanceof HTMLFormElement) {\n            return normalizedTag === 'FORM';\n        }\n        return typeof elem.tagName === 'string' && elem.tagName.toUpperCase() === normalizedTag;\n    }\n    function isSelectable(element) {\n        if (isElement(element, 'OPTION')) {\n            return true;\n        }\n        if (isElement(element, 'INPUT')) {\n            const type = element.type.toLowerCase();\n            return type === 'checkbox' || type === 'radio';\n        }\n        return false;\n    }\n    function isSelected(element) {\n        var _a;\n        if (isElement(element, 'OPTION')) {\n            return element.selected;\n        }\n        const type = (_a = element.type) === null || _a === void 0 ? void 0 : _a.toLowerCase();\n        if (type === 'checkbox' || type === 'radio') {\n            return element.checked;\n        }\n        return false;\n    }\n    function isObject(value) {\n        return value !== null && (typeof value === 'object' || typeof value === 'function');\n    }\n    const name = attribute.toLowerCase();\n    if (name === 'style') {\n        const style = element.style;\n        if (!style) {\n            return null;\n        }\n        return typeof style === 'string' ? style : style.cssText;\n    }\n    if ((name === 'selected' || name === 'checked') && isSelectable(element)) {\n        return isSelected(element) ? 'true' : null;\n    }\n    const isLink = isElement(element, 'A');\n    const isImg = isElement(element, 'IMG');\n    if ((isImg && name === 'src') || (isLink && name === 'href')) {\n        const attrValue = getAttribute(element, name);\n        if (attrValue) {\n            return String(getProperty(element, name));\n        }\n        return attrValue;\n    }\n    if (name === 'spellcheck') {\n        const attrValue = getAttribute(element, name);\n        if (attrValue !== null) {\n            const lower = attrValue.toLowerCase();\n            if (lower === 'false') {\n                return 'false';\n            }\n            if (lower === 'true') {\n                return 'true';\n            }\n        }\n        return String(getProperty(element, name));\n    }\n    const propName = PROPERTY_ALIASES[name] || attribute;\n    if (BOOLEAN_PROPERTIES.has(name)) {\n        const hasAttr = element.getAttribute(name) !== null;\n        const propValue = getProperty(element, propName);\n        return hasAttr || !!propValue ? 'true' : null;\n    }\n    if (name === 'value' && isElement(element, 'LI')) {\n        const attrValue = element.getAttribute(name);\n        return attrValue != null ? attrValue : null;\n    }\n    let property;\n    try {\n        property = getProperty(element, propName);\n    }\n    catch (_e) {\n    }\n    if (property == null || isObject(property)) {\n        const attrValue = element.getAttribute(name);\n        return attrValue != null ? attrValue : null;\n    }\n    return property != null ? String(property) : null;\n})).apply(null, arguments);"
}
[1783513378.884][INFO]: Waiting for pending navigations...
[1783513378.885][INFO]: Done waiting for pending navigations. Status: ok
[1783513378.889][INFO]: Waiting for pending navigations...
[1783513378.889][INFO]: Done waiting for pending navigations. Status: ok
[1783513378.889][INFO]: [8efdbb22e63138c8342c133790a7028c] RESPONSE ExecuteScript "https://rukminim2.flixcart.com/image/612/612/xif0q/mug/i/o/y/snoopy-mug-brown-2-350-2-yumware-enriched-0-original-imahhfauzhwtggpf.jpeg?q=70"
[1783513378.891][INFO]: [8efdbb22e63138c8342c133790a7028c] COMMAND FindChildElement {
   "id": "f.49D49945748C2EC068872BC92F3619EA.d.1FA0012362CDD3C62DB479648FDB025A.e.3084",
   "using": "xpath",
   "value": ".//span[@class='PvbNMB']"
}
[1783513378.891][INFO]: Waiting for pending navigations...
[1783513378.892][INFO]: Done waiting for pending navigations. Status: ok
[1783513378.900][INFO]: Waiting for pending navigations...
[1783513378.901][INFO]: Done waiting for pending navigations. Status: ok
[1783513378.901][INFO]: [8efdbb22e63138c8342c133790a7028c] RESPONSE FindChildElement {
   "element-6066-11e4-a52e-4f735466cecf": "f.49D49945748C2EC068872BC92F3619EA.d.1FA0012362CDD3C62DB479648FDB025A.e.3124"
}
[1783513378.903][INFO]: [8efdbb22e63138c8342c133790a7028c] COMMAND GetElementText {
   "id": "f.49D49945748C2EC068872BC92F3619EA.d.1FA0012362CDD3C62DB479648FDB025A.e.3124"
}
[1783513378.904][INFO]: Waiting for pending navigations...
[1783513378.905][INFO]: Done waiting for pending navigations. Status: ok
[1783513378.914][INFO]: Waiting for pending navigations...
[1783513378.915][INFO]: Done waiting for pending navigations. Status: ok
[1783513378.915][INFO]: [8efdbb22e63138c8342c133790a7028c] RESPONSE GetElementText "(123)"
[1783513378.917][INFO]: [8efdbb22e63138c8342c133790a7028c] COMMAND FindChildElement {
   "id": "f.49D49945748C2EC068872BC92F3619EA.d.1FA0012362CDD3C62DB479648FDB025A.e.3085",
   "using": "xpath",
   "value": ".//div[@class='lWX0_T']//img"
}
[1783513378.917][INFO]: Waiting for pending navigations...
[1783513378.919][INFO]: Done waiting for pending navigations. Status: ok
[1783513378.929][INFO]: Waiting for pending navigations...
[1783513378.930][INFO]: Done waiting for pending navigations. Status: ok
[1783513378.930][INFO]: [8efdbb22e63138c8342c133790a7028c] RESPONSE FindChildElement {
   "element-6066-11e4-a52e-4f735466cecf": "f.49D49945748C2EC068872BC92F3619EA.d.1FA0012362CDD3C62DB479648FDB025A.e.2158"
}
[1783513378.932][INFO]: [8efdbb22e63138c8342c133790a7028c] COMMAND ExecuteScript {
   "args": [ {
      "element-6066-11e4-a52e-4f735466cecf": "f.49D49945748C2EC068872BC92F3619EA.d.1FA0012362CDD3C62DB479648FDB025A.e.2158"
   }, "alt" ],
   "script": "/* getAttribute */return ((function (element, attribute) {\n    const PROPERTY_ALIASES = {\n        'class': 'className',\n        'readonly': 'readOnly',\n    };\n    const BOOLEAN_PROPERTIES = new Set([\n        'allowfullscreen',\n        'allowpaymentrequest',\n        'allowusermedia',\n        'async',\n        'autofocus',\n        'autoplay',\n        'checked',\n        'compact',\n        'complete',\n        'controls',\n        'declare',\n        'default',\n        'defaultchecked',\n        'defaultselected',\n        'defer',\n        'disabled',\n        'ended',\n        'formnovalidate',\n        'hidden',\n        'indeterminate',\n        'iscontenteditable',\n        'ismap',\n        'itemscope',\n        'loop',\n        'multiple',\n        'muted',\n        'nohref',\n        'nomodule',\n        'noresize',\n        'noshade',\n        'novalidate',\n        'nowrap',\n        'open',\n        'paused',\n        'playsinline',\n        'pubdate',\n        'readonly',\n        'required',\n        'reversed',\n        'scoped',\n        'seamless',\n        'seeking',\n        'selected',\n        'truespeed',\n        'typemustmatch',\n        'willvalidate',\n    ]);\n    function getAttribute(element, attributeName) {\n        return element.getAttribute(attributeName.toLowerCase());\n    }\n    function getProperty(element, propertyName) {\n        return element[propertyName];\n    }\n    function isElement(node, tagName) {\n        const elem = node;\n        if (!elem || elem.nodeType !== 1) {\n            return false;\n        }\n        if (!tagName) {\n            return true;\n        }\n        const normalizedTag = tagName.toUpperCase();\n        if (node instanceof HTMLFormElement) {\n            return normalizedTag === 'FORM';\n        }\n        return typeof elem.tagName === 'string' && elem.tagName.toUpperCase() === normalizedTag;\n    }\n    function isSelectable(element) {\n        if (isElement(element, 'OPTION')) {\n            return true;\n        }\n        if (isElement(element, 'INPUT')) {\n            const type = element.type.toLowerCase();\n            return type === 'checkbox' || type === 'radio';\n        }\n        return false;\n    }\n    function isSelected(element) {\n        var _a;\n        if (isElement(element, 'OPTION')) {\n            return element.selected;\n        }\n        const type = (_a = element.type) === null || _a === void 0 ? void 0 : _a.toLowerCase();\n        if (type === 'checkbox' || type === 'radio') {\n            return element.checked;\n        }\n        return false;\n    }\n    function isObject(value) {\n        return value !== null && (typeof value === 'object' || typeof value === 'function');\n    }\n    const name = attribute.toLowerCase();\n    if (name === 'style') {\n        const style = element.style;\n        if (!style) {\n            return null;\n        }\n        return typeof style === 'string' ? style : style.cssText;\n    }\n    if ((name === 'selected' || name === 'checked') && isSelectable(element)) {\n        return isSelected(element) ? 'true' : null;\n    }\n    const isLink = isElement(element, 'A');\n    const isImg = isElement(element, 'IMG');\n    if ((isImg && name === 'src') || (isLink && name === 'href')) {\n        const attrValue = getAttribute(element, name);\n        if (attrValue) {\n            return String(getProperty(element, name));\n        }\n        return attrValue;\n    }\n    if (name === 'spellcheck') {\n        const attrValue = getAttribute(element, name);\n        if (attrValue !== null) {\n            const lower = attrValue.toLowerCase();\n            if (lower === 'false') {\n                return 'false';\n            }\n            if (lower === 'true') {\n                return 'true';\n            }\n        }\n        return String(getProperty(element, name));\n    }\n    const propName = PROPERTY_ALIASES[name] || attribute;\n    if (BOOLEAN_PROPERTIES.has(name)) {\n        const hasAttr = element.getAttribute(name) !== null;\n        const propValue = getProperty(element, propName);\n        return hasAttr || !!propValue ? 'true' : null;\n    }\n    if (name === 'value' && isElement(element, 'LI')) {\n        const attrValue = element.getAttribute(name);\n        return attrValue != null ? attrValue : null;\n    }\n    let property;\n    try {\n        property = getProperty(element, propName);\n    }\n    catch (_e) {\n    }\n    if (property == null || isObject(property)) {\n        const attrValue = element.getAttribute(name);\n        return attrValue != null ? attrValue : null;\n    }\n    return property != null ? String(property) : null;\n})).apply(null, arguments);"
}
[1783513378.932][INFO]: Waiting for pending navigations...
[1783513378.934][INFO]: Done waiting for pending navigations. Status: ok
[1783513378.939][INFO]: Waiting for pending navigations...
[1783513378.939][INFO]: Done waiting for pending navigations. Status: ok
[1783513378.939][INFO]: [8efdbb22e63138c8342c133790a7028c] RESPONSE ExecuteScript "OFFYX Stainless Steel Tea Cup Stainless Steel Coffee with Lid (300 ml) (Grey) Stainless Steel Coffee Mug"
[1783513378.941][INFO]: [8efdbb22e63138c8342c133790a7028c] COMMAND FindChildElement {
   "id": "f.49D49945748C2EC068872BC92F3619EA.d.1FA0012362CDD3C62DB479648FDB025A.e.3085",
   "using": "xpath",
   "value": ".//div[@class='lWX0_T']//img"
}
[1783513378.941][INFO]: Waiting for pending navigations...
[1783513378.943][INFO]: Done waiting for pending navigations. Status: ok
[1783513378.953][INFO]: Waiting for pending navigations...
[1783513378.954][INFO]: Done waiting for pending navigations. Status: ok
[1783513378.954][INFO]: [8efdbb22e63138c8342c133790a7028c] RESPONSE FindChildElement {
   "element-6066-11e4-a52e-4f735466cecf": "f.49D49945748C2EC068872BC92F3619EA.d.1FA0012362CDD3C62DB479648FDB025A.e.2158"
}
[1783513378.956][INFO]: [8efdbb22e63138c8342c133790a7028c] COMMAND ExecuteScript {
   "args": [ {
      "element-6066-11e4-a52e-4f735466cecf": "f.49D49945748C2EC068872BC92F3619EA.d.1FA0012362CDD3C62DB479648FDB025A.e.2158"
   }, "src" ],
   "script": "/* getAttribute */return ((function (element, attribute) {\n    const PROPERTY_ALIASES = {\n        'class': 'className',\n        'readonly': 'readOnly',\n    };\n    const BOOLEAN_PROPERTIES = new Set([\n        'allowfullscreen',\n        'allowpaymentrequest',\n        'allowusermedia',\n        'async',\n        'autofocus',\n        'autoplay',\n        'checked',\n        'compact',\n        'complete',\n        'controls',\n        'declare',\n        'default',\n        'defaultchecked',\n        'defaultselected',\n        'defer',\n        'disabled',\n        'ended',\n        'formnovalidate',\n        'hidden',\n        'indeterminate',\n        'iscontenteditable',\n        'ismap',\n        'itemscope',\n        'loop',\n        'multiple',\n        'muted',\n        'nohref',\n        'nomodule',\n        'noresize',\n        'noshade',\n        'novalidate',\n        'nowrap',\n        'open',\n        'paused',\n        'playsinline',\n        'pubdate',\n        'readonly',\n        'required',\n        'reversed',\n        'scoped',\n        'seamless',\n        'seeking',\n        'selected',\n        'truespeed',\n        'typemustmatch',\n        'willvalidate',\n    ]);\n    function getAttribute(element, attributeName) {\n        return element.getAttribute(attributeName.toLowerCase());\n    }\n    function getProperty(element, propertyName) {\n        return element[propertyName];\n    }\n    function isElement(node, tagName) {\n        const elem = node;\n        if (!elem || elem.nodeType !== 1) {\n            return false;\n        }\n        if (!tagName) {\n            return true;\n        }\n        const normalizedTag = tagName.toUpperCase();\n        if (node instanceof HTMLFormElement) {\n            return normalizedTag === 'FORM';\n        }\n        return typeof elem.tagName === 'string' && elem.tagName.toUpperCase() === normalizedTag;\n    }\n    function isSelectable(element) {\n        if (isElement(element, 'OPTION')) {\n            return true;\n        }\n        if (isElement(element, 'INPUT')) {\n            const type = element.type.toLowerCase();\n            return type === 'checkbox' || type === 'radio';\n        }\n        return false;\n    }\n    function isSelected(element) {\n        var _a;\n        if (isElement(element, 'OPTION')) {\n            return element.selected;\n        }\n        const type = (_a = element.type) === null || _a === void 0 ? void 0 : _a.toLowerCase();\n        if (type === 'checkbox' || type === 'radio') {\n            return element.checked;\n        }\n        return false;\n    }\n    function isObject(value) {\n        return value !== null && (typeof value === 'object' || typeof value === 'function');\n    }\n    const name = attribute.toLowerCase();\n    if (name === 'style') {\n        const style = element.style;\n        if (!style) {\n            return null;\n        }\n        return typeof style === 'string' ? style : style.cssText;\n    }\n    if ((name === 'selected' || name === 'checked') && isSelectable(element)) {\n        return isSelected(element) ? 'true' : null;\n    }\n    const isLink = isElement(element, 'A');\n    const isImg = isElement(element, 'IMG');\n    if ((isImg && name === 'src') || (isLink && name === 'href')) {\n        const attrValue = getAttribute(element, name);\n        if (attrValue) {\n            return String(getProperty(element, name));\n        }\n        return attrValue;\n    }\n    if (name === 'spellcheck') {\n        const attrValue = getAttribute(element, name);\n        if (attrValue !== null) {\n            const lower = attrValue.toLowerCase();\n            if (lower === 'false') {\n                return 'false';\n            }\n            if (lower === 'true') {\n                return 'true';\n            }\n        }\n        return String(getProperty(element, name));\n    }\n    const propName = PROPERTY_ALIASES[name] || attribute;\n    if (BOOLEAN_PROPERTIES.has(name)) {\n        const hasAttr = element.getAttribute(name) !== null;\n        const propValue = getProperty(element, propName);\n        return hasAttr || !!propValue ? 'true' : null;\n    }\n    if (name === 'value' && isElement(element, 'LI')) {\n        const attrValue = element.getAttribute(name);\n        return attrValue != null ? attrValue : null;\n    }\n    let property;\n    try {\n        property = getProperty(element, propName);\n    }\n    catch (_e) {\n    }\n    if (property == null || isObject(property)) {\n        const attrValue = element.getAttribute(name);\n        return attrValue != null ? attrValue : null;\n    }\n    return property != null ? String(property) : null;\n})).apply(null, arguments);"
}
[1783513378.956][INFO]: Waiting for pending navigations...
[1783513378.957][INFO]: Done waiting for pending navigations. Status: ok
[1783513378.962][INFO]: Waiting for pending navigations...
[1783513378.963][INFO]: Done waiting for pending navigations. Status: ok
[1783513378.963][INFO]: [8efdbb22e63138c8342c133790a7028c] RESPONSE ExecuteScript "https://rukminim2.flixcart.com/image/612/612/xif0q/mug/e/c/l/stainless-steel-tea-cup-stainless-steel-coffee-mug-with-lid-300-original-imahczhbdjw2q3rh.jpeg?q=70"
[1783513378.965][INFO]: [8efdbb22e63138c8342c133790a7028c] COMMAND FindChildElement {
   "id": "f.49D49945748C2EC068872BC92F3619EA.d.1FA0012362CDD3C62DB479648FDB025A.e.3085",
   "using": "xpath",
   "value": ".//span[@class='PvbNMB']"
}
[1783513378.965][INFO]: Waiting for pending navigations...
[1783513378.966][INFO]: Done waiting for pending navigations. Status: ok
[1783513378.976][INFO]: Waiting for pending navigations...
[1783513378.977][INFO]: Done waiting for pending navigations. Status: ok
[1783513378.977][INFO]: [8efdbb22e63138c8342c133790a7028c] RESPONSE FindChildElement {
   "element-6066-11e4-a52e-4f735466cecf": "f.49D49945748C2EC068872BC92F3619EA.d.1FA0012362CDD3C62DB479648FDB025A.e.3125"
}
[1783513378.979][INFO]: [8efdbb22e63138c8342c133790a7028c] COMMAND GetElementText {
   "id": "f.49D49945748C2EC068872BC92F3619EA.d.1FA0012362CDD3C62DB479648FDB025A.e.3125"
}
[1783513378.979][INFO]: Waiting for pending navigations...
[1783513378.980][INFO]: Done waiting for pending navigations. Status: ok
[1783513378.989][INFO]: Waiting for pending navigations...
[1783513378.990][INFO]: Done waiting for pending navigations. Status: ok
[1783513378.990][INFO]: [8efdbb22e63138c8342c133790a7028c] RESPONSE GetElementText "(2,209)"
[1783513378.992][INFO]: [8efdbb22e63138c8342c133790a7028c] COMMAND FindChildElement {
   "id": "f.49D49945748C2EC068872BC92F3619EA.d.1FA0012362CDD3C62DB479648FDB025A.e.3086",
   "using": "xpath",
   "value": ".//div[@class='lWX0_T']//img"
}
[1783513378.992][INFO]: Waiting for pending navigations...
[1783513378.993][INFO]: Done waiting for pending navigations. Status: ok
[1783513379.001][INFO]: Waiting for pending navigations...
[1783513379.002][INFO]: Done waiting for pending navigations. Status: ok
[1783513379.002][INFO]: [8efdbb22e63138c8342c133790a7028c] RESPONSE FindChildElement {
   "element-6066-11e4-a52e-4f735466cecf": "f.49D49945748C2EC068872BC92F3619EA.d.1FA0012362CDD3C62DB479648FDB025A.e.2278"
}
[1783513379.004][INFO]: [8efdbb22e63138c8342c133790a7028c] COMMAND ExecuteScript {
   "args": [ {
      "element-6066-11e4-a52e-4f735466cecf": "f.49D49945748C2EC068872BC92F3619EA.d.1FA0012362CDD3C62DB479648FDB025A.e.2278"
   }, "alt" ],
   "script": "/* getAttribute */return ((function (element, attribute) {\n    const PROPERTY_ALIASES = {\n        'class': 'className',\n        'readonly': 'readOnly',\n    };\n    const BOOLEAN_PROPERTIES = new Set([\n        'allowfullscreen',\n        'allowpaymentrequest',\n        'allowusermedia',\n        'async',\n        'autofocus',\n        'autoplay',\n        'checked',\n        'compact',\n        'complete',\n        'controls',\n        'declare',\n        'default',\n        'defaultchecked',\n        'defaultselected',\n        'defer',\n        'disabled',\n        'ended',\n        'formnovalidate',\n        'hidden',\n        'indeterminate',\n        'iscontenteditable',\n        'ismap',\n        'itemscope',\n        'loop',\n        'multiple',\n        'muted',\n        'nohref',\n        'nomodule',\n        'noresize',\n        'noshade',\n        'novalidate',\n        'nowrap',\n        'open',\n        'paused',\n        'playsinline',\n        'pubdate',\n        'readonly',\n        'required',\n        'reversed',\n        'scoped',\n        'seamless',\n        'seeking',\n        'selected',\n        'truespeed',\n        'typemustmatch',\n        'willvalidate',\n    ]);\n    function getAttribute(element, attributeName) {\n        return element.getAttribute(attributeName.toLowerCase());\n    }\n    function getProperty(element, propertyName) {\n        return element[propertyName];\n    }\n    function isElement(node, tagName) {\n        const elem = node;\n        if (!elem || elem.nodeType !== 1) {\n            return false;\n        }\n        if (!tagName) {\n            return true;\n        }\n        const normalizedTag = tagName.toUpperCase();\n        if (node instanceof HTMLFormElement) {\n            return normalizedTag === 'FORM';\n        }\n        return typeof elem.tagName === 'string' && elem.tagName.toUpperCase() === normalizedTag;\n    }\n    function isSelectable(element) {\n        if (isElement(element, 'OPTION')) {\n            return true;\n        }\n        if (isElement(element, 'INPUT')) {\n            const type = element.type.toLowerCase();\n            return type === 'checkbox' || type === 'radio';\n        }\n        return false;\n    }\n    function isSelected(element) {\n        var _a;\n        if (isElement(element, 'OPTION')) {\n            return element.selected;\n        }\n        const type = (_a = element.type) === null || _a === void 0 ? void 0 : _a.toLowerCase();\n        if (type === 'checkbox' || type === 'radio') {\n            return element.checked;\n        }\n        return false;\n    }\n    function isObject(value) {\n        return value !== null && (typeof value === 'object' || typeof value === 'function');\n    }\n    const name = attribute.toLowerCase();\n    if (name === 'style') {\n        const style = element.style;\n        if (!style) {\n            return null;\n        }\n        return typeof style === 'string' ? style : style.cssText;\n    }\n    if ((name === 'selected' || name === 'checked') && isSelectable(element)) {\n        return isSelected(element) ? 'true' : null;\n    }\n    const isLink = isElement(element, 'A');\n    const isImg = isElement(element, 'IMG');\n    if ((isImg && name === 'src') || (isLink && name === 'href')) {\n        const attrValue = getAttribute(element, name);\n        if (attrValue) {\n            return String(getProperty(element, name));\n        }\n        return attrValue;\n    }\n    if (name === 'spellcheck') {\n        const attrValue = getAttribute(element, name);\n        if (attrValue !== null) {\n            const lower = attrValue.toLowerCase();\n            if (lower === 'false') {\n                return 'false';\n            }\n            if (lower === 'true') {\n                return 'true';\n            }\n        }\n        return String(getProperty(element, name));\n    }\n    const propName = PROPERTY_ALIASES[name] || attribute;\n    if (BOOLEAN_PROPERTIES.has(name)) {\n        const hasAttr = element.getAttribute(name) !== null;\n        const propValue = getProperty(element, propName);\n        return hasAttr || !!propValue ? 'true' : null;\n    }\n    if (name === 'value' && isElement(element, 'LI')) {\n        const attrValue = element.getAttribute(name);\n        return attrValue != null ? attrValue : null;\n    }\n    let property;\n    try {\n        property = getProperty(element, propName);\n    }\n    catch (_e) {\n    }\n    if (property == null || isObject(property)) {\n        const attrValue = element.getAttribute(name);\n        return attrValue != null ? attrValue : null;\n    }\n    return property != null ? String(property) : null;\n})).apply(null, arguments);"
}
[1783513379.004][INFO]: Waiting for pending navigations...
[1783513379.005][INFO]: Done waiting for pending navigations. Status: ok
[1783513379.009][INFO]: Waiting for pending navigations...
[1783513379.010][INFO]: Done waiting for pending navigations. Status: ok
[1783513379.010][INFO]: [8efdbb22e63138c8342c133790a7028c] RESPONSE ExecuteScript "Gopani Glass Coffee Tumbler with Leather Sleeve , Sippers with Lid and Straw Glass Tumbler"
[1783513379.012][INFO]: [8efdbb22e63138c8342c133790a7028c] COMMAND FindChildElement {
   "id": "f.49D49945748C2EC068872BC92F3619EA.d.1FA0012362CDD3C62DB479648FDB025A.e.3086",
   "using": "xpath",
   "value": ".//div[@class='lWX0_T']//img"
}
[1783513379.012][INFO]: Waiting for pending navigations...
[1783513379.013][INFO]: Done waiting for pending navigations. Status: ok
[1783513379.022][INFO]: Waiting for pending navigations...
[1783513379.023][INFO]: Done waiting for pending navigations. Status: ok
[1783513379.023][INFO]: [8efdbb22e63138c8342c133790a7028c] RESPONSE FindChildElement {
   "element-6066-11e4-a52e-4f735466cecf": "f.49D49945748C2EC068872BC92F3619EA.d.1FA0012362CDD3C62DB479648FDB025A.e.2278"
}
[1783513379.026][INFO]: [8efdbb22e63138c8342c133790a7028c] COMMAND ExecuteScript {
   "args": [ {
      "element-6066-11e4-a52e-4f735466cecf": "f.49D49945748C2EC068872BC92F3619EA.d.1FA0012362CDD3C62DB479648FDB025A.e.2278"
   }, "src" ],
   "script": "/* getAttribute */return ((function (element, attribute) {\n    const PROPERTY_ALIASES = {\n        'class': 'className',\n        'readonly': 'readOnly',\n    };\n    const BOOLEAN_PROPERTIES = new Set([\n        'allowfullscreen',\n        'allowpaymentrequest',\n        'allowusermedia',\n        'async',\n        'autofocus',\n        'autoplay',\n        'checked',\n        'compact',\n        'complete',\n        'controls',\n        'declare',\n        'default',\n        'defaultchecked',\n        'defaultselected',\n        'defer',\n        'disabled',\n        'ended',\n        'formnovalidate',\n        'hidden',\n        'indeterminate',\n        'iscontenteditable',\n        'ismap',\n        'itemscope',\n        'loop',\n        'multiple',\n        'muted',\n        'nohref',\n        'nomodule',\n        'noresize',\n        'noshade',\n        'novalidate',\n        'nowrap',\n        'open',\n        'paused',\n        'playsinline',\n        'pubdate',\n        'readonly',\n        'required',\n        'reversed',\n        'scoped',\n        'seamless',\n        'seeking',\n        'selected',\n        'truespeed',\n        'typemustmatch',\n        'willvalidate',\n    ]);\n    function getAttribute(element, attributeName) {\n        return element.getAttribute(attributeName.toLowerCase());\n    }\n    function getProperty(element, propertyName) {\n        return element[propertyName];\n    }\n    function isElement(node, tagName) {\n        const elem = node;\n        if (!elem || elem.nodeType !== 1) {\n            return false;\n        }\n        if (!tagName) {\n            return true;\n        }\n        const normalizedTag = tagName.toUpperCase();\n        if (node instanceof HTMLFormElement) {\n            return normalizedTag === 'FORM';\n        }\n        return typeof elem.tagName === 'string' && elem.tagName.toUpperCase() === normalizedTag;\n    }\n    function isSelectable(element) {\n        if (isElement(element, 'OPTION')) {\n            return true;\n        }\n        if (isElement(element, 'INPUT')) {\n            const type = element.type.toLowerCase();\n            return type === 'checkbox' || type === 'radio';\n        }\n        return false;\n    }\n    function isSelected(element) {\n        var _a;\n        if (isElement(element, 'OPTION')) {\n            return element.selected;\n        }\n        const type = (_a = element.type) === null || _a === void 0 ? void 0 : _a.toLowerCase();\n        if (type === 'checkbox' || type === 'radio') {\n            return element.checked;\n        }\n        return false;\n    }\n    function isObject(value) {\n        return value !== null && (typeof value === 'object' || typeof value === 'function');\n    }\n    const name = attribute.toLowerCase();\n    if (name === 'style') {\n        const style = element.style;\n        if (!style) {\n            return null;\n        }\n        return typeof style === 'string' ? style : style.cssText;\n    }\n    if ((name === 'selected' || name === 'checked') && isSelectable(element)) {\n        return isSelected(element) ? 'true' : null;\n    }\n    const isLink = isElement(element, 'A');\n    const isImg = isElement(element, 'IMG');\n    if ((isImg && name === 'src') || (isLink && name === 'href')) {\n        const attrValue = getAttribute(element, name);\n        if (attrValue) {\n            return String(getProperty(element, name));\n        }\n        return attrValue;\n    }\n    if (name === 'spellcheck') {\n        const attrValue = getAttribute(element, name);\n        if (attrValue !== null) {\n            const lower = attrValue.toLowerCase();\n            if (lower === 'false') {\n                return 'false';\n            }\n            if (lower === 'true') {\n                return 'true';\n            }\n        }\n        return String(getProperty(element, name));\n    }\n    const propName = PROPERTY_ALIASES[name] || attribute;\n    if (BOOLEAN_PROPERTIES.has(name)) {\n        const hasAttr = element.getAttribute(name) !== null;\n        const propValue = getProperty(element, propName);\n        return hasAttr || !!propValue ? 'true' : null;\n    }\n    if (name === 'value' && isElement(element, 'LI')) {\n        const attrValue = element.getAttribute(name);\n        return attrValue != null ? attrValue : null;\n    }\n    let property;\n    try {\n        property = getProperty(element, propName);\n    }\n    catch (_e) {\n    }\n    if (property == null || isObject(property)) {\n        const attrValue = element.getAttribute(name);\n        return attrValue != null ? attrValue : null;\n    }\n    return property != null ? String(property) : null;\n})).apply(null, arguments);"
}
[1783513379.026][INFO]: Waiting for pending navigations...
[1783513379.027][INFO]: Done waiting for pending navigations. Status: ok
[1783513379.031][INFO]: Waiting for pending navigations...
[1783513379.033][INFO]: Done waiting for pending navigations. Status: ok
[1783513379.033][INFO]: [8efdbb22e63138c8342c133790a7028c] RESPONSE ExecuteScript "https://rukminim2.flixcart.com/image/612/612/xif0q/mug/n/9/k/glass-coffee-tumbler-with-leather-sleeve-sipper-mugs-with-lid-original-imahm9m6hattn2pk.jpeg?q=70"
[1783513379.036][INFO]: [8efdbb22e63138c8342c133790a7028c] COMMAND FindChildElement {
   "id": "f.49D49945748C2EC068872BC92F3619EA.d.1FA0012362CDD3C62DB479648FDB025A.e.3086",
   "using": "xpath",
   "value": ".//span[@class='PvbNMB']"
}
[1783513379.036][INFO]: Waiting for pending navigations...
[1783513379.037][INFO]: Done waiting for pending navigations. Status: ok
[1783513379.045][INFO]: Waiting for pending navigations...
[1783513379.046][INFO]: Done waiting for pending navigations. Status: ok
[1783513379.046][INFO]: [8efdbb22e63138c8342c133790a7028c] RESPONSE FindChildElement {
   "element-6066-11e4-a52e-4f735466cecf": "f.49D49945748C2EC068872BC92F3619EA.d.1FA0012362CDD3C62DB479648FDB025A.e.3126"
}
[1783513379.048][INFO]: [8efdbb22e63138c8342c133790a7028c] COMMAND GetElementText {
   "id": "f.49D49945748C2EC068872BC92F3619EA.d.1FA0012362CDD3C62DB479648FDB025A.e.3126"
}
[1783513379.048][INFO]: Waiting for pending navigations...
[1783513379.049][INFO]: Done waiting for pending navigations. Status: ok
[1783513379.057][INFO]: Waiting for pending navigations...
[1783513379.058][INFO]: Done waiting for pending navigations. Status: ok
[1783513379.058][INFO]: [8efdbb22e63138c8342c133790a7028c] RESPONSE GetElementText "(4)"
[1783513379.060][INFO]: [8efdbb22e63138c8342c133790a7028c] COMMAND FindChildElement {
   "id": "f.49D49945748C2EC068872BC92F3619EA.d.1FA0012362CDD3C62DB479648FDB025A.e.3087",
   "using": "xpath",
   "value": ".//div[@class='lWX0_T']//img"
}
[1783513379.060][INFO]: Waiting for pending navigations...
[1783513379.061][INFO]: Done waiting for pending navigations. Status: ok
[1783513379.070][INFO]: Waiting for pending navigations...
[1783513379.071][INFO]: Done waiting for pending navigations. Status: ok
[1783513379.071][INFO]: [8efdbb22e63138c8342c133790a7028c] RESPONSE FindChildElement {
   "element-6066-11e4-a52e-4f735466cecf": "f.49D49945748C2EC068872BC92F3619EA.d.1FA0012362CDD3C62DB479648FDB025A.e.2161"
}
[1783513379.074][INFO]: [8efdbb22e63138c8342c133790a7028c] COMMAND ExecuteScript {
   "args": [ {
      "element-6066-11e4-a52e-4f735466cecf": "f.49D49945748C2EC068872BC92F3619EA.d.1FA0012362CDD3C62DB479648FDB025A.e.2161"
   }, "alt" ],
   "script": "/* getAttribute */return ((function (element, attribute) {\n    const PROPERTY_ALIASES = {\n        'class': 'className',\n        'readonly': 'readOnly',\n    };\n    const BOOLEAN_PROPERTIES = new Set([\n        'allowfullscreen',\n        'allowpaymentrequest',\n        'allowusermedia',\n        'async',\n        'autofocus',\n        'autoplay',\n        'checked',\n        'compact',\n        'complete',\n        'controls',\n        'declare',\n        'default',\n        'defaultchecked',\n        'defaultselected',\n        'defer',\n        'disabled',\n        'ended',\n        'formnovalidate',\n        'hidden',\n        'indeterminate',\n        'iscontenteditable',\n        'ismap',\n        'itemscope',\n        'loop',\n        'multiple',\n        'muted',\n        'nohref',\n        'nomodule',\n        'noresize',\n        'noshade',\n        'novalidate',\n        'nowrap',\n        'open',\n        'paused',\n        'playsinline',\n        'pubdate',\n        'readonly',\n        'required',\n        'reversed',\n        'scoped',\n        'seamless',\n        'seeking',\n        'selected',\n        'truespeed',\n        'typemustmatch',\n        'willvalidate',\n    ]);\n    function getAttribute(element, attributeName) {\n        return element.getAttribute(attributeName.toLowerCase());\n    }\n    function getProperty(element, propertyName) {\n        return element[propertyName];\n    }\n    function isElement(node, tagName) {\n        const elem = node;\n        if (!elem || elem.nodeType !== 1) {\n            return false;\n        }\n        if (!tagName) {\n            return true;\n        }\n        const normalizedTag = tagName.toUpperCase();\n        if (node instanceof HTMLFormElement) {\n            return normalizedTag === 'FORM';\n        }\n        return typeof elem.tagName === 'string' && elem.tagName.toUpperCase() === normalizedTag;\n    }\n    function isSelectable(element) {\n        if (isElement(element, 'OPTION')) {\n            return true;\n        }\n        if (isElement(element, 'INPUT')) {\n            const type = element.type.toLowerCase();\n            return type === 'checkbox' || type === 'radio';\n        }\n        return false;\n    }\n    function isSelected(element) {\n        var _a;\n        if (isElement(element, 'OPTION')) {\n            return element.selected;\n        }\n        const type = (_a = element.type) === null || _a === void 0 ? void 0 : _a.toLowerCase();\n        if (type === 'checkbox' || type === 'radio') {\n            return element.checked;\n        }\n        return false;\n    }\n    function isObject(value) {\n        return value !== null && (typeof value === 'object' || typeof value === 'function');\n    }\n    const name = attribute.toLowerCase();\n    if (name === 'style') {\n        const style = element.style;\n        if (!style) {\n            return null;\n        }\n        return typeof style === 'string' ? style : style.cssText;\n    }\n    if ((name === 'selected' || name === 'checked') && isSelectable(element)) {\n        return isSelected(element) ? 'true' : null;\n    }\n    const isLink = isElement(element, 'A');\n    const isImg = isElement(element, 'IMG');\n    if ((isImg && name === 'src') || (isLink && name === 'href')) {\n        const attrValue = getAttribute(element, name);\n        if (attrValue) {\n            return String(getProperty(element, name));\n        }\n        return attrValue;\n    }\n    if (name === 'spellcheck') {\n        const attrValue = getAttribute(element, name);\n        if (attrValue !== null) {\n            const lower = attrValue.toLowerCase();\n            if (lower === 'false') {\n                return 'false';\n            }\n            if (lower === 'true') {\n                return 'true';\n            }\n        }\n        return String(getProperty(element, name));\n    }\n    const propName = PROPERTY_ALIASES[name] || attribute;\n    if (BOOLEAN_PROPERTIES.has(name)) {\n        const hasAttr = element.getAttribute(name) !== null;\n        const propValue = getProperty(element, propName);\n        return hasAttr || !!propValue ? 'true' : null;\n    }\n    if (name === 'value' && isElement(element, 'LI')) {\n        const attrValue = element.getAttribute(name);\n        return attrValue != null ? attrValue : null;\n    }\n    let property;\n    try {\n        property = getProperty(element, propName);\n    }\n    catch (_e) {\n    }\n    if (property == null || isObject(property)) {\n        const attrValue = element.getAttribute(name);\n        return attrValue != null ? attrValue : null;\n    }\n    return property != null ? String(property) : null;\n})).apply(null, arguments);"
}
[1783513379.074][INFO]: Waiting for pending navigations...
[1783513379.075][INFO]: Done waiting for pending navigations. Status: ok
[1783513379.080][INFO]: Waiting for pending navigations...
[1783513379.081][INFO]: Done waiting for pending navigations. Status: ok
[1783513379.081][INFO]: [8efdbb22e63138c8342c133790a7028c] RESPONSE ExecuteScript "WINGS MART Ceramic Mr & Mrs Coffees | Mr Mrs | Mrs and Mr |Mr and Mrs Tea Cups |Tea Set of 2 | Coffees Set of 2 Ceramic | Milk | Tea Cups | Tea (Mr & Mrs Coffees) Best Gift For Valentine Day couple..."
[1783513379.083][INFO]: [8efdbb22e63138c8342c133790a7028c] COMMAND FindChildElement {
   "id": "f.49D49945748C2EC068872BC92F3619EA.d.1FA0012362CDD3C62DB479648FDB025A.e.3087",
   "using": "xpath",
   "value": ".//div[@class='lWX0_T']//img"
}
[1783513379.083][INFO]: Waiting for pending navigations...
[1783513379.084][INFO]: Done waiting for pending navigations. Status: ok
[1783513379.094][INFO]: Waiting for pending navigations...
[1783513379.095][INFO]: Done waiting for pending navigations. Status: ok
[1783513379.095][INFO]: [8efdbb22e63138c8342c133790a7028c] RESPONSE FindChildElement {
   "element-6066-11e4-a52e-4f735466cecf": "f.49D49945748C2EC068872BC92F3619EA.d.1FA0012362CDD3C62DB479648FDB025A.e.2161"
}
[1783513379.097][INFO]: [8efdbb22e63138c8342c133790a7028c] COMMAND ExecuteScript {
   "args": [ {
      "element-6066-11e4-a52e-4f735466cecf": "f.49D49945748C2EC068872BC92F3619EA.d.1FA0012362CDD3C62DB479648FDB025A.e.2161"
   }, "src" ],
   "script": "/* getAttribute */return ((function (element, attribute) {\n    const PROPERTY_ALIASES = {\n        'class': 'className',\n        'readonly': 'readOnly',\n    };\n    const BOOLEAN_PROPERTIES = new Set([\n        'allowfullscreen',\n        'allowpaymentrequest',\n        'allowusermedia',\n        'async',\n        'autofocus',\n        'autoplay',\n        'checked',\n        'compact',\n        'complete',\n        'controls',\n        'declare',\n        'default',\n        'defaultchecked',\n        'defaultselected',\n        'defer',\n        'disabled',\n        'ended',\n        'formnovalidate',\n        'hidden',\n        'indeterminate',\n        'iscontenteditable',\n        'ismap',\n        'itemscope',\n        'loop',\n        'multiple',\n        'muted',\n        'nohref',\n        'nomodule',\n        'noresize',\n        'noshade',\n        'novalidate',\n        'nowrap',\n        'open',\n        'paused',\n        'playsinline',\n        'pubdate',\n        'readonly',\n        'required',\n        'reversed',\n        'scoped',\n        'seamless',\n        'seeking',\n        'selected',\n        'truespeed',\n        'typemustmatch',\n        'willvalidate',\n    ]);\n    function getAttribute(element, attributeName) {\n        return element.getAttribute(attributeName.toLowerCase());\n    }\n    function getProperty(element, propertyName) {\n        return element[propertyName];\n    }\n    function isElement(node, tagName) {\n        const elem = node;\n        if (!elem || elem.nodeType !== 1) {\n            return false;\n        }\n        if (!tagName) {\n            return true;\n        }\n        const normalizedTag = tagName.toUpperCase();\n        if (node instanceof HTMLFormElement) {\n            return normalizedTag === 'FORM';\n        }\n        return typeof elem.tagName === 'string' && elem.tagName.toUpperCase() === normalizedTag;\n    }\n    function isSelectable(element) {\n        if (isElement(element, 'OPTION')) {\n            return true;\n        }\n        if (isElement(element, 'INPUT')) {\n            const type = element.type.toLowerCase();\n            return type === 'checkbox' || type === 'radio';\n        }\n        return false;\n    }\n    function isSelected(element) {\n        var _a;\n        if (isElement(element, 'OPTION')) {\n            return element.selected;\n        }\n        const type = (_a = element.type) === null || _a === void 0 ? void 0 : _a.toLowerCase();\n        if (type === 'checkbox' || type === 'radio') {\n            return element.checked;\n        }\n        return false;\n    }\n    function isObject(value) {\n        return value !== null && (typeof value === 'object' || typeof value === 'function');\n    }\n    const name = attribute.toLowerCase();\n    if (name === 'style') {\n        const style = element.style;\n        if (!style) {\n            return null;\n        }\n        return typeof style === 'string' ? style : style.cssText;\n    }\n    if ((name === 'selected' || name === 'checked') && isSelectable(element)) {\n        return isSelected(element) ? 'true' : null;\n    }\n    const isLink = isElement(element, 'A');\n    const isImg = isElement(element, 'IMG');\n    if ((isImg && name === 'src') || (isLink && name === 'href')) {\n        const attrValue = getAttribute(element, name);\n        if (attrValue) {\n            return String(getProperty(element, name));\n        }\n        return attrValue;\n    }\n    if (name === 'spellcheck') {\n        const attrValue = getAttribute(element, name);\n        if (attrValue !== null) {\n            const lower = attrValue.toLowerCase();\n            if (lower === 'false') {\n                return 'false';\n            }\n            if (lower === 'true') {\n                return 'true';\n            }\n        }\n        return String(getProperty(element, name));\n    }\n    const propName = PROPERTY_ALIASES[name] || attribute;\n    if (BOOLEAN_PROPERTIES.has(name)) {\n        const hasAttr = element.getAttribute(name) !== null;\n        const propValue = getProperty(element, propName);\n        return hasAttr || !!propValue ? 'true' : null;\n    }\n    if (name === 'value' && isElement(element, 'LI')) {\n        const attrValue = element.getAttribute(name);\n        return attrValue != null ? attrValue : null;\n    }\n    let property;\n    try {\n        property = getProperty(element, propName);\n    }\n    catch (_e) {\n    }\n    if (property == null || isObject(property)) {\n        const attrValue = element.getAttribute(name);\n        return attrValue != null ? attrValue : null;\n    }\n    return property != null ? String(property) : null;\n})).apply(null, arguments);"
}
[1783513379.097][INFO]: Waiting for pending navigations...
[1783513379.098][INFO]: Done waiting for pending navigations. Status: ok
[1783513379.103][INFO]: Waiting for pending navigations...
[1783513379.104][INFO]: Done waiting for pending navigations. Status: ok
[1783513379.104][INFO]: [8efdbb22e63138c8342c133790a7028c] RESPONSE ExecuteScript "https://rukminim2.flixcart.com/image/612/612/xif0q/mug/r/s/q/ceramic-mr-mrs-coffee-mugs-mr-mrs-mug-mrs-and-mr-mug-mr-and-mrs-original-imahafejhgrksvfh.jpeg?q=70"
[1783513379.106][INFO]: [8efdbb22e63138c8342c133790a7028c] COMMAND FindChildElement {
   "id": "f.49D49945748C2EC068872BC92F3619EA.d.1FA0012362CDD3C62DB479648FDB025A.e.3087",
   "using": "xpath",
   "value": ".//span[@class='PvbNMB']"
}
[1783513379.106][INFO]: Waiting for pending navigations...
[1783513379.107][INFO]: Done waiting for pending navigations. Status: ok
[1783513379.117][INFO]: Waiting for pending navigations...
[1783513379.118][INFO]: Done waiting for pending navigations. Status: ok
[1783513379.118][INFO]: [8efdbb22e63138c8342c133790a7028c] RESPONSE FindChildElement {
   "element-6066-11e4-a52e-4f735466cecf": "f.49D49945748C2EC068872BC92F3619EA.d.1FA0012362CDD3C62DB479648FDB025A.e.3127"
}
[1783513379.120][INFO]: [8efdbb22e63138c8342c133790a7028c] COMMAND GetElementText {
   "id": "f.49D49945748C2EC068872BC92F3619EA.d.1FA0012362CDD3C62DB479648FDB025A.e.3127"
}
[1783513379.120][INFO]: Waiting for pending navigations...
[1783513379.121][INFO]: Done waiting for pending navigations. Status: ok
[1783513379.130][INFO]: Waiting for pending navigations...
[1783513379.131][INFO]: Done waiting for pending navigations. Status: ok
[1783513379.131][INFO]: [8efdbb22e63138c8342c133790a7028c] RESPONSE GetElementText "(2,698)"
[1783513379.133][INFO]: [8efdbb22e63138c8342c133790a7028c] COMMAND FindChildElement {
   "id": "f.49D49945748C2EC068872BC92F3619EA.d.1FA0012362CDD3C62DB479648FDB025A.e.3088",
   "using": "xpath",
   "value": ".//div[@class='lWX0_T']//img"
}
[1783513379.133][INFO]: Waiting for pending navigations...
[1783513379.134][INFO]: Done waiting for pending navigations. Status: ok
[1783513379.144][INFO]: Waiting for pending navigations...
[1783513379.145][INFO]: Done waiting for pending navigations. Status: ok
[1783513379.145][INFO]: [8efdbb22e63138c8342c133790a7028c] RESPONSE FindChildElement {
   "element-6066-11e4-a52e-4f735466cecf": "f.49D49945748C2EC068872BC92F3619EA.d.1FA0012362CDD3C62DB479648FDB025A.e.2163"
}
[1783513379.148][INFO]: [8efdbb22e63138c8342c133790a7028c] COMMAND ExecuteScript {
   "args": [ {
      "element-6066-11e4-a52e-4f735466cecf": "f.49D49945748C2EC068872BC92F3619EA.d.1FA0012362CDD3C62DB479648FDB025A.e.2163"
   }, "alt" ],
   "script": "/* getAttribute */return ((function (element, attribute) {\n    const PROPERTY_ALIASES = {\n        'class': 'className',\n        'readonly': 'readOnly',\n    };\n    const BOOLEAN_PROPERTIES = new Set([\n        'allowfullscreen',\n        'allowpaymentrequest',\n        'allowusermedia',\n        'async',\n        'autofocus',\n        'autoplay',\n        'checked',\n        'compact',\n        'complete',\n        'controls',\n        'declare',\n        'default',\n        'defaultchecked',\n        'defaultselected',\n        'defer',\n        'disabled',\n        'ended',\n        'formnovalidate',\n        'hidden',\n        'indeterminate',\n        'iscontenteditable',\n        'ismap',\n        'itemscope',\n        'loop',\n        'multiple',\n        'muted',\n        'nohref',\n        'nomodule',\n        'noresize',\n        'noshade',\n        'novalidate',\n        'nowrap',\n        'open',\n        'paused',\n        'playsinline',\n        'pubdate',\n        'readonly',\n        'required',\n        'reversed',\n        'scoped',\n        'seamless',\n        'seeking',\n        'selected',\n        'truespeed',\n        'typemustmatch',\n        'willvalidate',\n    ]);\n    function getAttribute(element, attributeName) {\n        return element.getAttribute(attributeName.toLowerCase());\n    }\n    function getProperty(element, propertyName) {\n        return element[propertyName];\n    }\n    function isElement(node, tagName) {\n        const elem = node;\n        if (!elem || elem.nodeType !== 1) {\n            return false;\n        }\n        if (!tagName) {\n            return true;\n        }\n        const normalizedTag = tagName.toUpperCase();\n        if (node instanceof HTMLFormElement) {\n            return normalizedTag === 'FORM';\n        }\n        return typeof elem.tagName === 'string' && elem.tagName.toUpperCase() === normalizedTag;\n    }\n    function isSelectable(element) {\n        if (isElement(element, 'OPTION')) {\n            return true;\n        }\n        if (isElement(element, 'INPUT')) {\n            const type = element.type.toLowerCase();\n            return type === 'checkbox' || type === 'radio';\n        }\n        return false;\n    }\n    function isSelected(element) {\n        var _a;\n        if (isElement(element, 'OPTION')) {\n            return element.selected;\n        }\n        const type = (_a = element.type) === null || _a === void 0 ? void 0 : _a.toLowerCase();\n        if (type === 'checkbox' || type === 'radio') {\n            return element.checked;\n        }\n        return false;\n    }\n    function isObject(value) {\n        return value !== null && (typeof value === 'object' || typeof value === 'function');\n    }\n    const name = attribute.toLowerCase();\n    if (name === 'style') {\n        const style = element.style;\n        if (!style) {\n            return null;\n        }\n        return typeof style === 'string' ? style : style.cssText;\n    }\n    if ((name === 'selected' || name === 'checked') && isSelectable(element)) {\n        return isSelected(element) ? 'true' : null;\n    }\n    const isLink = isElement(element, 'A');\n    const isImg = isElement(element, 'IMG');\n    if ((isImg && name === 'src') || (isLink && name === 'href')) {\n        const attrValue = getAttribute(element, name);\n        if (attrValue) {\n            return String(getProperty(element, name));\n        }\n        return attrValue;\n    }\n    if (name === 'spellcheck') {\n        const attrValue = getAttribute(element, name);\n        if (attrValue !== null) {\n            const lower = attrValue.toLowerCase();\n            if (lower === 'false') {\n                return 'false';\n            }\n            if (lower === 'true') {\n                return 'true';\n            }\n        }\n        return String(getProperty(element, name));\n    }\n    const propName = PROPERTY_ALIASES[name] || attribute;\n    if (BOOLEAN_PROPERTIES.has(name)) {\n        const hasAttr = element.getAttribute(name) !== null;\n        const propValue = getProperty(element, propName);\n        return hasAttr || !!propValue ? 'true' : null;\n    }\n    if (name === 'value' && isElement(element, 'LI')) {\n        const attrValue = element.getAttribute(name);\n        return attrValue != null ? attrValue : null;\n    }\n    let property;\n    try {\n        property = getProperty(element, propName);\n    }\n    catch (_e) {\n    }\n    if (property == null || isObject(property)) {\n        const attrValue = element.getAttribute(name);\n        return attrValue != null ? attrValue : null;\n    }\n    return property != null ? String(property) : null;\n})).apply(null, arguments);"
}
[1783513379.148][INFO]: Waiting for pending navigations...
[1783513379.149][INFO]: Done waiting for pending navigations. Status: ok
[1783513379.154][INFO]: Waiting for pending navigations...
[1783513379.155][INFO]: Done waiting for pending navigations. Status: ok
[1783513379.155][INFO]: [8efdbb22e63138c8342c133790a7028c] RESPONSE ExecuteScript "MMTSWorld Wooden Lid Mojito Glass Sipper Tumbler with Straw for Green Tea Glass Coffee Mug"
[1783513379.157][INFO]: [8efdbb22e63138c8342c133790a7028c] COMMAND FindChildElement {
   "id": "f.49D49945748C2EC068872BC92F3619EA.d.1FA0012362CDD3C62DB479648FDB025A.e.3088",
   "using": "xpath",
   "value": ".//div[@class='lWX0_T']//img"
}
[1783513379.157][INFO]: Waiting for pending navigations...
[1783513379.158][INFO]: Done waiting for pending navigations. Status: ok
[1783513379.166][INFO]: Waiting for pending navigations...
[1783513379.167][INFO]: Done waiting for pending navigations. Status: ok
[1783513379.167][INFO]: [8efdbb22e63138c8342c133790a7028c] RESPONSE FindChildElement {
   "element-6066-11e4-a52e-4f735466cecf": "f.49D49945748C2EC068872BC92F3619EA.d.1FA0012362CDD3C62DB479648FDB025A.e.2163"
}
[1783513379.169][INFO]: [8efdbb22e63138c8342c133790a7028c] COMMAND ExecuteScript {
   "args": [ {
      "element-6066-11e4-a52e-4f735466cecf": "f.49D49945748C2EC068872BC92F3619EA.d.1FA0012362CDD3C62DB479648FDB025A.e.2163"
   }, "src" ],
   "script": "/* getAttribute */return ((function (element, attribute) {\n    const PROPERTY_ALIASES = {\n        'class': 'className',\n        'readonly': 'readOnly',\n    };\n    const BOOLEAN_PROPERTIES = new Set([\n        'allowfullscreen',\n        'allowpaymentrequest',\n        'allowusermedia',\n        'async',\n        'autofocus',\n        'autoplay',\n        'checked',\n        'compact',\n        'complete',\n        'controls',\n        'declare',\n        'default',\n        'defaultchecked',\n        'defaultselected',\n        'defer',\n        'disabled',\n        'ended',\n        'formnovalidate',\n        'hidden',\n        'indeterminate',\n        'iscontenteditable',\n        'ismap',\n        'itemscope',\n        'loop',\n        'multiple',\n        'muted',\n        'nohref',\n        'nomodule',\n        'noresize',\n        'noshade',\n        'novalidate',\n        'nowrap',\n        'open',\n        'paused',\n        'playsinline',\n        'pubdate',\n        'readonly',\n        'required',\n        'reversed',\n        'scoped',\n        'seamless',\n        'seeking',\n        'selected',\n        'truespeed',\n        'typemustmatch',\n        'willvalidate',\n    ]);\n    function getAttribute(element, attributeName) {\n        return element.getAttribute(attributeName.toLowerCase());\n    }\n    function getProperty(element, propertyName) {\n        return element[propertyName];\n    }\n    function isElement(node, tagName) {\n        const elem = node;\n        if (!elem || elem.nodeType !== 1) {\n            return false;\n        }\n        if (!tagName) {\n            return true;\n        }\n        const normalizedTag = tagName.toUpperCase();\n        if (node instanceof HTMLFormElement) {\n            return normalizedTag === 'FORM';\n        }\n        return typeof elem.tagName === 'string' && elem.tagName.toUpperCase() === normalizedTag;\n    }\n    function isSelectable(element) {\n        if (isElement(element, 'OPTION')) {\n            return true;\n        }\n        if (isElement(element, 'INPUT')) {\n            const type = element.type.toLowerCase();\n            return type === 'checkbox' || type === 'radio';\n        }\n        return false;\n    }\n    function isSelected(element) {\n        var _a;\n        if (isElement(element, 'OPTION')) {\n            return element.selected;\n        }\n        const type = (_a = element.type) === null || _a === void 0 ? void 0 : _a.toLowerCase();\n        if (type === 'checkbox' || type === 'radio') {\n            return element.checked;\n        }\n        return false;\n    }\n    function isObject(value) {\n        return value !== null && (typeof value === 'object' || typeof value === 'function');\n    }\n    const name = attribute.toLowerCase();\n    if (name === 'style') {\n        const style = element.style;\n        if (!style) {\n            return null;\n        }\n        return typeof style === 'string' ? style : style.cssText;\n    }\n    if ((name === 'selected' || name === 'checked') && isSelectable(element)) {\n        return isSelected(element) ? 'true' : null;\n    }\n    const isLink = isElement(element, 'A');\n    const isImg = isElement(element, 'IMG');\n    if ((isImg && name === 'src') || (isLink && name === 'href')) {\n        const attrValue = getAttribute(element, name);\n        if (attrValue) {\n            return String(getProperty(element, name));\n        }\n        return attrValue;\n    }\n    if (name === 'spellcheck') {\n        const attrValue = getAttribute(element, name);\n        if (attrValue !== null) {\n            const lower = attrValue.toLowerCase();\n            if (lower === 'false') {\n                return 'false';\n            }\n            if (lower === 'true') {\n                return 'true';\n            }\n        }\n        return String(getProperty(element, name));\n    }\n    const propName = PROPERTY_ALIASES[name] || attribute;\n    if (BOOLEAN_PROPERTIES.has(name)) {\n        const hasAttr = element.getAttribute(name) !== null;\n        const propValue = getProperty(element, propName);\n        return hasAttr || !!propValue ? 'true' : null;\n    }\n    if (name === 'value' && isElement(element, 'LI')) {\n        const attrValue = element.getAttribute(name);\n        return attrValue != null ? attrValue : null;\n    }\n    let property;\n    try {\n        property = getProperty(element, propName);\n    }\n    catch (_e) {\n    }\n    if (property == null || isObject(property)) {\n        const attrValue = element.getAttribute(name);\n        return attrValue != null ? attrValue : null;\n    }\n    return property != null ? String(property) : null;\n})).apply(null, arguments);"
}
[1783513379.169][INFO]: Waiting for pending navigations...
[1783513379.170][INFO]: Done waiting for pending navigations. Status: ok
[1783513379.174][INFO]: Waiting for pending navigations...
[1783513379.175][INFO]: Done waiting for pending navigations. Status: ok
[1783513379.175][INFO]: [8efdbb22e63138c8342c133790a7028c] RESPONSE ExecuteScript "https://rukminim2.flixcart.com/image/612/612/xif0q/shopsy-mug/7/p/r/wooden-lid-mojito-glass-sipper-tumbler-with-straw-for-green-tea-enriched-0-original-imahgyszbrjjzv5u.jpeg?q=70"
[1783513379.177][INFO]: [8efdbb22e63138c8342c133790a7028c] COMMAND FindChildElement {
   "id": "f.49D49945748C2EC068872BC92F3619EA.d.1FA0012362CDD3C62DB479648FDB025A.e.3088",
   "using": "xpath",
   "value": ".//span[@class='PvbNMB']"
}
[1783513379.177][INFO]: Waiting for pending navigations...
[1783513379.178][INFO]: Done waiting for pending navigations. Status: ok
[1783513379.188][INFO]: Waiting for pending navigations...
[1783513379.188][INFO]: Done waiting for pending navigations. Status: ok
[1783513379.188][INFO]: [8efdbb22e63138c8342c133790a7028c] RESPONSE FindChildElement {
   "element-6066-11e4-a52e-4f735466cecf": "f.49D49945748C2EC068872BC92F3619EA.d.1FA0012362CDD3C62DB479648FDB025A.e.3128"
}
[1783513379.190][INFO]: [8efdbb22e63138c8342c133790a7028c] COMMAND GetElementText {
   "id": "f.49D49945748C2EC068872BC92F3619EA.d.1FA0012362CDD3C62DB479648FDB025A.e.3128"
}
[1783513379.190][INFO]: Waiting for pending navigations...
[1783513379.191][INFO]: Done waiting for pending navigations. Status: ok
[1783513379.199][INFO]: Waiting for pending navigations...
[1783513379.199][INFO]: Done waiting for pending navigations. Status: ok
[1783513379.199][INFO]: [8efdbb22e63138c8342c133790a7028c] RESPONSE GetElementText "(962)"
[1783513379.201][INFO]: [8efdbb22e63138c8342c133790a7028c] COMMAND FindChildElement {
   "id": "f.49D49945748C2EC068872BC92F3619EA.d.1FA0012362CDD3C62DB479648FDB025A.e.3089",
   "using": "xpath",
   "value": ".//div[@class='lWX0_T']//img"
}
[1783513379.201][INFO]: Waiting for pending navigations...
[1783513379.202][INFO]: Done waiting for pending navigations. Status: ok
[1783513379.211][INFO]: Waiting for pending navigations...
[1783513379.212][INFO]: Done waiting for pending navigations. Status: ok
[1783513379.212][INFO]: [8efdbb22e63138c8342c133790a7028c] RESPONSE FindChildElement {
   "element-6066-11e4-a52e-4f735466cecf": "f.49D49945748C2EC068872BC92F3619EA.d.1FA0012362CDD3C62DB479648FDB025A.e.2248"
}
[1783513379.214][INFO]: [8efdbb22e63138c8342c133790a7028c] COMMAND ExecuteScript {
   "args": [ {
      "element-6066-11e4-a52e-4f735466cecf": "f.49D49945748C2EC068872BC92F3619EA.d.1FA0012362CDD3C62DB479648FDB025A.e.2248"
   }, "alt" ],
   "script": "/* getAttribute */return ((function (element, attribute) {\n    const PROPERTY_ALIASES = {\n        'class': 'className',\n        'readonly': 'readOnly',\n    };\n    const BOOLEAN_PROPERTIES = new Set([\n        'allowfullscreen',\n        'allowpaymentrequest',\n        'allowusermedia',\n        'async',\n        'autofocus',\n        'autoplay',\n        'checked',\n        'compact',\n        'complete',\n        'controls',\n        'declare',\n        'default',\n        'defaultchecked',\n        'defaultselected',\n        'defer',\n        'disabled',\n        'ended',\n        'formnovalidate',\n        'hidden',\n        'indeterminate',\n        'iscontenteditable',\n        'ismap',\n        'itemscope',\n        'loop',\n        'multiple',\n        'muted',\n        'nohref',\n        'nomodule',\n        'noresize',\n        'noshade',\n        'novalidate',\n        'nowrap',\n        'open',\n        'paused',\n        'playsinline',\n        'pubdate',\n        'readonly',\n        'required',\n        'reversed',\n        'scoped',\n        'seamless',\n        'seeking',\n        'selected',\n        'truespeed',\n        'typemustmatch',\n        'willvalidate',\n    ]);\n    function getAttribute(element, attributeName) {\n        return element.getAttribute(attributeName.toLowerCase());\n    }\n    function getProperty(element, propertyName) {\n        return element[propertyName];\n    }\n    function isElement(node, tagName) {\n        const elem = node;\n        if (!elem || elem.nodeType !== 1) {\n            return false;\n        }\n        if (!tagName) {\n            return true;\n        }\n        const normalizedTag = tagName.toUpperCase();\n        if (node instanceof HTMLFormElement) {\n            return normalizedTag === 'FORM';\n        }\n        return typeof elem.tagName === 'string' && elem.tagName.toUpperCase() === normalizedTag;\n    }\n    function isSelectable(element) {\n        if (isElement(element, 'OPTION')) {\n            return true;\n        }\n        if (isElement(element, 'INPUT')) {\n            const type = element.type.toLowerCase();\n            return type === 'checkbox' || type === 'radio';\n        }\n        return false;\n    }\n    function isSelected(element) {\n        var _a;\n        if (isElement(element, 'OPTION')) {\n            return element.selected;\n        }\n        const type = (_a = element.type) === null || _a === void 0 ? void 0 : _a.toLowerCase();\n        if (type === 'checkbox' || type === 'radio') {\n            return element.checked;\n        }\n        return false;\n    }\n    function isObject(value) {\n        return value !== null && (typeof value === 'object' || typeof value === 'function');\n    }\n    const name = attribute.toLowerCase();\n    if (name === 'style') {\n        const style = element.style;\n        if (!style) {\n            return null;\n        }\n        return typeof style === 'string' ? style : style.cssText;\n    }\n    if ((name === 'selected' || name === 'checked') && isSelectable(element)) {\n        return isSelected(element) ? 'true' : null;\n    }\n    const isLink = isElement(element, 'A');\n    const isImg = isElement(element, 'IMG');\n    if ((isImg && name === 'src') || (isLink && name === 'href')) {\n        const attrValue = getAttribute(element, name);\n        if (attrValue) {\n            return String(getProperty(element, name));\n        }\n        return attrValue;\n    }\n    if (name === 'spellcheck') {\n        const attrValue = getAttribute(element, name);\n        if (attrValue !== null) {\n            const lower = attrValue.toLowerCase();\n            if (lower === 'false') {\n                return 'false';\n            }\n            if (lower === 'true') {\n                return 'true';\n            }\n        }\n        return String(getProperty(element, name));\n    }\n    const propName = PROPERTY_ALIASES[name] || attribute;\n    if (BOOLEAN_PROPERTIES.has(name)) {\n        const hasAttr = element.getAttribute(name) !== null;\n        const propValue = getProperty(element, propName);\n        return hasAttr || !!propValue ? 'true' : null;\n    }\n    if (name === 'value' && isElement(element, 'LI')) {\n        const attrValue = element.getAttribute(name);\n        return attrValue != null ? attrValue : null;\n    }\n    let property;\n    try {\n        property = getProperty(element, propName);\n    }\n    catch (_e) {\n    }\n    if (property == null || isObject(property)) {\n        const attrValue = element.getAttribute(name);\n        return attrValue != null ? attrValue : null;\n    }\n    return property != null ? String(property) : null;\n})).apply(null, arguments);"
}
[1783513379.214][INFO]: Waiting for pending navigations...
[1783513379.215][INFO]: Done waiting for pending navigations. Status: ok
[1783513379.221][INFO]: Waiting for pending navigations...
[1783513379.222][INFO]: Done waiting for pending navigations. Status: ok
[1783513379.222][INFO]: [8efdbb22e63138c8342c133790a7028c] RESPONSE ExecuteScript "MAGICSPOON Stainless Steel Coffee with Lid (300 ml) (Pack of 2) (Pista, Sky Blue) Stainless Steel Coffee Mug"
[1783513379.224][INFO]: [8efdbb22e63138c8342c133790a7028c] COMMAND FindChildElement {
   "id": "f.49D49945748C2EC068872BC92F3619EA.d.1FA0012362CDD3C62DB479648FDB025A.e.3089",
   "using": "xpath",
   "value": ".//div[@class='lWX0_T']//img"
}
[1783513379.224][INFO]: Waiting for pending navigations...
[1783513379.225][INFO]: Done waiting for pending navigations. Status: ok
[1783513379.236][INFO]: Waiting for pending navigations...
[1783513379.236][INFO]: Done waiting for pending navigations. Status: ok
[1783513379.236][INFO]: [8efdbb22e63138c8342c133790a7028c] RESPONSE FindChildElement {
   "element-6066-11e4-a52e-4f735466cecf": "f.49D49945748C2EC068872BC92F3619EA.d.1FA0012362CDD3C62DB479648FDB025A.e.2248"
}
[1783513379.241][INFO]: [8efdbb22e63138c8342c133790a7028c] COMMAND ExecuteScript {
   "args": [ {
      "element-6066-11e4-a52e-4f735466cecf": "f.49D49945748C2EC068872BC92F3619EA.d.1FA0012362CDD3C62DB479648FDB025A.e.2248"
   }, "src" ],
   "script": "/* getAttribute */return ((function (element, attribute) {\n    const PROPERTY_ALIASES = {\n        'class': 'className',\n        'readonly': 'readOnly',\n    };\n    const BOOLEAN_PROPERTIES = new Set([\n        'allowfullscreen',\n        'allowpaymentrequest',\n        'allowusermedia',\n        'async',\n        'autofocus',\n        'autoplay',\n        'checked',\n        'compact',\n        'complete',\n        'controls',\n        'declare',\n        'default',\n        'defaultchecked',\n        'defaultselected',\n        'defer',\n        'disabled',\n        'ended',\n        'formnovalidate',\n        'hidden',\n        'indeterminate',\n        'iscontenteditable',\n        'ismap',\n        'itemscope',\n        'loop',\n        'multiple',\n        'muted',\n        'nohref',\n        'nomodule',\n        'noresize',\n        'noshade',\n        'novalidate',\n        'nowrap',\n        'open',\n        'paused',\n        'playsinline',\n        'pubdate',\n        'readonly',\n        'required',\n        'reversed',\n        'scoped',\n        'seamless',\n        'seeking',\n        'selected',\n        'truespeed',\n        'typemustmatch',\n        'willvalidate',\n    ]);\n    function getAttribute(element, attributeName) {\n        return element.getAttribute(attributeName.toLowerCase());\n    }\n    function getProperty(element, propertyName) {\n        return element[propertyName];\n    }\n    function isElement(node, tagName) {\n        const elem = node;\n        if (!elem || elem.nodeType !== 1) {\n            return false;\n        }\n        if (!tagName) {\n            return true;\n        }\n        const normalizedTag = tagName.toUpperCase();\n        if (node instanceof HTMLFormElement) {\n            return normalizedTag === 'FORM';\n        }\n        return typeof elem.tagName === 'string' && elem.tagName.toUpperCase() === normalizedTag;\n    }\n    function isSelectable(element) {\n        if (isElement(element, 'OPTION')) {\n            return true;\n        }\n        if (isElement(element, 'INPUT')) {\n            const type = element.type.toLowerCase();\n            return type === 'checkbox' || type === 'radio';\n        }\n        return false;\n    }\n    function isSelected(element) {\n        var _a;\n        if (isElement(element, 'OPTION')) {\n            return element.selected;\n        }\n        const type = (_a = element.type) === null || _a === void 0 ? void 0 : _a.toLowerCase();\n        if (type === 'checkbox' || type === 'radio') {\n            return element.checked;\n        }\n        return false;\n    }\n    function isObject(value) {\n        return value !== null && (typeof value === 'object' || typeof value === 'function');\n    }\n    const name = attribute.toLowerCase();\n    if (name === 'style') {\n        const style = element.style;\n        if (!style) {\n            return null;\n        }\n        return typeof style === 'string' ? style : style.cssText;\n    }\n    if ((name === 'selected' || name === 'checked') && isSelectable(element)) {\n        return isSelected(element) ? 'true' : null;\n    }\n    const isLink = isElement(element, 'A');\n    const isImg = isElement(element, 'IMG');\n    if ((isImg && name === 'src') || (isLink && name === 'href')) {\n        const attrValue = getAttribute(element, name);\n        if (attrValue) {\n            return String(getProperty(element, name));\n        }\n        return attrValue;\n    }\n    if (name === 'spellcheck') {\n        const attrValue = getAttribute(element, name);\n        if (attrValue !== null) {\n            const lower = attrValue.toLowerCase();\n            if (lower === 'false') {\n                return 'false';\n            }\n            if (lower === 'true') {\n                return 'true';\n            }\n        }\n        return String(getProperty(element, name));\n    }\n    const propName = PROPERTY_ALIASES[name] || attribute;\n    if (BOOLEAN_PROPERTIES.has(name)) {\n        const hasAttr = element.getAttribute(name) !== null;\n        const propValue = getProperty(element, propName);\n        return hasAttr || !!propValue ? 'true' : null;\n    }\n    if (name === 'value' && isElement(element, 'LI')) {\n        const attrValue = element.getAttribute(name);\n        return attrValue != null ? attrValue : null;\n    }\n    let property;\n    try {\n        property = getProperty(element, propName);\n    }\n    catch (_e) {\n    }\n    if (property == null || isObject(property)) {\n        const attrValue = element.getAttribute(name);\n        return attrValue != null ? attrValue : null;\n    }\n    return property != null ? String(property) : null;\n})).apply(null, arguments);"
}
[1783513379.241][INFO]: Waiting for pending navigations...
[1783513379.242][INFO]: Done waiting for pending navigations. Status: ok
[1783513379.245][INFO]: Waiting for pending navigations...
[1783513379.246][INFO]: Done waiting for pending navigations. Status: ok
[1783513379.246][INFO]: [8efdbb22e63138c8342c133790a7028c] RESPONSE ExecuteScript "https://rukminim2.flixcart.com/image/612/612/xif0q/mug/w/r/k/stainless-steel-coffee-mug-with-lid-300-ml-pack-of-2-pista-sky-enriched-0-original-imahknyrvdh79a4n.jpeg?q=70"
[1783513379.247][INFO]: [8efdbb22e63138c8342c133790a7028c] COMMAND FindChildElement {
   "id": "f.49D49945748C2EC068872BC92F3619EA.d.1FA0012362CDD3C62DB479648FDB025A.e.3089",
   "using": "xpath",
   "value": ".//span[@class='PvbNMB']"
}
[1783513379.247][INFO]: Waiting for pending navigations...
[1783513379.248][INFO]: Done waiting for pending navigations. Status: ok
[1783513379.257][INFO]: Waiting for pending navigations...
[1783513379.257][INFO]: Done waiting for pending navigations. Status: ok
[1783513379.257][INFO]: [8efdbb22e63138c8342c133790a7028c] RESPONSE FindChildElement {
   "element-6066-11e4-a52e-4f735466cecf": "f.49D49945748C2EC068872BC92F3619EA.d.1FA0012362CDD3C62DB479648FDB025A.e.3129"
}
[1783513379.258][INFO]: [8efdbb22e63138c8342c133790a7028c] COMMAND GetElementText {
   "id": "f.49D49945748C2EC068872BC92F3619EA.d.1FA0012362CDD3C62DB479648FDB025A.e.3129"
}
[1783513379.258][INFO]: Waiting for pending navigations...
[1783513379.259][INFO]: Done waiting for pending navigations. Status: ok
[1783513379.268][INFO]: Waiting for pending navigations...
[1783513379.268][INFO]: Done waiting for pending navigations. Status: ok
[1783513379.268][INFO]: [8efdbb22e63138c8342c133790a7028c] RESPONSE GetElementText "(584)"
[1783513379.270][INFO]: [8efdbb22e63138c8342c133790a7028c] COMMAND FindChildElement {
   "id": "f.49D49945748C2EC068872BC92F3619EA.d.1FA0012362CDD3C62DB479648FDB025A.e.3090",
   "using": "xpath",
   "value": ".//div[@class='lWX0_T']//img"
}
[1783513379.270][INFO]: Waiting for pending navigations...
[1783513379.271][INFO]: Done waiting for pending navigations. Status: ok
[1783513379.278][INFO]: Waiting for pending navigations...
[1783513379.279][INFO]: Done waiting for pending navigations. Status: ok
[1783513379.279][INFO]: [8efdbb22e63138c8342c133790a7028c] RESPONSE FindChildElement {
   "element-6066-11e4-a52e-4f735466cecf": "f.49D49945748C2EC068872BC92F3619EA.d.1FA0012362CDD3C62DB479648FDB025A.e.2251"
}
[1783513379.281][INFO]: [8efdbb22e63138c8342c133790a7028c] COMMAND ExecuteScript {
   "args": [ {
      "element-6066-11e4-a52e-4f735466cecf": "f.49D49945748C2EC068872BC92F3619EA.d.1FA0012362CDD3C62DB479648FDB025A.e.2251"
   }, "alt" ],
   "script": "/* getAttribute */return ((function (element, attribute) {\n    const PROPERTY_ALIASES = {\n        'class': 'className',\n        'readonly': 'readOnly',\n    };\n    const BOOLEAN_PROPERTIES = new Set([\n        'allowfullscreen',\n        'allowpaymentrequest',\n        'allowusermedia',\n        'async',\n        'autofocus',\n        'autoplay',\n        'checked',\n        'compact',\n        'complete',\n        'controls',\n        'declare',\n        'default',\n        'defaultchecked',\n        'defaultselected',\n        'defer',\n        'disabled',\n        'ended',\n        'formnovalidate',\n        'hidden',\n        'indeterminate',\n        'iscontenteditable',\n        'ismap',\n        'itemscope',\n        'loop',\n        'multiple',\n        'muted',\n        'nohref',\n        'nomodule',\n        'noresize',\n        'noshade',\n        'novalidate',\n        'nowrap',\n        'open',\n        'paused',\n        'playsinline',\n        'pubdate',\n        'readonly',\n        'required',\n        'reversed',\n        'scoped',\n        'seamless',\n        'seeking',\n        'selected',\n        'truespeed',\n        'typemustmatch',\n        'willvalidate',\n    ]);\n    function getAttribute(element, attributeName) {\n        return element.getAttribute(attributeName.toLowerCase());\n    }\n    function getProperty(element, propertyName) {\n        return element[propertyName];\n    }\n    function isElement(node, tagName) {\n        const elem = node;\n        if (!elem || elem.nodeType !== 1) {\n            return false;\n        }\n        if (!tagName) {\n            return true;\n        }\n        const normalizedTag = tagName.toUpperCase();\n        if (node instanceof HTMLFormElement) {\n            return normalizedTag === 'FORM';\n        }\n        return typeof elem.tagName === 'string' && elem.tagName.toUpperCase() === normalizedTag;\n    }\n    function isSelectable(element) {\n        if (isElement(element, 'OPTION')) {\n            return true;\n        }\n        if (isElement(element, 'INPUT')) {\n            const type = element.type.toLowerCase();\n            return type === 'checkbox' || type === 'radio';\n        }\n        return false;\n    }\n    function isSelected(element) {\n        var _a;\n        if (isElement(element, 'OPTION')) {\n            return element.selected;\n        }\n        const type = (_a = element.type) === null || _a === void 0 ? void 0 : _a.toLowerCase();\n        if (type === 'checkbox' || type === 'radio') {\n            return element.checked;\n        }\n        return false;\n    }\n    function isObject(value) {\n        return value !== null && (typeof value === 'object' || typeof value === 'function');\n    }\n    const name = attribute.toLowerCase();\n    if (name === 'style') {\n        const style = element.style;\n        if (!style) {\n            return null;\n        }\n        return typeof style === 'string' ? style : style.cssText;\n    }\n    if ((name === 'selected' || name === 'checked') && isSelectable(element)) {\n        return isSelected(element) ? 'true' : null;\n    }\n    const isLink = isElement(element, 'A');\n    const isImg = isElement(element, 'IMG');\n    if ((isImg && name === 'src') || (isLink && name === 'href')) {\n        const attrValue = getAttribute(element, name);\n        if (attrValue) {\n            return String(getProperty(element, name));\n        }\n        return attrValue;\n    }\n    if (name === 'spellcheck') {\n        const attrValue = getAttribute(element, name);\n        if (attrValue !== null) {\n            const lower = attrValue.toLowerCase();\n            if (lower === 'false') {\n                return 'false';\n            }\n            if (lower === 'true') {\n                return 'true';\n            }\n        }\n        return String(getProperty(element, name));\n    }\n    const propName = PROPERTY_ALIASES[name] || attribute;\n    if (BOOLEAN_PROPERTIES.has(name)) {\n        const hasAttr = element.getAttribute(name) !== null;\n        const propValue = getProperty(element, propName);\n        return hasAttr || !!propValue ? 'true' : null;\n    }\n    if (name === 'value' && isElement(element, 'LI')) {\n        const attrValue = element.getAttribute(name);\n        return attrValue != null ? attrValue : null;\n    }\n    let property;\n    try {\n        property = getProperty(element, propName);\n    }\n    catch (_e) {\n    }\n    if (property == null || isObject(property)) {\n        const attrValue = element.getAttribute(name);\n        return attrValue != null ? attrValue : null;\n    }\n    return property != null ? String(property) : null;\n})).apply(null, arguments);"
}
[1783513379.281][INFO]: Waiting for pending navigations...
[1783513379.282][INFO]: Done waiting for pending navigations. Status: ok
[1783513379.287][INFO]: Waiting for pending navigations...
[1783513379.287][INFO]: Done waiting for pending navigations. Status: ok
[1783513379.287][INFO]: [8efdbb22e63138c8342c133790a7028c] RESPONSE ExecuteScript "Moon Dust Pink & White Stripped Stoneware, Ceramic Coffee Mug"
[1783513379.289][INFO]: [8efdbb22e63138c8342c133790a7028c] COMMAND FindChildElement {
   "id": "f.49D49945748C2EC068872BC92F3619EA.d.1FA0012362CDD3C62DB479648FDB025A.e.3090",
   "using": "xpath",
   "value": ".//div[@class='lWX0_T']//img"
}
[1783513379.289][INFO]: Waiting for pending navigations...
[1783513379.290][INFO]: Done waiting for pending navigations. Status: ok
[1783513379.299][INFO]: Waiting for pending navigations...
[1783513379.300][INFO]: Done waiting for pending navigations. Status: ok
[1783513379.300][INFO]: [8efdbb22e63138c8342c133790a7028c] RESPONSE FindChildElement {
   "element-6066-11e4-a52e-4f735466cecf": "f.49D49945748C2EC068872BC92F3619EA.d.1FA0012362CDD3C62DB479648FDB025A.e.2251"
}
[1783513379.302][INFO]: [8efdbb22e63138c8342c133790a7028c] COMMAND ExecuteScript {
   "args": [ {
      "element-6066-11e4-a52e-4f735466cecf": "f.49D49945748C2EC068872BC92F3619EA.d.1FA0012362CDD3C62DB479648FDB025A.e.2251"
   }, "src" ],
   "script": "/* getAttribute */return ((function (element, attribute) {\n    const PROPERTY_ALIASES = {\n        'class': 'className',\n        'readonly': 'readOnly',\n    };\n    const BOOLEAN_PROPERTIES = new Set([\n        'allowfullscreen',\n        'allowpaymentrequest',\n        'allowusermedia',\n        'async',\n        'autofocus',\n        'autoplay',\n        'checked',\n        'compact',\n        'complete',\n        'controls',\n        'declare',\n        'default',\n        'defaultchecked',\n        'defaultselected',\n        'defer',\n        'disabled',\n        'ended',\n        'formnovalidate',\n        'hidden',\n        'indeterminate',\n        'iscontenteditable',\n        'ismap',\n        'itemscope',\n        'loop',\n        'multiple',\n        'muted',\n        'nohref',\n        'nomodule',\n        'noresize',\n        'noshade',\n        'novalidate',\n        'nowrap',\n        'open',\n        'paused',\n        'playsinline',\n        'pubdate',\n        'readonly',\n        'required',\n        'reversed',\n        'scoped',\n        'seamless',\n        'seeking',\n        'selected',\n        'truespeed',\n        'typemustmatch',\n        'willvalidate',\n    ]);\n    function getAttribute(element, attributeName) {\n        return element.getAttribute(attributeName.toLowerCase());\n    }\n    function getProperty(element, propertyName) {\n        return element[propertyName];\n    }\n    function isElement(node, tagName) {\n        const elem = node;\n        if (!elem || elem.nodeType !== 1) {\n            return false;\n        }\n        if (!tagName) {\n            return true;\n        }\n        const normalizedTag = tagName.toUpperCase();\n        if (node instanceof HTMLFormElement) {\n            return normalizedTag === 'FORM';\n        }\n        return typeof elem.tagName === 'string' && elem.tagName.toUpperCase() === normalizedTag;\n    }\n    function isSelectable(element) {\n        if (isElement(element, 'OPTION')) {\n            return true;\n        }\n        if (isElement(element, 'INPUT')) {\n            const type = element.type.toLowerCase();\n            return type === 'checkbox' || type === 'radio';\n        }\n        return false;\n    }\n    function isSelected(element) {\n        var _a;\n        if (isElement(element, 'OPTION')) {\n            return element.selected;\n        }\n        const type = (_a = element.type) === null || _a === void 0 ? void 0 : _a.toLowerCase();\n        if (type === 'checkbox' || type === 'radio') {\n            return element.checked;\n        }\n        return false;\n    }\n    function isObject(value) {\n        return value !== null && (typeof value === 'object' || typeof value === 'function');\n    }\n    const name = attribute.toLowerCase();\n    if (name === 'style') {\n        const style = element.style;\n        if (!style) {\n            return null;\n        }\n        return typeof style === 'string' ? style : style.cssText;\n    }\n    if ((name === 'selected' || name === 'checked') && isSelectable(element)) {\n        return isSelected(element) ? 'true' : null;\n    }\n    const isLink = isElement(element, 'A');\n    const isImg = isElement(element, 'IMG');\n    if ((isImg && name === 'src') || (isLink && name === 'href')) {\n        const attrValue = getAttribute(element, name);\n        if (attrValue) {\n            return String(getProperty(element, name));\n        }\n        return attrValue;\n    }\n    if (name === 'spellcheck') {\n        const attrValue = getAttribute(element, name);\n        if (attrValue !== null) {\n            const lower = attrValue.toLowerCase();\n            if (lower === 'false') {\n                return 'false';\n            }\n            if (lower === 'true') {\n                return 'true';\n            }\n        }\n        return String(getProperty(element, name));\n    }\n    const propName = PROPERTY_ALIASES[name] || attribute;\n    if (BOOLEAN_PROPERTIES.has(name)) {\n        const hasAttr = element.getAttribute(name) !== null;\n        const propValue = getProperty(element, propName);\n        return hasAttr || !!propValue ? 'true' : null;\n    }\n    if (name === 'value' && isElement(element, 'LI')) {\n        const attrValue = element.getAttribute(name);\n        return attrValue != null ? attrValue : null;\n    }\n    let property;\n    try {\n        property = getProperty(element, propName);\n    }\n    catch (_e) {\n    }\n    if (property == null || isObject(property)) {\n        const attrValue = element.getAttribute(name);\n        return attrValue != null ? attrValue : null;\n    }\n    return property != null ? String(property) : null;\n})).apply(null, arguments);"
}
[1783513379.302][INFO]: Waiting for pending navigations...
[1783513379.303][INFO]: Done waiting for pending navigations. Status: ok
[1783513379.308][INFO]: Waiting for pending navigations...
[1783513379.309][INFO]: Done waiting for pending navigations. Status: ok
[1783513379.309][INFO]: [8efdbb22e63138c8342c133790a7028c] RESPONSE ExecuteScript "https://rukminim2.flixcart.com/image/612/612/xif0q/mug/w/b/h/pink-white-stripped-300-1-moon-dust-original-imahhhbnvzgz64ma.jpeg?q=70"
[1783513379.311][INFO]: [8efdbb22e63138c8342c133790a7028c] COMMAND FindChildElement {
   "id": "f.49D49945748C2EC068872BC92F3619EA.d.1FA0012362CDD3C62DB479648FDB025A.e.3090",
   "using": "xpath",
   "value": ".//span[@class='PvbNMB']"
}
[1783513379.311][INFO]: Waiting for pending navigations...
[1783513379.312][INFO]: Done waiting for pending navigations. Status: ok
[1783513379.320][INFO]: Waiting for pending navigations...
[1783513379.322][INFO]: Done waiting for pending navigations. Status: ok
[1783513379.322][INFO]: [8efdbb22e63138c8342c133790a7028c] RESPONSE FindChildElement {
   "element-6066-11e4-a52e-4f735466cecf": "f.49D49945748C2EC068872BC92F3619EA.d.1FA0012362CDD3C62DB479648FDB025A.e.3130"
}
[1783513379.323][INFO]: [8efdbb22e63138c8342c133790a7028c] COMMAND GetElementText {
   "id": "f.49D49945748C2EC068872BC92F3619EA.d.1FA0012362CDD3C62DB479648FDB025A.e.3130"
}
[1783513379.324][INFO]: Waiting for pending navigations...
[1783513379.325][INFO]: Done waiting for pending navigations. Status: ok
[1783513379.333][INFO]: Waiting for pending navigations...
[1783513379.334][INFO]: Done waiting for pending navigations. Status: ok
[1783513379.334][INFO]: [8efdbb22e63138c8342c133790a7028c] RESPONSE GetElementText "(104)"
[1783513379.336][INFO]: [8efdbb22e63138c8342c133790a7028c] COMMAND FindChildElement {
   "id": "f.49D49945748C2EC068872BC92F3619EA.d.1FA0012362CDD3C62DB479648FDB025A.e.3091",
   "using": "xpath",
   "value": ".//div[@class='lWX0_T']//img"
}
[1783513379.336][INFO]: Waiting for pending navigations...
[1783513379.337][INFO]: Done waiting for pending navigations. Status: ok
[1783513379.347][INFO]: Waiting for pending navigations...
[1783513379.348][INFO]: Done waiting for pending navigations. Status: ok
[1783513379.348][INFO]: [8efdbb22e63138c8342c133790a7028c] RESPONSE FindChildElement {
   "element-6066-11e4-a52e-4f735466cecf": "f.49D49945748C2EC068872BC92F3619EA.d.1FA0012362CDD3C62DB479648FDB025A.e.2167"
}
[1783513379.350][INFO]: [8efdbb22e63138c8342c133790a7028c] COMMAND ExecuteScript {
   "args": [ {
      "element-6066-11e4-a52e-4f735466cecf": "f.49D49945748C2EC068872BC92F3619EA.d.1FA0012362CDD3C62DB479648FDB025A.e.2167"
   }, "alt" ],
   "script": "/* getAttribute */return ((function (element, attribute) {\n    const PROPERTY_ALIASES = {\n        'class': 'className',\n        'readonly': 'readOnly',\n    };\n    const BOOLEAN_PROPERTIES = new Set([\n        'allowfullscreen',\n        'allowpaymentrequest',\n        'allowusermedia',\n        'async',\n        'autofocus',\n        'autoplay',\n        'checked',\n        'compact',\n        'complete',\n        'controls',\n        'declare',\n        'default',\n        'defaultchecked',\n        'defaultselected',\n        'defer',\n        'disabled',\n        'ended',\n        'formnovalidate',\n        'hidden',\n        'indeterminate',\n        'iscontenteditable',\n        'ismap',\n        'itemscope',\n        'loop',\n        'multiple',\n        'muted',\n        'nohref',\n        'nomodule',\n        'noresize',\n        'noshade',\n        'novalidate',\n        'nowrap',\n        'open',\n        'paused',\n        'playsinline',\n        'pubdate',\n        'readonly',\n        'required',\n        'reversed',\n        'scoped',\n        'seamless',\n        'seeking',\n        'selected',\n        'truespeed',\n        'typemustmatch',\n        'willvalidate',\n    ]);\n    function getAttribute(element, attributeName) {\n        return element.getAttribute(attributeName.toLowerCase());\n    }\n    function getProperty(element, propertyName) {\n        return element[propertyName];\n    }\n    function isElement(node, tagName) {\n        const elem = node;\n        if (!elem || elem.nodeType !== 1) {\n            return false;\n        }\n        if (!tagName) {\n            return true;\n        }\n        const normalizedTag = tagName.toUpperCase();\n        if (node instanceof HTMLFormElement) {\n            return normalizedTag === 'FORM';\n        }\n        return typeof elem.tagName === 'string' && elem.tagName.toUpperCase() === normalizedTag;\n    }\n    function isSelectable(element) {\n        if (isElement(element, 'OPTION')) {\n            return true;\n        }\n        if (isElement(element, 'INPUT')) {\n            const type = element.type.toLowerCase();\n            return type === 'checkbox' || type === 'radio';\n        }\n        return false;\n    }\n    function isSelected(element) {\n        var _a;\n        if (isElement(element, 'OPTION')) {\n            return element.selected;\n        }\n        const type = (_a = element.type) === null || _a === void 0 ? void 0 : _a.toLowerCase();\n        if (type === 'checkbox' || type === 'radio') {\n            return element.checked;\n        }\n        return false;\n    }\n    function isObject(value) {\n        return value !== null && (typeof value === 'object' || typeof value === 'function');\n    }\n    const name = attribute.toLowerCase();\n    if (name === 'style') {\n        const style = element.style;\n        if (!style) {\n            return null;\n        }\n        return typeof style === 'string' ? style : style.cssText;\n    }\n    if ((name === 'selected' || name === 'checked') && isSelectable(element)) {\n        return isSelected(element) ? 'true' : null;\n    }\n    const isLink = isElement(element, 'A');\n    const isImg = isElement(element, 'IMG');\n    if ((isImg && name === 'src') || (isLink && name === 'href')) {\n        const attrValue = getAttribute(element, name);\n        if (attrValue) {\n            return String(getProperty(element, name));\n        }\n        return attrValue;\n    }\n    if (name === 'spellcheck') {\n        const attrValue = getAttribute(element, name);\n        if (attrValue !== null) {\n            const lower = attrValue.toLowerCase();\n            if (lower === 'false') {\n                return 'false';\n            }\n            if (lower === 'true') {\n                return 'true';\n            }\n        }\n        return String(getProperty(element, name));\n    }\n    const propName = PROPERTY_ALIASES[name] || attribute;\n    if (BOOLEAN_PROPERTIES.has(name)) {\n        const hasAttr = element.getAttribute(name) !== null;\n        const propValue = getProperty(element, propName);\n        return hasAttr || !!propValue ? 'true' : null;\n    }\n    if (name === 'value' && isElement(element, 'LI')) {\n        const attrValue = element.getAttribute(name);\n        return attrValue != null ? attrValue : null;\n    }\n    let property;\n    try {\n        property = getProperty(element, propName);\n    }\n    catch (_e) {\n    }\n    if (property == null || isObject(property)) {\n        const attrValue = element.getAttribute(name);\n        return attrValue != null ? attrValue : null;\n    }\n    return property != null ? String(property) : null;\n})).apply(null, arguments);"
}
[1783513379.350][INFO]: Waiting for pending navigations...
[1783513379.351][INFO]: Done waiting for pending navigations. Status: ok
[1783513379.357][INFO]: Waiting for pending navigations...
[1783513379.357][INFO]: Done waiting for pending navigations. Status: ok
[1783513379.357][INFO]: [8efdbb22e63138c8342c133790a7028c] RESPONSE ExecuteScript "GoodsNet Inductive Rainbow Color Cup LED Flashing 7 Color Changing Light. Pour Water or Tea, Lighting Cup, Easy battery replace Glass (250 ml) Glass Beer Mug"
[1783513379.359][INFO]: [8efdbb22e63138c8342c133790a7028c] COMMAND FindChildElement {
   "id": "f.49D49945748C2EC068872BC92F3619EA.d.1FA0012362CDD3C62DB479648FDB025A.e.3091",
   "using": "xpath",
   "value": ".//div[@class='lWX0_T']//img"
}
[1783513379.360][INFO]: Waiting for pending navigations...
[1783513379.361][INFO]: Done waiting for pending navigations. Status: ok
[1783513379.370][INFO]: Waiting for pending navigations...
[1783513379.371][INFO]: Done waiting for pending navigations. Status: ok
[1783513379.371][INFO]: [8efdbb22e63138c8342c133790a7028c] RESPONSE FindChildElement {
   "element-6066-11e4-a52e-4f735466cecf": "f.49D49945748C2EC068872BC92F3619EA.d.1FA0012362CDD3C62DB479648FDB025A.e.2167"
}
[1783513379.374][INFO]: [8efdbb22e63138c8342c133790a7028c] COMMAND ExecuteScript {
   "args": [ {
      "element-6066-11e4-a52e-4f735466cecf": "f.49D49945748C2EC068872BC92F3619EA.d.1FA0012362CDD3C62DB479648FDB025A.e.2167"
   }, "src" ],
   "script": "/* getAttribute */return ((function (element, attribute) {\n    const PROPERTY_ALIASES = {\n        'class': 'className',\n        'readonly': 'readOnly',\n    };\n    const BOOLEAN_PROPERTIES = new Set([\n        'allowfullscreen',\n        'allowpaymentrequest',\n        'allowusermedia',\n        'async',\n        'autofocus',\n        'autoplay',\n        'checked',\n        'compact',\n        'complete',\n        'controls',\n        'declare',\n        'default',\n        'defaultchecked',\n        'defaultselected',\n        'defer',\n        'disabled',\n        'ended',\n        'formnovalidate',\n        'hidden',\n        'indeterminate',\n        'iscontenteditable',\n        'ismap',\n        'itemscope',\n        'loop',\n        'multiple',\n        'muted',\n        'nohref',\n        'nomodule',\n        'noresize',\n        'noshade',\n        'novalidate',\n        'nowrap',\n        'open',\n        'paused',\n        'playsinline',\n        'pubdate',\n        'readonly',\n        'required',\n        'reversed',\n        'scoped',\n        'seamless',\n        'seeking',\n        'selected',\n        'truespeed',\n        'typemustmatch',\n        'willvalidate',\n    ]);\n    function getAttribute(element, attributeName) {\n        return element.getAttribute(attributeName.toLowerCase());\n    }\n    function getProperty(element, propertyName) {\n        return element[propertyName];\n    }\n    function isElement(node, tagName) {\n        const elem = node;\n        if (!elem || elem.nodeType !== 1) {\n            return false;\n        }\n        if (!tagName) {\n            return true;\n        }\n        const normalizedTag = tagName.toUpperCase();\n        if (node instanceof HTMLFormElement) {\n            return normalizedTag === 'FORM';\n        }\n        return typeof elem.tagName === 'string' && elem.tagName.toUpperCase() === normalizedTag;\n    }\n    function isSelectable(element) {\n        if (isElement(element, 'OPTION')) {\n            return true;\n        }\n        if (isElement(element, 'INPUT')) {\n            const type = element.type.toLowerCase();\n            return type === 'checkbox' || type === 'radio';\n        }\n        return false;\n    }\n    function isSelected(element) {\n        var _a;\n        if (isElement(element, 'OPTION')) {\n            return element.selected;\n        }\n        const type = (_a = element.type) === null || _a === void 0 ? void 0 : _a.toLowerCase();\n        if (type === 'checkbox' || type === 'radio') {\n            return element.checked;\n        }\n        return false;\n    }\n    function isObject(value) {\n        return value !== null && (typeof value === 'object' || typeof value === 'function');\n    }\n    const name = attribute.toLowerCase();\n    if (name === 'style') {\n        const style = element.style;\n        if (!style) {\n            return null;\n        }\n        return typeof style === 'string' ? style : style.cssText;\n    }\n    if ((name === 'selected' || name === 'checked') && isSelectable(element)) {\n        return isSelected(element) ? 'true' : null;\n    }\n    const isLink = isElement(element, 'A');\n    const isImg = isElement(element, 'IMG');\n    if ((isImg && name === 'src') || (isLink && name === 'href')) {\n        const attrValue = getAttribute(element, name);\n        if (attrValue) {\n            return String(getProperty(element, name));\n        }\n        return attrValue;\n    }\n    if (name === 'spellcheck') {\n        const attrValue = getAttribute(element, name);\n        if (attrValue !== null) {\n            const lower = attrValue.toLowerCase();\n            if (lower === 'false') {\n                return 'false';\n            }\n            if (lower === 'true') {\n                return 'true';\n            }\n        }\n        return String(getProperty(element, name));\n    }\n    const propName = PROPERTY_ALIASES[name] || attribute;\n    if (BOOLEAN_PROPERTIES.has(name)) {\n        const hasAttr = element.getAttribute(name) !== null;\n        const propValue = getProperty(element, propName);\n        return hasAttr || !!propValue ? 'true' : null;\n    }\n    if (name === 'value' && isElement(element, 'LI')) {\n        const attrValue = element.getAttribute(name);\n        return attrValue != null ? attrValue : null;\n    }\n    let property;\n    try {\n        property = getProperty(element, propName);\n    }\n    catch (_e) {\n    }\n    if (property == null || isObject(property)) {\n        const attrValue = element.getAttribute(name);\n        return attrValue != null ? attrValue : null;\n    }\n    return property != null ? String(property) : null;\n})).apply(null, arguments);"
}
[1783513379.374][INFO]: Waiting for pending navigations...
[1783513379.375][INFO]: Done waiting for pending navigations. Status: ok
[1783513379.380][INFO]: Waiting for pending navigations...
[1783513379.380][INFO]: Done waiting for pending navigations. Status: ok
[1783513379.380][INFO]: [8efdbb22e63138c8342c133790a7028c] RESPONSE ExecuteScript "https://rukminim2.flixcart.com/image/612/612/xif0q/mug/m/t/v/inductive-rainbow-color-cup-led-flashing-7-color-changing-light-original-imah8hcehyhmjjjr.jpeg?q=70"
[1783513379.382][INFO]: [8efdbb22e63138c8342c133790a7028c] COMMAND FindChildElement {
   "id": "f.49D49945748C2EC068872BC92F3619EA.d.1FA0012362CDD3C62DB479648FDB025A.e.3091",
   "using": "xpath",
   "value": ".//span[@class='PvbNMB']"
}
[1783513379.382][INFO]: Waiting for pending navigations...
[1783513379.383][INFO]: Done waiting for pending navigations. Status: ok
[1783513379.392][INFO]: Waiting for pending navigations...
[1783513379.393][INFO]: Done waiting for pending navigations. Status: ok
[1783513379.393][INFO]: [8efdbb22e63138c8342c133790a7028c] RESPONSE FindChildElement {
   "element-6066-11e4-a52e-4f735466cecf": "f.49D49945748C2EC068872BC92F3619EA.d.1FA0012362CDD3C62DB479648FDB025A.e.3131"
}
[1783513379.394][INFO]: [8efdbb22e63138c8342c133790a7028c] COMMAND GetElementText {
   "id": "f.49D49945748C2EC068872BC92F3619EA.d.1FA0012362CDD3C62DB479648FDB025A.e.3131"
}
[1783513379.394][INFO]: Waiting for pending navigations...
[1783513379.395][INFO]: Done waiting for pending navigations. Status: ok
[1783513379.405][INFO]: Waiting for pending navigations...
[1783513379.406][INFO]: Done waiting for pending navigations. Status: ok
[1783513379.406][INFO]: [8efdbb22e63138c8342c133790a7028c] RESPONSE GetElementText "(366)"
[1783513379.408][INFO]: [8efdbb22e63138c8342c133790a7028c] COMMAND FindChildElement {
   "id": "f.49D49945748C2EC068872BC92F3619EA.d.1FA0012362CDD3C62DB479648FDB025A.e.3092",
   "using": "xpath",
   "value": ".//div[@class='lWX0_T']//img"
}
[1783513379.408][INFO]: Waiting for pending navigations...
[1783513379.409][INFO]: Done waiting for pending navigations. Status: ok
[1783513379.419][INFO]: Waiting for pending navigations...
[1783513379.420][INFO]: Done waiting for pending navigations. Status: ok
[1783513379.420][INFO]: [8efdbb22e63138c8342c133790a7028c] RESPONSE FindChildElement {
   "element-6066-11e4-a52e-4f735466cecf": "f.49D49945748C2EC068872BC92F3619EA.d.1FA0012362CDD3C62DB479648FDB025A.e.2279"
}
[1783513379.422][INFO]: [8efdbb22e63138c8342c133790a7028c] COMMAND ExecuteScript {
   "args": [ {
      "element-6066-11e4-a52e-4f735466cecf": "f.49D49945748C2EC068872BC92F3619EA.d.1FA0012362CDD3C62DB479648FDB025A.e.2279"
   }, "alt" ],
   "script": "/* getAttribute */return ((function (element, attribute) {\n    const PROPERTY_ALIASES = {\n        'class': 'className',\n        'readonly': 'readOnly',\n    };\n    const BOOLEAN_PROPERTIES = new Set([\n        'allowfullscreen',\n        'allowpaymentrequest',\n        'allowusermedia',\n        'async',\n        'autofocus',\n        'autoplay',\n        'checked',\n        'compact',\n        'complete',\n        'controls',\n        'declare',\n        'default',\n        'defaultchecked',\n        'defaultselected',\n        'defer',\n        'disabled',\n        'ended',\n        'formnovalidate',\n        'hidden',\n        'indeterminate',\n        'iscontenteditable',\n        'ismap',\n        'itemscope',\n        'loop',\n        'multiple',\n        'muted',\n        'nohref',\n        'nomodule',\n        'noresize',\n        'noshade',\n        'novalidate',\n        'nowrap',\n        'open',\n        'paused',\n        'playsinline',\n        'pubdate',\n        'readonly',\n        'required',\n        'reversed',\n        'scoped',\n        'seamless',\n        'seeking',\n        'selected',\n        'truespeed',\n        'typemustmatch',\n        'willvalidate',\n    ]);\n    function getAttribute(element, attributeName) {\n        return element.getAttribute(attributeName.toLowerCase());\n    }\n    function getProperty(element, propertyName) {\n        return element[propertyName];\n    }\n    function isElement(node, tagName) {\n        const elem = node;\n        if (!elem || elem.nodeType !== 1) {\n            return false;\n        }\n        if (!tagName) {\n            return true;\n        }\n        const normalizedTag = tagName.toUpperCase();\n        if (node instanceof HTMLFormElement) {\n            return normalizedTag === 'FORM';\n        }\n        return typeof elem.tagName === 'string' && elem.tagName.toUpperCase() === normalizedTag;\n    }\n    function isSelectable(element) {\n        if (isElement(element, 'OPTION')) {\n            return true;\n        }\n        if (isElement(element, 'INPUT')) {\n            const type = element.type.toLowerCase();\n            return type === 'checkbox' || type === 'radio';\n        }\n        return false;\n    }\n    function isSelected(element) {\n        var _a;\n        if (isElement(element, 'OPTION')) {\n            return element.selected;\n        }\n        const type = (_a = element.type) === null || _a === void 0 ? void 0 : _a.toLowerCase();\n        if (type === 'checkbox' || type === 'radio') {\n            return element.checked;\n        }\n        return false;\n    }\n    function isObject(value) {\n        return value !== null && (typeof value === 'object' || typeof value === 'function');\n    }\n    const name = attribute.toLowerCase();\n    if (name === 'style') {\n        const style = element.style;\n        if (!style) {\n            return null;\n        }\n        return typeof style === 'string' ? style : style.cssText;\n    }\n    if ((name === 'selected' || name === 'checked') && isSelectable(element)) {\n        return isSelected(element) ? 'true' : null;\n    }\n    const isLink = isElement(element, 'A');\n    const isImg = isElement(element, 'IMG');\n    if ((isImg && name === 'src') || (isLink && name === 'href')) {\n        const attrValue = getAttribute(element, name);\n        if (attrValue) {\n            return String(getProperty(element, name));\n        }\n        return attrValue;\n    }\n    if (name === 'spellcheck') {\n        const attrValue = getAttribute(element, name);\n        if (attrValue !== null) {\n            const lower = attrValue.toLowerCase();\n            if (lower === 'false') {\n                return 'false';\n            }\n            if (lower === 'true') {\n                return 'true';\n            }\n        }\n        return String(getProperty(element, name));\n    }\n    const propName = PROPERTY_ALIASES[name] || attribute;\n    if (BOOLEAN_PROPERTIES.has(name)) {\n        const hasAttr = element.getAttribute(name) !== null;\n        const propValue = getProperty(element, propName);\n        return hasAttr || !!propValue ? 'true' : null;\n    }\n    if (name === 'value' && isElement(element, 'LI')) {\n        const attrValue = element.getAttribute(name);\n        return attrValue != null ? attrValue : null;\n    }\n    let property;\n    try {\n        property = getProperty(element, propName);\n    }\n    catch (_e) {\n    }\n    if (property == null || isObject(property)) {\n        const attrValue = element.getAttribute(name);\n        return attrValue != null ? attrValue : null;\n    }\n    return property != null ? String(property) : null;\n})).apply(null, arguments);"
}
[1783513379.422][INFO]: Waiting for pending navigations...
[1783513379.423][INFO]: Done waiting for pending navigations. Status: ok
[1783513379.428][INFO]: Waiting for pending navigations...
[1783513379.429][INFO]: Done waiting for pending navigations. Status: ok
[1783513379.429][INFO]: [8efdbb22e63138c8342c133790a7028c] RESPONSE ExecuteScript "drcgifthub 4 Photo, Four Photo, Personalized Photo, Collage, Ceramic Coffee Mug"
[1783513379.432][INFO]: [8efdbb22e63138c8342c133790a7028c] COMMAND FindChildElement {
   "id": "f.49D49945748C2EC068872BC92F3619EA.d.1FA0012362CDD3C62DB479648FDB025A.e.3092",
   "using": "xpath",
   "value": ".//div[@class='lWX0_T']//img"
}
[1783513379.432][INFO]: Waiting for pending navigations...
[1783513379.433][INFO]: Done waiting for pending navigations. Status: ok
[1783513379.442][INFO]: Waiting for pending navigations...
[1783513379.443][INFO]: Done waiting for pending navigations. Status: ok
[1783513379.443][INFO]: [8efdbb22e63138c8342c133790a7028c] RESPONSE FindChildElement {
   "element-6066-11e4-a52e-4f735466cecf": "f.49D49945748C2EC068872BC92F3619EA.d.1FA0012362CDD3C62DB479648FDB025A.e.2279"
}
[1783513379.445][INFO]: [8efdbb22e63138c8342c133790a7028c] COMMAND ExecuteScript {
   "args": [ {
      "element-6066-11e4-a52e-4f735466cecf": "f.49D49945748C2EC068872BC92F3619EA.d.1FA0012362CDD3C62DB479648FDB025A.e.2279"
   }, "src" ],
   "script": "/* getAttribute */return ((function (element, attribute) {\n    const PROPERTY_ALIASES = {\n        'class': 'className',\n        'readonly': 'readOnly',\n    };\n    const BOOLEAN_PROPERTIES = new Set([\n        'allowfullscreen',\n        'allowpaymentrequest',\n        'allowusermedia',\n        'async',\n        'autofocus',\n        'autoplay',\n        'checked',\n        'compact',\n        'complete',\n        'controls',\n        'declare',\n        'default',\n        'defaultchecked',\n        'defaultselected',\n        'defer',\n        'disabled',\n        'ended',\n        'formnovalidate',\n        'hidden',\n        'indeterminate',\n        'iscontenteditable',\n        'ismap',\n        'itemscope',\n        'loop',\n        'multiple',\n        'muted',\n        'nohref',\n        'nomodule',\n        'noresize',\n        'noshade',\n        'novalidate',\n        'nowrap',\n        'open',\n        'paused',\n        'playsinline',\n        'pubdate',\n        'readonly',\n        'required',\n        'reversed',\n        'scoped',\n        'seamless',\n        'seeking',\n        'selected',\n        'truespeed',\n        'typemustmatch',\n        'willvalidate',\n    ]);\n    function getAttribute(element, attributeName) {\n        return element.getAttribute(attributeName.toLowerCase());\n    }\n    function getProperty(element, propertyName) {\n        return element[propertyName];\n    }\n    function isElement(node, tagName) {\n        const elem = node;\n        if (!elem || elem.nodeType !== 1) {\n            return false;\n        }\n        if (!tagName) {\n            return true;\n        }\n        const normalizedTag = tagName.toUpperCase();\n        if (node instanceof HTMLFormElement) {\n            return normalizedTag === 'FORM';\n        }\n        return typeof elem.tagName === 'string' && elem.tagName.toUpperCase() === normalizedTag;\n    }\n    function isSelectable(element) {\n        if (isElement(element, 'OPTION')) {\n            return true;\n        }\n        if (isElement(element, 'INPUT')) {\n            const type = element.type.toLowerCase();\n            return type === 'checkbox' || type === 'radio';\n        }\n        return false;\n    }\n    function isSelected(element) {\n        var _a;\n        if (isElement(element, 'OPTION')) {\n            return element.selected;\n        }\n        const type = (_a = element.type) === null || _a === void 0 ? void 0 : _a.toLowerCase();\n        if (type === 'checkbox' || type === 'radio') {\n            return element.checked;\n        }\n        return false;\n    }\n    function isObject(value) {\n        return value !== null && (typeof value === 'object' || typeof value === 'function');\n    }\n    const name = attribute.toLowerCase();\n    if (name === 'style') {\n        const style = element.style;\n        if (!style) {\n            return null;\n        }\n        return typeof style === 'string' ? style : style.cssText;\n    }\n    if ((name === 'selected' || name === 'checked') && isSelectable(element)) {\n        return isSelected(element) ? 'true' : null;\n    }\n    const isLink = isElement(element, 'A');\n    const isImg = isElement(element, 'IMG');\n    if ((isImg && name === 'src') || (isLink && name === 'href')) {\n        const attrValue = getAttribute(element, name);\n        if (attrValue) {\n            return String(getProperty(element, name));\n        }\n        return attrValue;\n    }\n    if (name === 'spellcheck') {\n        const attrValue = getAttribute(element, name);\n        if (attrValue !== null) {\n            const lower = attrValue.toLowerCase();\n            if (lower === 'false') {\n                return 'false';\n            }\n            if (lower === 'true') {\n                return 'true';\n            }\n        }\n        return String(getProperty(element, name));\n    }\n    const propName = PROPERTY_ALIASES[name] || attribute;\n    if (BOOLEAN_PROPERTIES.has(name)) {\n        const hasAttr = element.getAttribute(name) !== null;\n        const propValue = getProperty(element, propName);\n        return hasAttr || !!propValue ? 'true' : null;\n    }\n    if (name === 'value' && isElement(element, 'LI')) {\n        const attrValue = element.getAttribute(name);\n        return attrValue != null ? attrValue : null;\n    }\n    let property;\n    try {\n        property = getProperty(element, propName);\n    }\n    catch (_e) {\n    }\n    if (property == null || isObject(property)) {\n        const attrValue = element.getAttribute(name);\n        return attrValue != null ? attrValue : null;\n    }\n    return property != null ? String(property) : null;\n})).apply(null, arguments);"
}
[1783513379.445][INFO]: Waiting for pending navigations...
[1783513379.446][INFO]: Done waiting for pending navigations. Status: ok
[1783513379.452][INFO]: Waiting for pending navigations...
[1783513379.453][INFO]: Done waiting for pending navigations. Status: ok
[1783513379.453][INFO]: [8efdbb22e63138c8342c133790a7028c] RESPONSE ExecuteScript "https://rukminim2.flixcart.com/image/612/612/xif0q/mug/f/9/q/4-photo-mug-four-photo-mug-personalized-photo-mug-collage-mug-original-imahnpymvcxrrfmr.jpeg?q=70"
[1783513379.455][INFO]: [8efdbb22e63138c8342c133790a7028c] COMMAND FindChildElement {
   "id": "f.49D49945748C2EC068872BC92F3619EA.d.1FA0012362CDD3C62DB479648FDB025A.e.3092",
   "using": "xpath",
   "value": ".//span[@class='PvbNMB']"
}
[1783513379.455][INFO]: Waiting for pending navigations...
[1783513379.456][INFO]: Done waiting for pending navigations. Status: ok
[1783513379.467][INFO]: Waiting for pending navigations...
[1783513379.468][INFO]: Done waiting for pending navigations. Status: ok
[1783513379.468][INFO]: [8efdbb22e63138c8342c133790a7028c] RESPONSE FindChildElement {
   "element-6066-11e4-a52e-4f735466cecf": "f.49D49945748C2EC068872BC92F3619EA.d.1FA0012362CDD3C62DB479648FDB025A.e.3132"
}
[1783513379.470][INFO]: [8efdbb22e63138c8342c133790a7028c] COMMAND GetElementText {
   "id": "f.49D49945748C2EC068872BC92F3619EA.d.1FA0012362CDD3C62DB479648FDB025A.e.3132"
}
[1783513379.470][INFO]: Waiting for pending navigations...
[1783513379.471][INFO]: Done waiting for pending navigations. Status: ok
[1783513379.480][INFO]: Waiting for pending navigations...
[1783513379.481][INFO]: Done waiting for pending navigations. Status: ok
[1783513379.481][INFO]: [8efdbb22e63138c8342c133790a7028c] RESPONSE GetElementText "(4)"
[1783513379.483][INFO]: [8efdbb22e63138c8342c133790a7028c] COMMAND FindChildElement {
   "id": "f.49D49945748C2EC068872BC92F3619EA.d.1FA0012362CDD3C62DB479648FDB025A.e.3093",
   "using": "xpath",
   "value": ".//div[@class='lWX0_T']//img"
}
[1783513379.483][INFO]: Waiting for pending navigations...
[1783513379.484][INFO]: Done waiting for pending navigations. Status: ok
[1783513379.493][INFO]: Waiting for pending navigations...
[1783513379.494][INFO]: Done waiting for pending navigations. Status: ok
[1783513379.494][INFO]: [8efdbb22e63138c8342c133790a7028c] RESPONSE FindChildElement {
   "element-6066-11e4-a52e-4f735466cecf": "f.49D49945748C2EC068872BC92F3619EA.d.1FA0012362CDD3C62DB479648FDB025A.e.2170"
}
[1783513379.497][INFO]: [8efdbb22e63138c8342c133790a7028c] COMMAND ExecuteScript {
   "args": [ {
      "element-6066-11e4-a52e-4f735466cecf": "f.49D49945748C2EC068872BC92F3619EA.d.1FA0012362CDD3C62DB479648FDB025A.e.2170"
   }, "alt" ],
   "script": "/* getAttribute */return ((function (element, attribute) {\n    const PROPERTY_ALIASES = {\n        'class': 'className',\n        'readonly': 'readOnly',\n    };\n    const BOOLEAN_PROPERTIES = new Set([\n        'allowfullscreen',\n        'allowpaymentrequest',\n        'allowusermedia',\n        'async',\n        'autofocus',\n        'autoplay',\n        'checked',\n        'compact',\n        'complete',\n        'controls',\n        'declare',\n        'default',\n        'defaultchecked',\n        'defaultselected',\n        'defer',\n        'disabled',\n        'ended',\n        'formnovalidate',\n        'hidden',\n        'indeterminate',\n        'iscontenteditable',\n        'ismap',\n        'itemscope',\n        'loop',\n        'multiple',\n        'muted',\n        'nohref',\n        'nomodule',\n        'noresize',\n        'noshade',\n        'novalidate',\n        'nowrap',\n        'open',\n        'paused',\n        'playsinline',\n        'pubdate',\n        'readonly',\n        'required',\n        'reversed',\n        'scoped',\n        'seamless',\n        'seeking',\n        'selected',\n        'truespeed',\n        'typemustmatch',\n        'willvalidate',\n    ]);\n    function getAttribute(element, attributeName) {\n        return element.getAttribute(attributeName.toLowerCase());\n    }\n    function getProperty(element, propertyName) {\n        return element[propertyName];\n    }\n    function isElement(node, tagName) {\n        const elem = node;\n        if (!elem || elem.nodeType !== 1) {\n            return false;\n        }\n        if (!tagName) {\n            return true;\n        }\n        const normalizedTag = tagName.toUpperCase();\n        if (node instanceof HTMLFormElement) {\n            return normalizedTag === 'FORM';\n        }\n        return typeof elem.tagName === 'string' && elem.tagName.toUpperCase() === normalizedTag;\n    }\n    function isSelectable(element) {\n        if (isElement(element, 'OPTION')) {\n            return true;\n        }\n        if (isElement(element, 'INPUT')) {\n            const type = element.type.toLowerCase();\n            return type === 'checkbox' || type === 'radio';\n        }\n        return false;\n    }\n    function isSelected(element) {\n        var _a;\n        if (isElement(element, 'OPTION')) {\n            return element.selected;\n        }\n        const type = (_a = element.type) === null || _a === void 0 ? void 0 : _a.toLowerCase();\n        if (type === 'checkbox' || type === 'radio') {\n            return element.checked;\n        }\n        return false;\n    }\n    function isObject(value) {\n        return value !== null && (typeof value === 'object' || typeof value === 'function');\n    }\n    const name = attribute.toLowerCase();\n    if (name === 'style') {\n        const style = element.style;\n        if (!style) {\n            return null;\n        }\n        return typeof style === 'string' ? style : style.cssText;\n    }\n    if ((name === 'selected' || name === 'checked') && isSelectable(element)) {\n        return isSelected(element) ? 'true' : null;\n    }\n    const isLink = isElement(element, 'A');\n    const isImg = isElement(element, 'IMG');\n    if ((isImg && name === 'src') || (isLink && name === 'href')) {\n        const attrValue = getAttribute(element, name);\n        if (attrValue) {\n            return String(getProperty(element, name));\n        }\n        return attrValue;\n    }\n    if (name === 'spellcheck') {\n        const attrValue = getAttribute(element, name);\n        if (attrValue !== null) {\n            const lower = attrValue.toLowerCase();\n            if (lower === 'false') {\n                return 'false';\n            }\n            if (lower === 'true') {\n                return 'true';\n            }\n        }\n        return String(getProperty(element, name));\n    }\n    const propName = PROPERTY_ALIASES[name] || attribute;\n    if (BOOLEAN_PROPERTIES.has(name)) {\n        const hasAttr = element.getAttribute(name) !== null;\n        const propValue = getProperty(element, propName);\n        return hasAttr || !!propValue ? 'true' : null;\n    }\n    if (name === 'value' && isElement(element, 'LI')) {\n        const attrValue = element.getAttribute(name);\n        return attrValue != null ? attrValue : null;\n    }\n    let property;\n    try {\n        property = getProperty(element, propName);\n    }\n    catch (_e) {\n    }\n    if (property == null || isObject(property)) {\n        const attrValue = element.getAttribute(name);\n        return attrValue != null ? attrValue : null;\n    }\n    return property != null ? String(property) : null;\n})).apply(null, arguments);"
}
[1783513379.497][INFO]: Waiting for pending navigations...
[1783513379.498][INFO]: Done waiting for pending navigations. Status: ok
[1783513379.503][INFO]: Waiting for pending navigations...
[1783513379.504][INFO]: Done waiting for pending navigations. Status: ok
[1783513379.504][INFO]: [8efdbb22e63138c8342c133790a7028c] RESPONSE ExecuteScript "OFFYX Stainless Steel Tea Cup Stainless Steel Coffee with Lid (300 ml)(Grey,Green) Stainless Steel Coffee Mug"
[1783513379.506][INFO]: [8efdbb22e63138c8342c133790a7028c] COMMAND FindChildElement {
   "id": "f.49D49945748C2EC068872BC92F3619EA.d.1FA0012362CDD3C62DB479648FDB025A.e.3093",
   "using": "xpath",
   "value": ".//div[@class='lWX0_T']//img"
}
[1783513379.507][INFO]: Waiting for pending navigations...
[1783513379.508][INFO]: Done waiting for pending navigations. Status: ok
[1783513379.518][INFO]: Waiting for pending navigations...
[1783513379.518][INFO]: Done waiting for pending navigations. Status: ok
[1783513379.518][INFO]: [8efdbb22e63138c8342c133790a7028c] RESPONSE FindChildElement {
   "element-6066-11e4-a52e-4f735466cecf": "f.49D49945748C2EC068872BC92F3619EA.d.1FA0012362CDD3C62DB479648FDB025A.e.2170"
}
[1783513379.521][INFO]: [8efdbb22e63138c8342c133790a7028c] COMMAND ExecuteScript {
   "args": [ {
      "element-6066-11e4-a52e-4f735466cecf": "f.49D49945748C2EC068872BC92F3619EA.d.1FA0012362CDD3C62DB479648FDB025A.e.2170"
   }, "src" ],
   "script": "/* getAttribute */return ((function (element, attribute) {\n    const PROPERTY_ALIASES = {\n        'class': 'className',\n        'readonly': 'readOnly',\n    };\n    const BOOLEAN_PROPERTIES = new Set([\n        'allowfullscreen',\n        'allowpaymentrequest',\n        'allowusermedia',\n        'async',\n        'autofocus',\n        'autoplay',\n        'checked',\n        'compact',\n        'complete',\n        'controls',\n        'declare',\n        'default',\n        'defaultchecked',\n        'defaultselected',\n        'defer',\n        'disabled',\n        'ended',\n        'formnovalidate',\n        'hidden',\n        'indeterminate',\n        'iscontenteditable',\n        'ismap',\n        'itemscope',\n        'loop',\n        'multiple',\n        'muted',\n        'nohref',\n        'nomodule',\n        'noresize',\n        'noshade',\n        'novalidate',\n        'nowrap',\n        'open',\n        'paused',\n        'playsinline',\n        'pubdate',\n        'readonly',\n        'required',\n        'reversed',\n        'scoped',\n        'seamless',\n        'seeking',\n        'selected',\n        'truespeed',\n        'typemustmatch',\n        'willvalidate',\n    ]);\n    function getAttribute(element, attributeName) {\n        return element.getAttribute(attributeName.toLowerCase());\n    }\n    function getProperty(element, propertyName) {\n        return element[propertyName];\n    }\n    function isElement(node, tagName) {\n        const elem = node;\n        if (!elem || elem.nodeType !== 1) {\n            return false;\n        }\n        if (!tagName) {\n            return true;\n        }\n        const normalizedTag = tagName.toUpperCase();\n        if (node instanceof HTMLFormElement) {\n            return normalizedTag === 'FORM';\n        }\n        return typeof elem.tagName === 'string' && elem.tagName.toUpperCase() === normalizedTag;\n    }\n    function isSelectable(element) {\n        if (isElement(element, 'OPTION')) {\n            return true;\n        }\n        if (isElement(element, 'INPUT')) {\n            const type = element.type.toLowerCase();\n            return type === 'checkbox' || type === 'radio';\n        }\n        return false;\n    }\n    function isSelected(element) {\n        var _a;\n        if (isElement(element, 'OPTION')) {\n            return element.selected;\n        }\n        const type = (_a = element.type) === null || _a === void 0 ? void 0 : _a.toLowerCase();\n        if (type === 'checkbox' || type === 'radio') {\n            return element.checked;\n        }\n        return false;\n    }\n    function isObject(value) {\n        return value !== null && (typeof value === 'object' || typeof value === 'function');\n    }\n    const name = attribute.toLowerCase();\n    if (name === 'style') {\n        const style = element.style;\n        if (!style) {\n            return null;\n        }\n        return typeof style === 'string' ? style : style.cssText;\n    }\n    if ((name === 'selected' || name === 'checked') && isSelectable(element)) {\n        return isSelected(element) ? 'true' : null;\n    }\n    const isLink = isElement(element, 'A');\n    const isImg = isElement(element, 'IMG');\n    if ((isImg && name === 'src') || (isLink && name === 'href')) {\n        const attrValue = getAttribute(element, name);\n        if (attrValue) {\n            return String(getProperty(element, name));\n        }\n        return attrValue;\n    }\n    if (name === 'spellcheck') {\n        const attrValue = getAttribute(element, name);\n        if (attrValue !== null) {\n            const lower = attrValue.toLowerCase();\n            if (lower === 'false') {\n                return 'false';\n            }\n            if (lower === 'true') {\n                return 'true';\n            }\n        }\n        return String(getProperty(element, name));\n    }\n    const propName = PROPERTY_ALIASES[name] || attribute;\n    if (BOOLEAN_PROPERTIES.has(name)) {\n        const hasAttr = element.getAttribute(name) !== null;\n        const propValue = getProperty(element, propName);\n        return hasAttr || !!propValue ? 'true' : null;\n    }\n    if (name === 'value' && isElement(element, 'LI')) {\n        const attrValue = element.getAttribute(name);\n        return attrValue != null ? attrValue : null;\n    }\n    let property;\n    try {\n        property = getProperty(element, propName);\n    }\n    catch (_e) {\n    }\n    if (property == null || isObject(property)) {\n        const attrValue = element.getAttribute(name);\n        return attrValue != null ? attrValue : null;\n    }\n    return property != null ? String(property) : null;\n})).apply(null, arguments);"
}
[1783513379.521][INFO]: Waiting for pending navigations...
[1783513379.522][INFO]: Done waiting for pending navigations. Status: ok
[1783513379.527][INFO]: Waiting for pending navigations...
[1783513379.528][INFO]: Done waiting for pending navigations. Status: ok
[1783513379.528][INFO]: [8efdbb22e63138c8342c133790a7028c] RESPONSE ExecuteScript "https://rukminim2.flixcart.com/image/612/612/xif0q/mug/1/q/5/stainless-steel-tea-cup-stainless-steel-coffee-mug-with-lid-300-enriched-0-original-imahd2q7rx7hcmyy.jpeg?q=70"
[1783513379.530][INFO]: [8efdbb22e63138c8342c133790a7028c] COMMAND FindChildElement {
   "id": "f.49D49945748C2EC068872BC92F3619EA.d.1FA0012362CDD3C62DB479648FDB025A.e.3093",
   "using": "xpath",
   "value": ".//span[@class='PvbNMB']"
}
[1783513379.530][INFO]: Waiting for pending navigations...
[1783513379.531][INFO]: Done waiting for pending navigations. Status: ok
[1783513379.539][INFO]: Waiting for pending navigations...
[1783513379.540][INFO]: Done waiting for pending navigations. Status: ok
[1783513379.540][INFO]: [8efdbb22e63138c8342c133790a7028c] RESPONSE FindChildElement {
   "element-6066-11e4-a52e-4f735466cecf": "f.49D49945748C2EC068872BC92F3619EA.d.1FA0012362CDD3C62DB479648FDB025A.e.3133"
}
[1783513379.541][INFO]: [8efdbb22e63138c8342c133790a7028c] COMMAND GetElementText {
   "id": "f.49D49945748C2EC068872BC92F3619EA.d.1FA0012362CDD3C62DB479648FDB025A.e.3133"
}
[1783513379.541][INFO]: Waiting for pending navigations...
[1783513379.542][INFO]: Done waiting for pending navigations. Status: ok
[1783513379.551][INFO]: Waiting for pending navigations...
[1783513379.552][INFO]: Done waiting for pending navigations. Status: ok
[1783513379.552][INFO]: [8efdbb22e63138c8342c133790a7028c] RESPONSE GetElementText "(6,177)"
[1783513379.554][INFO]: [8efdbb22e63138c8342c133790a7028c] COMMAND FindChildElement {
   "id": "f.49D49945748C2EC068872BC92F3619EA.d.1FA0012362CDD3C62DB479648FDB025A.e.3094",
   "using": "xpath",
   "value": ".//div[@class='lWX0_T']//img"
}
[1783513379.554][INFO]: Waiting for pending navigations...
[1783513379.555][INFO]: Done waiting for pending navigations. Status: ok
[1783513379.564][INFO]: Waiting for pending navigations...
[1783513379.565][INFO]: Done waiting for pending navigations. Status: ok
[1783513379.565][INFO]: [8efdbb22e63138c8342c133790a7028c] RESPONSE FindChildElement {
   "element-6066-11e4-a52e-4f735466cecf": "f.49D49945748C2EC068872BC92F3619EA.d.1FA0012362CDD3C62DB479648FDB025A.e.2172"
}
[1783513379.567][INFO]: [8efdbb22e63138c8342c133790a7028c] COMMAND ExecuteScript {
   "args": [ {
      "element-6066-11e4-a52e-4f735466cecf": "f.49D49945748C2EC068872BC92F3619EA.d.1FA0012362CDD3C62DB479648FDB025A.e.2172"
   }, "alt" ],
   "script": "/* getAttribute */return ((function (element, attribute) {\n    const PROPERTY_ALIASES = {\n        'class': 'className',\n        'readonly': 'readOnly',\n    };\n    const BOOLEAN_PROPERTIES = new Set([\n        'allowfullscreen',\n        'allowpaymentrequest',\n        'allowusermedia',\n        'async',\n        'autofocus',\n        'autoplay',\n        'checked',\n        'compact',\n        'complete',\n        'controls',\n        'declare',\n        'default',\n        'defaultchecked',\n        'defaultselected',\n        'defer',\n        'disabled',\n        'ended',\n        'formnovalidate',\n        'hidden',\n        'indeterminate',\n        'iscontenteditable',\n        'ismap',\n        'itemscope',\n        'loop',\n        'multiple',\n        'muted',\n        'nohref',\n        'nomodule',\n        'noresize',\n        'noshade',\n        'novalidate',\n        'nowrap',\n        'open',\n        'paused',\n        'playsinline',\n        'pubdate',\n        'readonly',\n        'required',\n        'reversed',\n        'scoped',\n        'seamless',\n        'seeking',\n        'selected',\n        'truespeed',\n        'typemustmatch',\n        'willvalidate',\n    ]);\n    function getAttribute(element, attributeName) {\n        return element.getAttribute(attributeName.toLowerCase());\n    }\n    function getProperty(element, propertyName) {\n        return element[propertyName];\n    }\n    function isElement(node, tagName) {\n        const elem = node;\n        if (!elem || elem.nodeType !== 1) {\n            return false;\n        }\n        if (!tagName) {\n            return true;\n        }\n        const normalizedTag = tagName.toUpperCase();\n        if (node instanceof HTMLFormElement) {\n            return normalizedTag === 'FORM';\n        }\n        return typeof elem.tagName === 'string' && elem.tagName.toUpperCase() === normalizedTag;\n    }\n    function isSelectable(element) {\n        if (isElement(element, 'OPTION')) {\n            return true;\n        }\n        if (isElement(element, 'INPUT')) {\n            const type = element.type.toLowerCase();\n            return type === 'checkbox' || type === 'radio';\n        }\n        return false;\n    }\n    function isSelected(element) {\n        var _a;\n        if (isElement(element, 'OPTION')) {\n            return element.selected;\n        }\n        const type = (_a = element.type) === null || _a === void 0 ? void 0 : _a.toLowerCase();\n        if (type === 'checkbox' || type === 'radio') {\n            return element.checked;\n        }\n        return false;\n    }\n    function isObject(value) {\n        return value !== null && (typeof value === 'object' || typeof value === 'function');\n    }\n    const name = attribute.toLowerCase();\n    if (name === 'style') {\n        const style = element.style;\n        if (!style) {\n            return null;\n        }\n        return typeof style === 'string' ? style : style.cssText;\n    }\n    if ((name === 'selected' || name === 'checked') && isSelectable(element)) {\n        return isSelected(element) ? 'true' : null;\n    }\n    const isLink = isElement(element, 'A');\n    const isImg = isElement(element, 'IMG');\n    if ((isImg && name === 'src') || (isLink && name === 'href')) {\n        const attrValue = getAttribute(element, name);\n        if (attrValue) {\n            return String(getProperty(element, name));\n        }\n        return attrValue;\n    }\n    if (name === 'spellcheck') {\n        const attrValue = getAttribute(element, name);\n        if (attrValue !== null) {\n            const lower = attrValue.toLowerCase();\n            if (lower === 'false') {\n                return 'false';\n            }\n            if (lower === 'true') {\n                return 'true';\n            }\n        }\n        return String(getProperty(element, name));\n    }\n    const propName = PROPERTY_ALIASES[name] || attribute;\n    if (BOOLEAN_PROPERTIES.has(name)) {\n        const hasAttr = element.getAttribute(name) !== null;\n        const propValue = getProperty(element, propName);\n        return hasAttr || !!propValue ? 'true' : null;\n    }\n    if (name === 'value' && isElement(element, 'LI')) {\n        const attrValue = element.getAttribute(name);\n        return attrValue != null ? attrValue : null;\n    }\n    let property;\n    try {\n        property = getProperty(element, propName);\n    }\n    catch (_e) {\n    }\n    if (property == null || isObject(property)) {\n        const attrValue = element.getAttribute(name);\n        return attrValue != null ? attrValue : null;\n    }\n    return property != null ? String(property) : null;\n})).apply(null, arguments);"
}
[1783513379.567][INFO]: Waiting for pending navigations...
[1783513379.568][INFO]: Done waiting for pending navigations. Status: ok
[1783513379.573][INFO]: Waiting for pending navigations...
[1783513379.574][INFO]: Done waiting for pending navigations. Status: ok
[1783513379.574][INFO]: [8efdbb22e63138c8342c133790a7028c] RESPONSE ExecuteScript "BLUEWOLF Rainbow Magic Color Cup with LED Light Party,1 Unit, Capacity 250 ml Plastic Coffee Mug"
[1783513379.576][INFO]: [8efdbb22e63138c8342c133790a7028c] COMMAND FindChildElement {
   "id": "f.49D49945748C2EC068872BC92F3619EA.d.1FA0012362CDD3C62DB479648FDB025A.e.3094",
   "using": "xpath",
   "value": ".//div[@class='lWX0_T']//img"
}
[1783513379.576][INFO]: Waiting for pending navigations...
[1783513379.577][INFO]: Done waiting for pending navigations. Status: ok
[1783513379.587][INFO]: Waiting for pending navigations...
[1783513379.588][INFO]: Done waiting for pending navigations. Status: ok
[1783513379.588][INFO]: [8efdbb22e63138c8342c133790a7028c] RESPONSE FindChildElement {
   "element-6066-11e4-a52e-4f735466cecf": "f.49D49945748C2EC068872BC92F3619EA.d.1FA0012362CDD3C62DB479648FDB025A.e.2172"
}
[1783513379.590][INFO]: [8efdbb22e63138c8342c133790a7028c] COMMAND ExecuteScript {
   "args": [ {
      "element-6066-11e4-a52e-4f735466cecf": "f.49D49945748C2EC068872BC92F3619EA.d.1FA0012362CDD3C62DB479648FDB025A.e.2172"
   }, "src" ],
   "script": "/* getAttribute */return ((function (element, attribute) {\n    const PROPERTY_ALIASES = {\n        'class': 'className',\n        'readonly': 'readOnly',\n    };\n    const BOOLEAN_PROPERTIES = new Set([\n        'allowfullscreen',\n        'allowpaymentrequest',\n        'allowusermedia',\n        'async',\n        'autofocus',\n        'autoplay',\n        'checked',\n        'compact',\n        'complete',\n        'controls',\n        'declare',\n        'default',\n        'defaultchecked',\n        'defaultselected',\n        'defer',\n        'disabled',\n        'ended',\n        'formnovalidate',\n        'hidden',\n        'indeterminate',\n        'iscontenteditable',\n        'ismap',\n        'itemscope',\n        'loop',\n        'multiple',\n        'muted',\n        'nohref',\n        'nomodule',\n        'noresize',\n        'noshade',\n        'novalidate',\n        'nowrap',\n        'open',\n        'paused',\n        'playsinline',\n        'pubdate',\n        'readonly',\n        'required',\n        'reversed',\n        'scoped',\n        'seamless',\n        'seeking',\n        'selected',\n        'truespeed',\n        'typemustmatch',\n        'willvalidate',\n    ]);\n    function getAttribute(element, attributeName) {\n        return element.getAttribute(attributeName.toLowerCase());\n    }\n    function getProperty(element, propertyName) {\n        return element[propertyName];\n    }\n    function isElement(node, tagName) {\n        const elem = node;\n        if (!elem || elem.nodeType !== 1) {\n            return false;\n        }\n        if (!tagName) {\n            return true;\n        }\n        const normalizedTag = tagName.toUpperCase();\n        if (node instanceof HTMLFormElement) {\n            return normalizedTag === 'FORM';\n        }\n        return typeof elem.tagName === 'string' && elem.tagName.toUpperCase() === normalizedTag;\n    }\n    function isSelectable(element) {\n        if (isElement(element, 'OPTION')) {\n            return true;\n        }\n        if (isElement(element, 'INPUT')) {\n            const type = element.type.toLowerCase();\n            return type === 'checkbox' || type === 'radio';\n        }\n        return false;\n    }\n    function isSelected(element) {\n        var _a;\n        if (isElement(element, 'OPTION')) {\n            return element.selected;\n        }\n        const type = (_a = element.type) === null || _a === void 0 ? void 0 : _a.toLowerCase();\n        if (type === 'checkbox' || type === 'radio') {\n            return element.checked;\n        }\n        return false;\n    }\n    function isObject(value) {\n        return value !== null && (typeof value === 'object' || typeof value === 'function');\n    }\n    const name = attribute.toLowerCase();\n    if (name === 'style') {\n        const style = element.style;\n        if (!style) {\n            return null;\n        }\n        return typeof style === 'string' ? style : style.cssText;\n    }\n    if ((name === 'selected' || name === 'checked') && isSelectable(element)) {\n        return isSelected(element) ? 'true' : null;\n    }\n    const isLink = isElement(element, 'A');\n    const isImg = isElement(element, 'IMG');\n    if ((isImg && name === 'src') || (isLink && name === 'href')) {\n        const attrValue = getAttribute(element, name);\n        if (attrValue) {\n            return String(getProperty(element, name));\n        }\n        return attrValue;\n    }\n    if (name === 'spellcheck') {\n        const attrValue = getAttribute(element, name);\n        if (attrValue !== null) {\n            const lower = attrValue.toLowerCase();\n            if (lower === 'false') {\n                return 'false';\n            }\n            if (lower === 'true') {\n                return 'true';\n            }\n        }\n        return String(getProperty(element, name));\n    }\n    const propName = PROPERTY_ALIASES[name] || attribute;\n    if (BOOLEAN_PROPERTIES.has(name)) {\n        const hasAttr = element.getAttribute(name) !== null;\n        const propValue = getProperty(element, propName);\n        return hasAttr || !!propValue ? 'true' : null;\n    }\n    if (name === 'value' && isElement(element, 'LI')) {\n        const attrValue = element.getAttribute(name);\n        return attrValue != null ? attrValue : null;\n    }\n    let property;\n    try {\n        property = getProperty(element, propName);\n    }\n    catch (_e) {\n    }\n    if (property == null || isObject(property)) {\n        const attrValue = element.getAttribute(name);\n        return attrValue != null ? attrValue : null;\n    }\n    return property != null ? String(property) : null;\n})).apply(null, arguments);"
}
[1783513379.590][INFO]: Waiting for pending navigations...
[1783513379.591][INFO]: Done waiting for pending navigations. Status: ok
[1783513379.596][INFO]: Waiting for pending navigations...
[1783513379.597][INFO]: Done waiting for pending navigations. Status: ok
[1783513379.597][INFO]: [8efdbb22e63138c8342c133790a7028c] RESPONSE ExecuteScript "https://rukminim2.flixcart.com/image/612/612/j81xsi80/mug/x/n/g/rainbow-magic-color-cup-with-led-light-party-mug-1-unit-capacity-original-imaey3dpwdyzrxtr.jpeg?q=70"
[1783513379.599][INFO]: [8efdbb22e63138c8342c133790a7028c] COMMAND FindChildElement {
   "id": "f.49D49945748C2EC068872BC92F3619EA.d.1FA0012362CDD3C62DB479648FDB025A.e.3094",
   "using": "xpath",
   "value": ".//span[@class='PvbNMB']"
}
[1783513379.599][INFO]: Waiting for pending navigations...
[1783513379.600][INFO]: Done waiting for pending navigations. Status: ok
[1783513379.608][INFO]: Waiting for pending navigations...
[1783513379.609][INFO]: Done waiting for pending navigations. Status: ok
[1783513379.609][INFO]: [8efdbb22e63138c8342c133790a7028c] RESPONSE FindChildElement {
   "element-6066-11e4-a52e-4f735466cecf": "f.49D49945748C2EC068872BC92F3619EA.d.1FA0012362CDD3C62DB479648FDB025A.e.3134"
}
[1783513379.610][INFO]: [8efdbb22e63138c8342c133790a7028c] COMMAND GetElementText {
   "id": "f.49D49945748C2EC068872BC92F3619EA.d.1FA0012362CDD3C62DB479648FDB025A.e.3134"
}
[1783513379.610][INFO]: Waiting for pending navigations...
[1783513379.611][INFO]: Done waiting for pending navigations. Status: ok
[1783513379.620][INFO]: Waiting for pending navigations...
[1783513379.621][INFO]: Done waiting for pending navigations. Status: ok
[1783513379.621][INFO]: [8efdbb22e63138c8342c133790a7028c] RESPONSE GetElementText "(691)"
[1783513379.623][INFO]: [8efdbb22e63138c8342c133790a7028c] COMMAND FindChildElement {
   "id": "f.49D49945748C2EC068872BC92F3619EA.d.1FA0012362CDD3C62DB479648FDB025A.e.3095",
   "using": "xpath",
   "value": ".//div[@class='lWX0_T']//img"
}
[1783513379.623][INFO]: Waiting for pending navigations...
[1783513379.624][INFO]: Done waiting for pending navigations. Status: ok
[1783513379.632][INFO]: Waiting for pending navigations...
[1783513379.633][INFO]: Done waiting for pending navigations. Status: ok
[1783513379.633][INFO]: [8efdbb22e63138c8342c133790a7028c] RESPONSE FindChildElement {
   "element-6066-11e4-a52e-4f735466cecf": "f.49D49945748C2EC068872BC92F3619EA.d.1FA0012362CDD3C62DB479648FDB025A.e.2280"
}
[1783513379.635][INFO]: [8efdbb22e63138c8342c133790a7028c] COMMAND ExecuteScript {
   "args": [ {
      "element-6066-11e4-a52e-4f735466cecf": "f.49D49945748C2EC068872BC92F3619EA.d.1FA0012362CDD3C62DB479648FDB025A.e.2280"
   }, "alt" ],
   "script": "/* getAttribute */return ((function (element, attribute) {\n    const PROPERTY_ALIASES = {\n        'class': 'className',\n        'readonly': 'readOnly',\n    };\n    const BOOLEAN_PROPERTIES = new Set([\n        'allowfullscreen',\n        'allowpaymentrequest',\n        'allowusermedia',\n        'async',\n        'autofocus',\n        'autoplay',\n        'checked',\n        'compact',\n        'complete',\n        'controls',\n        'declare',\n        'default',\n        'defaultchecked',\n        'defaultselected',\n        'defer',\n        'disabled',\n        'ended',\n        'formnovalidate',\n        'hidden',\n        'indeterminate',\n        'iscontenteditable',\n        'ismap',\n        'itemscope',\n        'loop',\n        'multiple',\n        'muted',\n        'nohref',\n        'nomodule',\n        'noresize',\n        'noshade',\n        'novalidate',\n        'nowrap',\n        'open',\n        'paused',\n        'playsinline',\n        'pubdate',\n        'readonly',\n        'required',\n        'reversed',\n        'scoped',\n        'seamless',\n        'seeking',\n        'selected',\n        'truespeed',\n        'typemustmatch',\n        'willvalidate',\n    ]);\n    function getAttribute(element, attributeName) {\n        return element.getAttribute(attributeName.toLowerCase());\n    }\n    function getProperty(element, propertyName) {\n        return element[propertyName];\n    }\n    function isElement(node, tagName) {\n        const elem = node;\n        if (!elem || elem.nodeType !== 1) {\n            return false;\n        }\n        if (!tagName) {\n            return true;\n        }\n        const normalizedTag = tagName.toUpperCase();\n        if (node instanceof HTMLFormElement) {\n            return normalizedTag === 'FORM';\n        }\n        return typeof elem.tagName === 'string' && elem.tagName.toUpperCase() === normalizedTag;\n    }\n    function isSelectable(element) {\n        if (isElement(element, 'OPTION')) {\n            return true;\n        }\n        if (isElement(element, 'INPUT')) {\n            const type = element.type.toLowerCase();\n            return type === 'checkbox' || type === 'radio';\n        }\n        return false;\n    }\n    function isSelected(element) {\n        var _a;\n        if (isElement(element, 'OPTION')) {\n            return element.selected;\n        }\n        const type = (_a = element.type) === null || _a === void 0 ? void 0 : _a.toLowerCase();\n        if (type === 'checkbox' || type === 'radio') {\n            return element.checked;\n        }\n        return false;\n    }\n    function isObject(value) {\n        return value !== null && (typeof value === 'object' || typeof value === 'function');\n    }\n    const name = attribute.toLowerCase();\n    if (name === 'style') {\n        const style = element.style;\n        if (!style) {\n            return null;\n        }\n        return typeof style === 'string' ? style : style.cssText;\n    }\n    if ((name === 'selected' || name === 'checked') && isSelectable(element)) {\n        return isSelected(element) ? 'true' : null;\n    }\n    const isLink = isElement(element, 'A');\n    const isImg = isElement(element, 'IMG');\n    if ((isImg && name === 'src') || (isLink && name === 'href')) {\n        const attrValue = getAttribute(element, name);\n        if (attrValue) {\n            return String(getProperty(element, name));\n        }\n        return attrValue;\n    }\n    if (name === 'spellcheck') {\n        const attrValue = getAttribute(element, name);\n        if (attrValue !== null) {\n            const lower = attrValue.toLowerCase();\n            if (lower === 'false') {\n                return 'false';\n            }\n            if (lower === 'true') {\n                return 'true';\n            }\n        }\n        return String(getProperty(element, name));\n    }\n    const propName = PROPERTY_ALIASES[name] || attribute;\n    if (BOOLEAN_PROPERTIES.has(name)) {\n        const hasAttr = element.getAttribute(name) !== null;\n        const propValue = getProperty(element, propName);\n        return hasAttr || !!propValue ? 'true' : null;\n    }\n    if (name === 'value' && isElement(element, 'LI')) {\n        const attrValue = element.getAttribute(name);\n        return attrValue != null ? attrValue : null;\n    }\n    let property;\n    try {\n        property = getProperty(element, propName);\n    }\n    catch (_e) {\n    }\n    if (property == null || isObject(property)) {\n        const attrValue = element.getAttribute(name);\n        return attrValue != null ? attrValue : null;\n    }\n    return property != null ? String(property) : null;\n})).apply(null, arguments);"
}
[1783513379.635][INFO]: Waiting for pending navigations...
[1783513379.636][INFO]: Done waiting for pending navigations. Status: ok
[1783513379.641][INFO]: Waiting for pending navigations...
[1783513379.642][INFO]: Done waiting for pending navigations. Status: ok
[1783513379.642][INFO]: [8efdbb22e63138c8342c133790a7028c] RESPONSE ExecuteScript "Birch & Co. Ceramic Coffees & Tea Cup Set of 2, Elegant Gift Pack, Microwave Safe(Blue) Ceramic Coffee Mug"
[1783513379.644][INFO]: [8efdbb22e63138c8342c133790a7028c] COMMAND FindChildElement {
   "id": "f.49D49945748C2EC068872BC92F3619EA.d.1FA0012362CDD3C62DB479648FDB025A.e.3095",
   "using": "xpath",
   "value": ".//div[@class='lWX0_T']//img"
}
[1783513379.644][INFO]: Waiting for pending navigations...
[1783513379.645][INFO]: Done waiting for pending navigations. Status: ok
[1783513379.653][INFO]: Waiting for pending navigations...
[1783513379.654][INFO]: Done waiting for pending navigations. Status: ok
[1783513379.654][INFO]: [8efdbb22e63138c8342c133790a7028c] RESPONSE FindChildElement {
   "element-6066-11e4-a52e-4f735466cecf": "f.49D49945748C2EC068872BC92F3619EA.d.1FA0012362CDD3C62DB479648FDB025A.e.2280"
}
[1783513379.656][INFO]: [8efdbb22e63138c8342c133790a7028c] COMMAND ExecuteScript {
   "args": [ {
      "element-6066-11e4-a52e-4f735466cecf": "f.49D49945748C2EC068872BC92F3619EA.d.1FA0012362CDD3C62DB479648FDB025A.e.2280"
   }, "src" ],
   "script": "/* getAttribute */return ((function (element, attribute) {\n    const PROPERTY_ALIASES = {\n        'class': 'className',\n        'readonly': 'readOnly',\n    };\n    const BOOLEAN_PROPERTIES = new Set([\n        'allowfullscreen',\n        'allowpaymentrequest',\n        'allowusermedia',\n        'async',\n        'autofocus',\n        'autoplay',\n        'checked',\n        'compact',\n        'complete',\n        'controls',\n        'declare',\n        'default',\n        'defaultchecked',\n        'defaultselected',\n        'defer',\n        'disabled',\n        'ended',\n        'formnovalidate',\n        'hidden',\n        'indeterminate',\n        'iscontenteditable',\n        'ismap',\n        'itemscope',\n        'loop',\n        'multiple',\n        'muted',\n        'nohref',\n        'nomodule',\n        'noresize',\n        'noshade',\n        'novalidate',\n        'nowrap',\n        'open',\n        'paused',\n        'playsinline',\n        'pubdate',\n        'readonly',\n        'required',\n        'reversed',\n        'scoped',\n        'seamless',\n        'seeking',\n        'selected',\n        'truespeed',\n        'typemustmatch',\n        'willvalidate',\n    ]);\n    function getAttribute(element, attributeName) {\n        return element.getAttribute(attributeName.toLowerCase());\n    }\n    function getProperty(element, propertyName) {\n        return element[propertyName];\n    }\n    function isElement(node, tagName) {\n        const elem = node;\n        if (!elem || elem.nodeType !== 1) {\n            return false;\n        }\n        if (!tagName) {\n            return true;\n        }\n        const normalizedTag = tagName.toUpperCase();\n        if (node instanceof HTMLFormElement) {\n            return normalizedTag === 'FORM';\n        }\n        return typeof elem.tagName === 'string' && elem.tagName.toUpperCase() === normalizedTag;\n    }\n    function isSelectable(element) {\n        if (isElement(element, 'OPTION')) {\n            return true;\n        }\n        if (isElement(element, 'INPUT')) {\n            const type = element.type.toLowerCase();\n            return type === 'checkbox' || type === 'radio';\n        }\n        return false;\n    }\n    function isSelected(element) {\n        var _a;\n        if (isElement(element, 'OPTION')) {\n            return element.selected;\n        }\n        const type = (_a = element.type) === null || _a === void 0 ? void 0 : _a.toLowerCase();\n        if (type === 'checkbox' || type === 'radio') {\n            return element.checked;\n        }\n        return false;\n    }\n    function isObject(value) {\n        return value !== null && (typeof value === 'object' || typeof value === 'function');\n    }\n    const name = attribute.toLowerCase();\n    if (name === 'style') {\n        const style = element.style;\n        if (!style) {\n            return null;\n        }\n        return typeof style === 'string' ? style : style.cssText;\n    }\n    if ((name === 'selected' || name === 'checked') && isSelectable(element)) {\n        return isSelected(element) ? 'true' : null;\n    }\n    const isLink = isElement(element, 'A');\n    const isImg = isElement(element, 'IMG');\n    if ((isImg && name === 'src') || (isLink && name === 'href')) {\n        const attrValue = getAttribute(element, name);\n        if (attrValue) {\n            return String(getProperty(element, name));\n        }\n        return attrValue;\n    }\n    if (name === 'spellcheck') {\n        const attrValue = getAttribute(element, name);\n        if (attrValue !== null) {\n            const lower = attrValue.toLowerCase();\n            if (lower === 'false') {\n                return 'false';\n            }\n            if (lower === 'true') {\n                return 'true';\n            }\n        }\n        return String(getProperty(element, name));\n    }\n    const propName = PROPERTY_ALIASES[name] || attribute;\n    if (BOOLEAN_PROPERTIES.has(name)) {\n        const hasAttr = element.getAttribute(name) !== null;\n        const propValue = getProperty(element, propName);\n        return hasAttr || !!propValue ? 'true' : null;\n    }\n    if (name === 'value' && isElement(element, 'LI')) {\n        const attrValue = element.getAttribute(name);\n        return attrValue != null ? attrValue : null;\n    }\n    let property;\n    try {\n        property = getProperty(element, propName);\n    }\n    catch (_e) {\n    }\n    if (property == null || isObject(property)) {\n        const attrValue = element.getAttribute(name);\n        return attrValue != null ? attrValue : null;\n    }\n    return property != null ? String(property) : null;\n})).apply(null, arguments);"
}
[1783513379.656][INFO]: Waiting for pending navigations...
[1783513379.657][INFO]: Done waiting for pending navigations. Status: ok
[1783513379.661][INFO]: Waiting for pending navigations...
[1783513379.662][INFO]: Done waiting for pending navigations. Status: ok
[1783513379.662][INFO]: [8efdbb22e63138c8342c133790a7028c] RESPONSE ExecuteScript "https://rukminim2.flixcart.com/image/612/612/xif0q/mug/3/z/2/ceramic-coffee-mugs-tea-cup-set-of-2-elegant-gift-pack-microwave-original-imahkbx3zr4rfm9e.jpeg?q=70"
[1783513379.663][INFO]: [8efdbb22e63138c8342c133790a7028c] COMMAND FindChildElement {
   "id": "f.49D49945748C2EC068872BC92F3619EA.d.1FA0012362CDD3C62DB479648FDB025A.e.3095",
   "using": "xpath",
   "value": ".//span[@class='PvbNMB']"
}
[1783513379.663][INFO]: Waiting for pending navigations...
[1783513379.664][INFO]: Done waiting for pending navigations. Status: ok
[1783513379.672][INFO]: Waiting for pending navigations...
[1783513379.673][INFO]: Done waiting for pending navigations. Status: ok
[1783513379.673][INFO]: [8efdbb22e63138c8342c133790a7028c] RESPONSE FindChildElement {
   "element-6066-11e4-a52e-4f735466cecf": "f.49D49945748C2EC068872BC92F3619EA.d.1FA0012362CDD3C62DB479648FDB025A.e.3135"
}
[1783513379.674][INFO]: [8efdbb22e63138c8342c133790a7028c] COMMAND GetElementText {
   "id": "f.49D49945748C2EC068872BC92F3619EA.d.1FA0012362CDD3C62DB479648FDB025A.e.3135"
}
[1783513379.674][INFO]: Waiting for pending navigations...
[1783513379.675][INFO]: Done waiting for pending navigations. Status: ok
[1783513379.684][INFO]: Waiting for pending navigations...
[1783513379.685][INFO]: Done waiting for pending navigations. Status: ok
[1783513379.685][INFO]: [8efdbb22e63138c8342c133790a7028c] RESPONSE GetElementText "(10)"
[1783513379.687][INFO]: [8efdbb22e63138c8342c133790a7028c] COMMAND FindChildElement {
   "id": "f.49D49945748C2EC068872BC92F3619EA.d.1FA0012362CDD3C62DB479648FDB025A.e.3096",
   "using": "xpath",
   "value": ".//div[@class='lWX0_T']//img"
}
[1783513379.687][INFO]: Waiting for pending navigations...
[1783513379.688][INFO]: Done waiting for pending navigations. Status: ok
[1783513379.696][INFO]: Waiting for pending navigations...
[1783513379.697][INFO]: Done waiting for pending navigations. Status: ok
[1783513379.697][INFO]: [8efdbb22e63138c8342c133790a7028c] RESPONSE FindChildElement {
   "element-6066-11e4-a52e-4f735466cecf": "f.49D49945748C2EC068872BC92F3619EA.d.1FA0012362CDD3C62DB479648FDB025A.e.2281"
}
[1783513379.699][INFO]: [8efdbb22e63138c8342c133790a7028c] COMMAND ExecuteScript {
   "args": [ {
      "element-6066-11e4-a52e-4f735466cecf": "f.49D49945748C2EC068872BC92F3619EA.d.1FA0012362CDD3C62DB479648FDB025A.e.2281"
   }, "alt" ],
   "script": "/* getAttribute */return ((function (element, attribute) {\n    const PROPERTY_ALIASES = {\n        'class': 'className',\n        'readonly': 'readOnly',\n    };\n    const BOOLEAN_PROPERTIES = new Set([\n        'allowfullscreen',\n        'allowpaymentrequest',\n        'allowusermedia',\n        'async',\n        'autofocus',\n        'autoplay',\n        'checked',\n        'compact',\n        'complete',\n        'controls',\n        'declare',\n        'default',\n        'defaultchecked',\n        'defaultselected',\n        'defer',\n        'disabled',\n        'ended',\n        'formnovalidate',\n        'hidden',\n        'indeterminate',\n        'iscontenteditable',\n        'ismap',\n        'itemscope',\n        'loop',\n        'multiple',\n        'muted',\n        'nohref',\n        'nomodule',\n        'noresize',\n        'noshade',\n        'novalidate',\n        'nowrap',\n        'open',\n        'paused',\n        'playsinline',\n        'pubdate',\n        'readonly',\n        'required',\n        'reversed',\n        'scoped',\n        'seamless',\n        'seeking',\n        'selected',\n        'truespeed',\n        'typemustmatch',\n        'willvalidate',\n    ]);\n    function getAttribute(element, attributeName) {\n        return element.getAttribute(attributeName.toLowerCase());\n    }\n    function getProperty(element, propertyName) {\n        return element[propertyName];\n    }\n    function isElement(node, tagName) {\n        const elem = node;\n        if (!elem || elem.nodeType !== 1) {\n            return false;\n        }\n        if (!tagName) {\n            return true;\n        }\n        const normalizedTag = tagName.toUpperCase();\n        if (node instanceof HTMLFormElement) {\n            return normalizedTag === 'FORM';\n        }\n        return typeof elem.tagName === 'string' && elem.tagName.toUpperCase() === normalizedTag;\n    }\n    function isSelectable(element) {\n        if (isElement(element, 'OPTION')) {\n            return true;\n        }\n        if (isElement(element, 'INPUT')) {\n            const type = element.type.toLowerCase();\n            return type === 'checkbox' || type === 'radio';\n        }\n        return false;\n    }\n    function isSelected(element) {\n        var _a;\n        if (isElement(element, 'OPTION')) {\n            return element.selected;\n        }\n        const type = (_a = element.type) === null || _a === void 0 ? void 0 : _a.toLowerCase();\n        if (type === 'checkbox' || type === 'radio') {\n            return element.checked;\n        }\n        return false;\n    }\n    function isObject(value) {\n        return value !== null && (typeof value === 'object' || typeof value === 'function');\n    }\n    const name = attribute.toLowerCase();\n    if (name === 'style') {\n        const style = element.style;\n        if (!style) {\n            return null;\n        }\n        return typeof style === 'string' ? style : style.cssText;\n    }\n    if ((name === 'selected' || name === 'checked') && isSelectable(element)) {\n        return isSelected(element) ? 'true' : null;\n    }\n    const isLink = isElement(element, 'A');\n    const isImg = isElement(element, 'IMG');\n    if ((isImg && name === 'src') || (isLink && name === 'href')) {\n        const attrValue = getAttribute(element, name);\n        if (attrValue) {\n            return String(getProperty(element, name));\n        }\n        return attrValue;\n    }\n    if (name === 'spellcheck') {\n        const attrValue = getAttribute(element, name);\n        if (attrValue !== null) {\n            const lower = attrValue.toLowerCase();\n            if (lower === 'false') {\n                return 'false';\n            }\n            if (lower === 'true') {\n                return 'true';\n            }\n        }\n        return String(getProperty(element, name));\n    }\n    const propName = PROPERTY_ALIASES[name] || attribute;\n    if (BOOLEAN_PROPERTIES.has(name)) {\n        const hasAttr = element.getAttribute(name) !== null;\n        const propValue = getProperty(element, propName);\n        return hasAttr || !!propValue ? 'true' : null;\n    }\n    if (name === 'value' && isElement(element, 'LI')) {\n        const attrValue = element.getAttribute(name);\n        return attrValue != null ? attrValue : null;\n    }\n    let property;\n    try {\n        property = getProperty(element, propName);\n    }\n    catch (_e) {\n    }\n    if (property == null || isObject(property)) {\n        const attrValue = element.getAttribute(name);\n        return attrValue != null ? attrValue : null;\n    }\n    return property != null ? String(property) : null;\n})).apply(null, arguments);"
}
[1783513379.699][INFO]: Waiting for pending navigations...
[1783513379.700][INFO]: Done waiting for pending navigations. Status: ok
[1783513379.704][INFO]: Waiting for pending navigations...
[1783513379.704][INFO]: Done waiting for pending navigations. Status: ok
[1783513379.704][INFO]: [8efdbb22e63138c8342c133790a7028c] RESPONSE ExecuteScript "PLAST BOY Penguin for Kids Combo Set of 2 Plastic Coffee Mug"
[1783513379.706][INFO]: [8efdbb22e63138c8342c133790a7028c] COMMAND FindChildElement {
   "id": "f.49D49945748C2EC068872BC92F3619EA.d.1FA0012362CDD3C62DB479648FDB025A.e.3096",
   "using": "xpath",
   "value": ".//div[@class='lWX0_T']//img"
}
[1783513379.706][INFO]: Waiting for pending navigations...
[1783513379.707][INFO]: Done waiting for pending navigations. Status: ok
[1783513379.714][INFO]: Waiting for pending navigations...
[1783513379.715][INFO]: Done waiting for pending navigations. Status: ok
[1783513379.715][INFO]: [8efdbb22e63138c8342c133790a7028c] RESPONSE FindChildElement {
   "element-6066-11e4-a52e-4f735466cecf": "f.49D49945748C2EC068872BC92F3619EA.d.1FA0012362CDD3C62DB479648FDB025A.e.2281"
}
[1783513379.717][INFO]: [8efdbb22e63138c8342c133790a7028c] COMMAND ExecuteScript {
   "args": [ {
      "element-6066-11e4-a52e-4f735466cecf": "f.49D49945748C2EC068872BC92F3619EA.d.1FA0012362CDD3C62DB479648FDB025A.e.2281"
   }, "src" ],
   "script": "/* getAttribute */return ((function (element, attribute) {\n    const PROPERTY_ALIASES = {\n        'class': 'className',\n        'readonly': 'readOnly',\n    };\n    const BOOLEAN_PROPERTIES = new Set([\n        'allowfullscreen',\n        'allowpaymentrequest',\n        'allowusermedia',\n        'async',\n        'autofocus',\n        'autoplay',\n        'checked',\n        'compact',\n        'complete',\n        'controls',\n        'declare',\n        'default',\n        'defaultchecked',\n        'defaultselected',\n        'defer',\n        'disabled',\n        'ended',\n        'formnovalidate',\n        'hidden',\n        'indeterminate',\n        'iscontenteditable',\n        'ismap',\n        'itemscope',\n        'loop',\n        'multiple',\n        'muted',\n        'nohref',\n        'nomodule',\n        'noresize',\n        'noshade',\n        'novalidate',\n        'nowrap',\n        'open',\n        'paused',\n        'playsinline',\n        'pubdate',\n        'readonly',\n        'required',\n        'reversed',\n        'scoped',\n        'seamless',\n        'seeking',\n        'selected',\n        'truespeed',\n        'typemustmatch',\n        'willvalidate',\n    ]);\n    function getAttribute(element, attributeName) {\n        return element.getAttribute(attributeName.toLowerCase());\n    }\n    function getProperty(element, propertyName) {\n        return element[propertyName];\n    }\n    function isElement(node, tagName) {\n        const elem = node;\n        if (!elem || elem.nodeType !== 1) {\n            return false;\n        }\n        if (!tagName) {\n            return true;\n        }\n        const normalizedTag = tagName.toUpperCase();\n        if (node instanceof HTMLFormElement) {\n            return normalizedTag === 'FORM';\n        }\n        return typeof elem.tagName === 'string' && elem.tagName.toUpperCase() === normalizedTag;\n    }\n    function isSelectable(element) {\n        if (isElement(element, 'OPTION')) {\n            return true;\n        }\n        if (isElement(element, 'INPUT')) {\n            const type = element.type.toLowerCase();\n            return type === 'checkbox' || type === 'radio';\n        }\n        return false;\n    }\n    function isSelected(element) {\n        var _a;\n        if (isElement(element, 'OPTION')) {\n            return element.selected;\n        }\n        const type = (_a = element.type) === null || _a === void 0 ? void 0 : _a.toLowerCase();\n        if (type === 'checkbox' || type === 'radio') {\n            return element.checked;\n        }\n        return false;\n    }\n    function isObject(value) {\n        return value !== null && (typeof value === 'object' || typeof value === 'function');\n    }\n    const name = attribute.toLowerCase();\n    if (name === 'style') {\n        const style = element.style;\n        if (!style) {\n            return null;\n        }\n        return typeof style === 'string' ? style : style.cssText;\n    }\n    if ((name === 'selected' || name === 'checked') && isSelectable(element)) {\n        return isSelected(element) ? 'true' : null;\n    }\n    const isLink = isElement(element, 'A');\n    const isImg = isElement(element, 'IMG');\n    if ((isImg && name === 'src') || (isLink && name === 'href')) {\n        const attrValue = getAttribute(element, name);\n        if (attrValue) {\n            return String(getProperty(element, name));\n        }\n        return attrValue;\n    }\n    if (name === 'spellcheck') {\n        const attrValue = getAttribute(element, name);\n        if (attrValue !== null) {\n            const lower = attrValue.toLowerCase();\n            if (lower === 'false') {\n                return 'false';\n            }\n            if (lower === 'true') {\n                return 'true';\n            }\n        }\n        return String(getProperty(element, name));\n    }\n    const propName = PROPERTY_ALIASES[name] || attribute;\n    if (BOOLEAN_PROPERTIES.has(name)) {\n        const hasAttr = element.getAttribute(name) !== null;\n        const propValue = getProperty(element, propName);\n        return hasAttr || !!propValue ? 'true' : null;\n    }\n    if (name === 'value' && isElement(element, 'LI')) {\n        const attrValue = element.getAttribute(name);\n        return attrValue != null ? attrValue : null;\n    }\n    let property;\n    try {\n        property = getProperty(element, propName);\n    }\n    catch (_e) {\n    }\n    if (property == null || isObject(property)) {\n        const attrValue = element.getAttribute(name);\n        return attrValue != null ? attrValue : null;\n    }\n    return property != null ? String(property) : null;\n})).apply(null, arguments);"
}
[1783513379.717][INFO]: Waiting for pending navigations...
[1783513379.718][INFO]: Done waiting for pending navigations. Status: ok
[1783513379.721][INFO]: Waiting for pending navigations...
[1783513379.722][INFO]: Done waiting for pending navigations. Status: ok
[1783513379.722][INFO]: [8efdbb22e63138c8342c133790a7028c] RESPONSE ExecuteScript "https://rukminim2.flixcart.com/image/612/612/xif0q/mug/p/4/v/penguin-mug-for-kids-combo-set-of-2-450-2-plast-boy-original-imahmqcf2efkwwa3.jpeg?q=70"
[1783513379.723][INFO]: [8efdbb22e63138c8342c133790a7028c] COMMAND FindChildElement {
   "id": "f.49D49945748C2EC068872BC92F3619EA.d.1FA0012362CDD3C62DB479648FDB025A.e.3096",
   "using": "xpath",
   "value": ".//span[@class='PvbNMB']"
}
[1783513379.723][INFO]: Waiting for pending navigations...
[1783513379.724][INFO]: Done waiting for pending navigations. Status: ok
[1783513379.732][INFO]: Waiting for pending navigations...
[1783513379.732][INFO]: Done waiting for pending navigations. Status: ok
[1783513379.732][INFO]: [8efdbb22e63138c8342c133790a7028c] RESPONSE FindChildElement {
   "element-6066-11e4-a52e-4f735466cecf": "f.49D49945748C2EC068872BC92F3619EA.d.1FA0012362CDD3C62DB479648FDB025A.e.3136"
}
[1783513379.733][INFO]: [8efdbb22e63138c8342c133790a7028c] COMMAND GetElementText {
   "id": "f.49D49945748C2EC068872BC92F3619EA.d.1FA0012362CDD3C62DB479648FDB025A.e.3136"
}
[1783513379.733][INFO]: Waiting for pending navigations...
[1783513379.734][INFO]: Done waiting for pending navigations. Status: ok
[1783513379.742][INFO]: Waiting for pending navigations...
[1783513379.743][INFO]: Done waiting for pending navigations. Status: ok
[1783513379.743][INFO]: [8efdbb22e63138c8342c133790a7028c] RESPONSE GetElementText "(14)"
[1783513379.744][INFO]: [8efdbb22e63138c8342c133790a7028c] COMMAND FindChildElement {
   "id": "f.49D49945748C2EC068872BC92F3619EA.d.1FA0012362CDD3C62DB479648FDB025A.e.3097",
   "using": "xpath",
   "value": ".//div[@class='lWX0_T']//img"
}
[1783513379.744][INFO]: Waiting for pending navigations...
[1783513379.745][INFO]: Done waiting for pending navigations. Status: ok
[1783513379.753][INFO]: Waiting for pending navigations...
[1783513379.753][INFO]: Done waiting for pending navigations. Status: ok
[1783513379.753][INFO]: [8efdbb22e63138c8342c133790a7028c] RESPONSE FindChildElement {
   "element-6066-11e4-a52e-4f735466cecf": "f.49D49945748C2EC068872BC92F3619EA.d.1FA0012362CDD3C62DB479648FDB025A.e.2282"
}
[1783513379.755][INFO]: [8efdbb22e63138c8342c133790a7028c] COMMAND ExecuteScript {
   "args": [ {
      "element-6066-11e4-a52e-4f735466cecf": "f.49D49945748C2EC068872BC92F3619EA.d.1FA0012362CDD3C62DB479648FDB025A.e.2282"
   }, "alt" ],
   "script": "/* getAttribute */return ((function (element, attribute) {\n    const PROPERTY_ALIASES = {\n        'class': 'className',\n        'readonly': 'readOnly',\n    };\n    const BOOLEAN_PROPERTIES = new Set([\n        'allowfullscreen',\n        'allowpaymentrequest',\n        'allowusermedia',\n        'async',\n        'autofocus',\n        'autoplay',\n        'checked',\n        'compact',\n        'complete',\n        'controls',\n        'declare',\n        'default',\n        'defaultchecked',\n        'defaultselected',\n        'defer',\n        'disabled',\n        'ended',\n        'formnovalidate',\n        'hidden',\n        'indeterminate',\n        'iscontenteditable',\n        'ismap',\n        'itemscope',\n        'loop',\n        'multiple',\n        'muted',\n        'nohref',\n        'nomodule',\n        'noresize',\n        'noshade',\n        'novalidate',\n        'nowrap',\n        'open',\n        'paused',\n        'playsinline',\n        'pubdate',\n        'readonly',\n        'required',\n        'reversed',\n        'scoped',\n        'seamless',\n        'seeking',\n        'selected',\n        'truespeed',\n        'typemustmatch',\n        'willvalidate',\n    ]);\n    function getAttribute(element, attributeName) {\n        return element.getAttribute(attributeName.toLowerCase());\n    }\n    function getProperty(element, propertyName) {\n        return element[propertyName];\n    }\n    function isElement(node, tagName) {\n        const elem = node;\n        if (!elem || elem.nodeType !== 1) {\n            return false;\n        }\n        if (!tagName) {\n            return true;\n        }\n        const normalizedTag = tagName.toUpperCase();\n        if (node instanceof HTMLFormElement) {\n            return normalizedTag === 'FORM';\n        }\n        return typeof elem.tagName === 'string' && elem.tagName.toUpperCase() === normalizedTag;\n    }\n    function isSelectable(element) {\n        if (isElement(element, 'OPTION')) {\n            return true;\n        }\n        if (isElement(element, 'INPUT')) {\n            const type = element.type.toLowerCase();\n            return type === 'checkbox' || type === 'radio';\n        }\n        return false;\n    }\n    function isSelected(element) {\n        var _a;\n        if (isElement(element, 'OPTION')) {\n            return element.selected;\n        }\n        const type = (_a = element.type) === null || _a === void 0 ? void 0 : _a.toLowerCase();\n        if (type === 'checkbox' || type === 'radio') {\n            return element.checked;\n        }\n        return false;\n    }\n    function isObject(value) {\n        return value !== null && (typeof value === 'object' || typeof value === 'function');\n    }\n    const name = attribute.toLowerCase();\n    if (name === 'style') {\n        const style = element.style;\n        if (!style) {\n            return null;\n        }\n        return typeof style === 'string' ? style : style.cssText;\n    }\n    if ((name === 'selected' || name === 'checked') && isSelectable(element)) {\n        return isSelected(element) ? 'true' : null;\n    }\n    const isLink = isElement(element, 'A');\n    const isImg = isElement(element, 'IMG');\n    if ((isImg && name === 'src') || (isLink && name === 'href')) {\n        const attrValue = getAttribute(element, name);\n        if (attrValue) {\n            return String(getProperty(element, name));\n        }\n        return attrValue;\n    }\n    if (name === 'spellcheck') {\n        const attrValue = getAttribute(element, name);\n        if (attrValue !== null) {\n            const lower = attrValue.toLowerCase();\n            if (lower === 'false') {\n                return 'false';\n            }\n            if (lower === 'true') {\n                return 'true';\n            }\n        }\n        return String(getProperty(element, name));\n    }\n    const propName = PROPERTY_ALIASES[name] || attribute;\n    if (BOOLEAN_PROPERTIES.has(name)) {\n        const hasAttr = element.getAttribute(name) !== null;\n        const propValue = getProperty(element, propName);\n        return hasAttr || !!propValue ? 'true' : null;\n    }\n    if (name === 'value' && isElement(element, 'LI')) {\n        const attrValue = element.getAttribute(name);\n        return attrValue != null ? attrValue : null;\n    }\n    let property;\n    try {\n        property = getProperty(element, propName);\n    }\n    catch (_e) {\n    }\n    if (property == null || isObject(property)) {\n        const attrValue = element.getAttribute(name);\n        return attrValue != null ? attrValue : null;\n    }\n    return property != null ? String(property) : null;\n})).apply(null, arguments);"
}
[1783513379.755][INFO]: Waiting for pending navigations...
[1783513379.756][INFO]: Done waiting for pending navigations. Status: ok
[1783513379.761][INFO]: Waiting for pending navigations...
[1783513379.762][INFO]: Done waiting for pending navigations. Status: ok
[1783513379.762][INFO]: [8efdbb22e63138c8342c133790a7028c] RESPONSE ExecuteScript "SUKAAM Anime Gojo Satoru Printed Cup Ceramic Coffee Mug"
[1783513379.763][INFO]: [8efdbb22e63138c8342c133790a7028c] COMMAND FindChildElement {
   "id": "f.49D49945748C2EC068872BC92F3619EA.d.1FA0012362CDD3C62DB479648FDB025A.e.3097",
   "using": "xpath",
   "value": ".//div[@class='lWX0_T']//img"
}
[1783513379.763][INFO]: Waiting for pending navigations...
[1783513379.764][INFO]: Done waiting for pending navigations. Status: ok
[1783513379.773][INFO]: Waiting for pending navigations...
[1783513379.773][INFO]: Done waiting for pending navigations. Status: ok
[1783513379.773][INFO]: [8efdbb22e63138c8342c133790a7028c] RESPONSE FindChildElement {
   "element-6066-11e4-a52e-4f735466cecf": "f.49D49945748C2EC068872BC92F3619EA.d.1FA0012362CDD3C62DB479648FDB025A.e.2282"
}
[1783513379.776][INFO]: [8efdbb22e63138c8342c133790a7028c] COMMAND ExecuteScript {
   "args": [ {
      "element-6066-11e4-a52e-4f735466cecf": "f.49D49945748C2EC068872BC92F3619EA.d.1FA0012362CDD3C62DB479648FDB025A.e.2282"
   }, "src" ],
   "script": "/* getAttribute */return ((function (element, attribute) {\n    const PROPERTY_ALIASES = {\n        'class': 'className',\n        'readonly': 'readOnly',\n    };\n    const BOOLEAN_PROPERTIES = new Set([\n        'allowfullscreen',\n        'allowpaymentrequest',\n        'allowusermedia',\n        'async',\n        'autofocus',\n        'autoplay',\n        'checked',\n        'compact',\n        'complete',\n        'controls',\n        'declare',\n        'default',\n        'defaultchecked',\n        'defaultselected',\n        'defer',\n        'disabled',\n        'ended',\n        'formnovalidate',\n        'hidden',\n        'indeterminate',\n        'iscontenteditable',\n        'ismap',\n        'itemscope',\n        'loop',\n        'multiple',\n        'muted',\n        'nohref',\n        'nomodule',\n        'noresize',\n        'noshade',\n        'novalidate',\n        'nowrap',\n        'open',\n        'paused',\n        'playsinline',\n        'pubdate',\n        'readonly',\n        'required',\n        'reversed',\n        'scoped',\n        'seamless',\n        'seeking',\n        'selected',\n        'truespeed',\n        'typemustmatch',\n        'willvalidate',\n    ]);\n    function getAttribute(element, attributeName) {\n        return element.getAttribute(attributeName.toLowerCase());\n    }\n    function getProperty(element, propertyName) {\n        return element[propertyName];\n    }\n    function isElement(node, tagName) {\n        const elem = node;\n        if (!elem || elem.nodeType !== 1) {\n            return false;\n        }\n        if (!tagName) {\n            return true;\n        }\n        const normalizedTag = tagName.toUpperCase();\n        if (node instanceof HTMLFormElement) {\n            return normalizedTag === 'FORM';\n        }\n        return typeof elem.tagName === 'string' && elem.tagName.toUpperCase() === normalizedTag;\n    }\n    function isSelectable(element) {\n        if (isElement(element, 'OPTION')) {\n            return true;\n        }\n        if (isElement(element, 'INPUT')) {\n            const type = element.type.toLowerCase();\n            return type === 'checkbox' || type === 'radio';\n        }\n        return false;\n    }\n    function isSelected(element) {\n        var _a;\n        if (isElement(element, 'OPTION')) {\n            return element.selected;\n        }\n        const type = (_a = element.type) === null || _a === void 0 ? void 0 : _a.toLowerCase();\n        if (type === 'checkbox' || type === 'radio') {\n            return element.checked;\n        }\n        return false;\n    }\n    function isObject(value) {\n        return value !== null && (typeof value === 'object' || typeof value === 'function');\n    }\n    const name = attribute.toLowerCase();\n    if (name === 'style') {\n        const style = element.style;\n        if (!style) {\n            return null;\n        }\n        return typeof style === 'string' ? style : style.cssText;\n    }\n    if ((name === 'selected' || name === 'checked') && isSelectable(element)) {\n        return isSelected(element) ? 'true' : null;\n    }\n    const isLink = isElement(element, 'A');\n    const isImg = isElement(element, 'IMG');\n    if ((isImg && name === 'src') || (isLink && name === 'href')) {\n        const attrValue = getAttribute(element, name);\n        if (attrValue) {\n            return String(getProperty(element, name));\n        }\n        return attrValue;\n    }\n    if (name === 'spellcheck') {\n        const attrValue = getAttribute(element, name);\n        if (attrValue !== null) {\n            const lower = attrValue.toLowerCase();\n            if (lower === 'false') {\n                return 'false';\n            }\n            if (lower === 'true') {\n                return 'true';\n            }\n        }\n        return String(getProperty(element, name));\n    }\n    const propName = PROPERTY_ALIASES[name] || attribute;\n    if (BOOLEAN_PROPERTIES.has(name)) {\n        const hasAttr = element.getAttribute(name) !== null;\n        const propValue = getProperty(element, propName);\n        return hasAttr || !!propValue ? 'true' : null;\n    }\n    if (name === 'value' && isElement(element, 'LI')) {\n        const attrValue = element.getAttribute(name);\n        return attrValue != null ? attrValue : null;\n    }\n    let property;\n    try {\n        property = getProperty(element, propName);\n    }\n    catch (_e) {\n    }\n    if (property == null || isObject(property)) {\n        const attrValue = element.getAttribute(name);\n        return attrValue != null ? attrValue : null;\n    }\n    return property != null ? String(property) : null;\n})).apply(null, arguments);"
}
[1783513379.776][INFO]: Waiting for pending navigations...
[1783513379.777][INFO]: Done waiting for pending navigations. Status: ok
[1783513379.781][INFO]: Waiting for pending navigations...
[1783513379.782][INFO]: Done waiting for pending navigations. Status: ok
[1783513379.782][INFO]: [8efdbb22e63138c8342c133790a7028c] RESPONSE ExecuteScript "https://rukminim2.flixcart.com/image/612/612/xif0q/mug/j/k/l/anime-gojo-satoru-printed-cup-330-1-sukaam-original-imahnathdy49vmsh.jpeg?q=70"
[1783513379.784][INFO]: [8efdbb22e63138c8342c133790a7028c] COMMAND FindChildElement {
   "id": "f.49D49945748C2EC068872BC92F3619EA.d.1FA0012362CDD3C62DB479648FDB025A.e.3097",
   "using": "xpath",
   "value": ".//span[@class='PvbNMB']"
}
[1783513379.784][INFO]: Waiting for pending navigations...
[1783513379.785][INFO]: Done waiting for pending navigations. Status: ok
[1783513379.791][INFO]: Waiting for pending navigations...
[1783513379.792][INFO]: Done waiting for pending navigations. Status: ok
[1783513379.792][INFO]: [8efdbb22e63138c8342c133790a7028c] RESPONSE FindChildElement {
   "element-6066-11e4-a52e-4f735466cecf": "f.49D49945748C2EC068872BC92F3619EA.d.1FA0012362CDD3C62DB479648FDB025A.e.3137"
}
[1783513379.793][INFO]: [8efdbb22e63138c8342c133790a7028c] COMMAND GetElementText {
   "id": "f.49D49945748C2EC068872BC92F3619EA.d.1FA0012362CDD3C62DB479648FDB025A.e.3137"
}
[1783513379.793][INFO]: Waiting for pending navigations...
[1783513379.794][INFO]: Done waiting for pending navigations. Status: ok
[1783513379.803][INFO]: Waiting for pending navigations...
[1783513379.804][INFO]: Done waiting for pending navigations. Status: ok
[1783513379.804][INFO]: [8efdbb22e63138c8342c133790a7028c] RESPONSE GetElementText "(2)"
[1783513379.806][INFO]: [8efdbb22e63138c8342c133790a7028c] COMMAND FindChildElement {
   "id": "f.49D49945748C2EC068872BC92F3619EA.d.1FA0012362CDD3C62DB479648FDB025A.e.3098",
   "using": "xpath",
   "value": ".//div[@class='lWX0_T']//img"
}
[1783513379.806][INFO]: Waiting for pending navigations...
[1783513379.806][INFO]: Done waiting for pending navigations. Status: ok
[1783513379.814][INFO]: Waiting for pending navigations...
[1783513379.815][INFO]: Done waiting for pending navigations. Status: ok
[1783513379.815][INFO]: [8efdbb22e63138c8342c133790a7028c] RESPONSE FindChildElement {
   "element-6066-11e4-a52e-4f735466cecf": "f.49D49945748C2EC068872BC92F3619EA.d.1FA0012362CDD3C62DB479648FDB025A.e.2178"
}
[1783513379.817][INFO]: [8efdbb22e63138c8342c133790a7028c] COMMAND ExecuteScript {
   "args": [ {
      "element-6066-11e4-a52e-4f735466cecf": "f.49D49945748C2EC068872BC92F3619EA.d.1FA0012362CDD3C62DB479648FDB025A.e.2178"
   }, "alt" ],
   "script": "/* getAttribute */return ((function (element, attribute) {\n    const PROPERTY_ALIASES = {\n        'class': 'className',\n        'readonly': 'readOnly',\n    };\n    const BOOLEAN_PROPERTIES = new Set([\n        'allowfullscreen',\n        'allowpaymentrequest',\n        'allowusermedia',\n        'async',\n        'autofocus',\n        'autoplay',\n        'checked',\n        'compact',\n        'complete',\n        'controls',\n        'declare',\n        'default',\n        'defaultchecked',\n        'defaultselected',\n        'defer',\n        'disabled',\n        'ended',\n        'formnovalidate',\n        'hidden',\n        'indeterminate',\n        'iscontenteditable',\n        'ismap',\n        'itemscope',\n        'loop',\n        'multiple',\n        'muted',\n        'nohref',\n        'nomodule',\n        'noresize',\n        'noshade',\n        'novalidate',\n        'nowrap',\n        'open',\n        'paused',\n        'playsinline',\n        'pubdate',\n        'readonly',\n        'required',\n        'reversed',\n        'scoped',\n        'seamless',\n        'seeking',\n        'selected',\n        'truespeed',\n        'typemustmatch',\n        'willvalidate',\n    ]);\n    function getAttribute(element, attributeName) {\n        return element.getAttribute(attributeName.toLowerCase());\n    }\n    function getProperty(element, propertyName) {\n        return element[propertyName];\n    }\n    function isElement(node, tagName) {\n        const elem = node;\n        if (!elem || elem.nodeType !== 1) {\n            return false;\n        }\n        if (!tagName) {\n            return true;\n        }\n        const normalizedTag = tagName.toUpperCase();\n        if (node instanceof HTMLFormElement) {\n            return normalizedTag === 'FORM';\n        }\n        return typeof elem.tagName === 'string' && elem.tagName.toUpperCase() === normalizedTag;\n    }\n    function isSelectable(element) {\n        if (isElement(element, 'OPTION')) {\n            return true;\n        }\n        if (isElement(element, 'INPUT')) {\n            const type = element.type.toLowerCase();\n            return type === 'checkbox' || type === 'radio';\n        }\n        return false;\n    }\n    function isSelected(element) {\n        var _a;\n        if (isElement(element, 'OPTION')) {\n            return element.selected;\n        }\n        const type = (_a = element.type) === null || _a === void 0 ? void 0 : _a.toLowerCase();\n        if (type === 'checkbox' || type === 'radio') {\n            return element.checked;\n        }\n        return false;\n    }\n    function isObject(value) {\n        return value !== null && (typeof value === 'object' || typeof value === 'function');\n    }\n    const name = attribute.toLowerCase();\n    if (name === 'style') {\n        const style = element.style;\n        if (!style) {\n            return null;\n        }\n        return typeof style === 'string' ? style : style.cssText;\n    }\n    if ((name === 'selected' || name === 'checked') && isSelectable(element)) {\n        return isSelected(element) ? 'true' : null;\n    }\n    const isLink = isElement(element, 'A');\n    const isImg = isElement(element, 'IMG');\n    if ((isImg && name === 'src') || (isLink && name === 'href')) {\n        const attrValue = getAttribute(element, name);\n        if (attrValue) {\n            return String(getProperty(element, name));\n        }\n        return attrValue;\n    }\n    if (name === 'spellcheck') {\n        const attrValue = getAttribute(element, name);\n        if (attrValue !== null) {\n            const lower = attrValue.toLowerCase();\n            if (lower === 'false') {\n                return 'false';\n            }\n            if (lower === 'true') {\n                return 'true';\n            }\n        }\n        return String(getProperty(element, name));\n    }\n    const propName = PROPERTY_ALIASES[name] || attribute;\n    if (BOOLEAN_PROPERTIES.has(name)) {\n        const hasAttr = element.getAttribute(name) !== null;\n        const propValue = getProperty(element, propName);\n        return hasAttr || !!propValue ? 'true' : null;\n    }\n    if (name === 'value' && isElement(element, 'LI')) {\n        const attrValue = element.getAttribute(name);\n        return attrValue != null ? attrValue : null;\n    }\n    let property;\n    try {\n        property = getProperty(element, propName);\n    }\n    catch (_e) {\n    }\n    if (property == null || isObject(property)) {\n        const attrValue = element.getAttribute(name);\n        return attrValue != null ? attrValue : null;\n    }\n    return property != null ? String(property) : null;\n})).apply(null, arguments);"
}
[1783513379.817][INFO]: Waiting for pending navigations...
[1783513379.818][INFO]: Done waiting for pending navigations. Status: ok
[1783513379.822][INFO]: Waiting for pending navigations...
[1783513379.822][INFO]: Done waiting for pending navigations. Status: ok
[1783513379.822][INFO]: [8efdbb22e63138c8342c133790a7028c] RESPONSE ExecuteScript "ZORI Premium Quality \" Shinchan High On Music \" Printed Glossy Finished Ceramic Coffee Mug"
[1783513379.824][INFO]: [8efdbb22e63138c8342c133790a7028c] COMMAND FindChildElement {
   "id": "f.49D49945748C2EC068872BC92F3619EA.d.1FA0012362CDD3C62DB479648FDB025A.e.3098",
   "using": "xpath",
   "value": ".//div[@class='lWX0_T']//img"
}
[1783513379.824][INFO]: Waiting for pending navigations...
[1783513379.825][INFO]: Done waiting for pending navigations. Status: ok
[1783513379.833][INFO]: Waiting for pending navigations...
[1783513379.834][INFO]: Done waiting for pending navigations. Status: ok
[1783513379.834][INFO]: [8efdbb22e63138c8342c133790a7028c] RESPONSE FindChildElement {
   "element-6066-11e4-a52e-4f735466cecf": "f.49D49945748C2EC068872BC92F3619EA.d.1FA0012362CDD3C62DB479648FDB025A.e.2178"
}
[1783513379.836][INFO]: [8efdbb22e63138c8342c133790a7028c] COMMAND ExecuteScript {
   "args": [ {
      "element-6066-11e4-a52e-4f735466cecf": "f.49D49945748C2EC068872BC92F3619EA.d.1FA0012362CDD3C62DB479648FDB025A.e.2178"
   }, "src" ],
   "script": "/* getAttribute */return ((function (element, attribute) {\n    const PROPERTY_ALIASES = {\n        'class': 'className',\n        'readonly': 'readOnly',\n    };\n    const BOOLEAN_PROPERTIES = new Set([\n        'allowfullscreen',\n        'allowpaymentrequest',\n        'allowusermedia',\n        'async',\n        'autofocus',\n        'autoplay',\n        'checked',\n        'compact',\n        'complete',\n        'controls',\n        'declare',\n        'default',\n        'defaultchecked',\n        'defaultselected',\n        'defer',\n        'disabled',\n        'ended',\n        'formnovalidate',\n        'hidden',\n        'indeterminate',\n        'iscontenteditable',\n        'ismap',\n        'itemscope',\n        'loop',\n        'multiple',\n        'muted',\n        'nohref',\n        'nomodule',\n        'noresize',\n        'noshade',\n        'novalidate',\n        'nowrap',\n        'open',\n        'paused',\n        'playsinline',\n        'pubdate',\n        'readonly',\n        'required',\n        'reversed',\n        'scoped',\n        'seamless',\n        'seeking',\n        'selected',\n        'truespeed',\n        'typemustmatch',\n        'willvalidate',\n    ]);\n    function getAttribute(element, attributeName) {\n        return element.getAttribute(attributeName.toLowerCase());\n    }\n    function getProperty(element, propertyName) {\n        return element[propertyName];\n    }\n    function isElement(node, tagName) {\n        const elem = node;\n        if (!elem || elem.nodeType !== 1) {\n            return false;\n        }\n        if (!tagName) {\n            return true;\n        }\n        const normalizedTag = tagName.toUpperCase();\n        if (node instanceof HTMLFormElement) {\n            return normalizedTag === 'FORM';\n        }\n        return typeof elem.tagName === 'string' && elem.tagName.toUpperCase() === normalizedTag;\n    }\n    function isSelectable(element) {\n        if (isElement(element, 'OPTION')) {\n            return true;\n        }\n        if (isElement(element, 'INPUT')) {\n            const type = element.type.toLowerCase();\n            return type === 'checkbox' || type === 'radio';\n        }\n        return false;\n    }\n    function isSelected(element) {\n        var _a;\n        if (isElement(element, 'OPTION')) {\n            return element.selected;\n        }\n        const type = (_a = element.type) === null || _a === void 0 ? void 0 : _a.toLowerCase();\n        if (type === 'checkbox' || type === 'radio') {\n            return element.checked;\n        }\n        return false;\n    }\n    function isObject(value) {\n        return value !== null && (typeof value === 'object' || typeof value === 'function');\n    }\n    const name = attribute.toLowerCase();\n    if (name === 'style') {\n        const style = element.style;\n        if (!style) {\n            return null;\n        }\n        return typeof style === 'string' ? style : style.cssText;\n    }\n    if ((name === 'selected' || name === 'checked') && isSelectable(element)) {\n        return isSelected(element) ? 'true' : null;\n    }\n    const isLink = isElement(element, 'A');\n    const isImg = isElement(element, 'IMG');\n    if ((isImg && name === 'src') || (isLink && name === 'href')) {\n        const attrValue = getAttribute(element, name);\n        if (attrValue) {\n            return String(getProperty(element, name));\n        }\n        return attrValue;\n    }\n    if (name === 'spellcheck') {\n        const attrValue = getAttribute(element, name);\n        if (attrValue !== null) {\n            const lower = attrValue.toLowerCase();\n            if (lower === 'false') {\n                return 'false';\n            }\n            if (lower === 'true') {\n                return 'true';\n            }\n        }\n        return String(getProperty(element, name));\n    }\n    const propName = PROPERTY_ALIASES[name] || attribute;\n    if (BOOLEAN_PROPERTIES.has(name)) {\n        const hasAttr = element.getAttribute(name) !== null;\n        const propValue = getProperty(element, propName);\n        return hasAttr || !!propValue ? 'true' : null;\n    }\n    if (name === 'value' && isElement(element, 'LI')) {\n        const attrValue = element.getAttribute(name);\n        return attrValue != null ? attrValue : null;\n    }\n    let property;\n    try {\n        property = getProperty(element, propName);\n    }\n    catch (_e) {\n    }\n    if (property == null || isObject(property)) {\n        const attrValue = element.getAttribute(name);\n        return attrValue != null ? attrValue : null;\n    }\n    return property != null ? String(property) : null;\n})).apply(null, arguments);"
}
[1783513379.836][INFO]: Waiting for pending navigations...
[1783513379.837][INFO]: Done waiting for pending navigations. Status: ok
[1783513379.842][INFO]: Waiting for pending navigations...
[1783513379.843][INFO]: Done waiting for pending navigations. Status: ok
[1783513379.843][INFO]: [8efdbb22e63138c8342c133790a7028c] RESPONSE ExecuteScript "https://rukminim2.flixcart.com/image/612/612/xif0q/mug/m/d/p/ceramic-printed-mug-for-gifting-350ml-350-1-giftsland-original-imahkvnfegwhfnsr.jpeg?q=70"
[1783513379.845][INFO]: [8efdbb22e63138c8342c133790a7028c] COMMAND FindChildElement {
   "id": "f.49D49945748C2EC068872BC92F3619EA.d.1FA0012362CDD3C62DB479648FDB025A.e.3098",
   "using": "xpath",
   "value": ".//span[@class='PvbNMB']"
}
[1783513379.845][INFO]: Waiting for pending navigations...
[1783513379.846][INFO]: Done waiting for pending navigations. Status: ok
[1783513379.854][INFO]: Waiting for pending navigations...
[1783513379.854][INFO]: Done waiting for pending navigations. Status: ok
[1783513379.854][INFO]: [8efdbb22e63138c8342c133790a7028c] RESPONSE FindChildElement {
   "element-6066-11e4-a52e-4f735466cecf": "f.49D49945748C2EC068872BC92F3619EA.d.1FA0012362CDD3C62DB479648FDB025A.e.3138"
}
[1783513379.856][INFO]: [8efdbb22e63138c8342c133790a7028c] COMMAND GetElementText {
   "id": "f.49D49945748C2EC068872BC92F3619EA.d.1FA0012362CDD3C62DB479648FDB025A.e.3138"
}
[1783513379.856][INFO]: Waiting for pending navigations...
[1783513379.857][INFO]: Done waiting for pending navigations. Status: ok
[1783513379.866][INFO]: Waiting for pending navigations...
[1783513379.866][INFO]: Done waiting for pending navigations. Status: ok
[1783513379.867][INFO]: [8efdbb22e63138c8342c133790a7028c] RESPONSE GetElementText "(590)"
[1783513379.869][INFO]: [8efdbb22e63138c8342c133790a7028c] COMMAND FindChildElement {
   "id": "f.49D49945748C2EC068872BC92F3619EA.d.1FA0012362CDD3C62DB479648FDB025A.e.3099",
   "using": "xpath",
   "value": ".//div[@class='lWX0_T']//img"
}
[1783513379.869][INFO]: Waiting for pending navigations...
[1783513379.870][INFO]: Done waiting for pending navigations. Status: ok
[1783513379.880][INFO]: Waiting for pending navigations...
[1783513379.881][INFO]: Done waiting for pending navigations. Status: ok
[1783513379.881][INFO]: [8efdbb22e63138c8342c133790a7028c] RESPONSE FindChildElement {
   "element-6066-11e4-a52e-4f735466cecf": "f.49D49945748C2EC068872BC92F3619EA.d.1FA0012362CDD3C62DB479648FDB025A.e.2262"
}
[1783513379.883][INFO]: [8efdbb22e63138c8342c133790a7028c] COMMAND ExecuteScript {
   "args": [ {
      "element-6066-11e4-a52e-4f735466cecf": "f.49D49945748C2EC068872BC92F3619EA.d.1FA0012362CDD3C62DB479648FDB025A.e.2262"
   }, "alt" ],
   "script": "/* getAttribute */return ((function (element, attribute) {\n    const PROPERTY_ALIASES = {\n        'class': 'className',\n        'readonly': 'readOnly',\n    };\n    const BOOLEAN_PROPERTIES = new Set([\n        'allowfullscreen',\n        'allowpaymentrequest',\n        'allowusermedia',\n        'async',\n        'autofocus',\n        'autoplay',\n        'checked',\n        'compact',\n        'complete',\n        'controls',\n        'declare',\n        'default',\n        'defaultchecked',\n        'defaultselected',\n        'defer',\n        'disabled',\n        'ended',\n        'formnovalidate',\n        'hidden',\n        'indeterminate',\n        'iscontenteditable',\n        'ismap',\n        'itemscope',\n        'loop',\n        'multiple',\n        'muted',\n        'nohref',\n        'nomodule',\n        'noresize',\n        'noshade',\n        'novalidate',\n        'nowrap',\n        'open',\n        'paused',\n        'playsinline',\n        'pubdate',\n        'readonly',\n        'required',\n        'reversed',\n        'scoped',\n        'seamless',\n        'seeking',\n        'selected',\n        'truespeed',\n        'typemustmatch',\n        'willvalidate',\n    ]);\n    function getAttribute(element, attributeName) {\n        return element.getAttribute(attributeName.toLowerCase());\n    }\n    function getProperty(element, propertyName) {\n        return element[propertyName];\n    }\n    function isElement(node, tagName) {\n        const elem = node;\n        if (!elem || elem.nodeType !== 1) {\n            return false;\n        }\n        if (!tagName) {\n            return true;\n        }\n        const normalizedTag = tagName.toUpperCase();\n        if (node instanceof HTMLFormElement) {\n            return normalizedTag === 'FORM';\n        }\n        return typeof elem.tagName === 'string' && elem.tagName.toUpperCase() === normalizedTag;\n    }\n    function isSelectable(element) {\n        if (isElement(element, 'OPTION')) {\n            return true;\n        }\n        if (isElement(element, 'INPUT')) {\n            const type = element.type.toLowerCase();\n            return type === 'checkbox' || type === 'radio';\n        }\n        return false;\n    }\n    function isSelected(element) {\n        var _a;\n        if (isElement(element, 'OPTION')) {\n            return element.selected;\n        }\n        const type = (_a = element.type) === null || _a === void 0 ? void 0 : _a.toLowerCase();\n        if (type === 'checkbox' || type === 'radio') {\n            return element.checked;\n        }\n        return false;\n    }\n    function isObject(value) {\n        return value !== null && (typeof value === 'object' || typeof value === 'function');\n    }\n    const name = attribute.toLowerCase();\n    if (name === 'style') {\n        const style = element.style;\n        if (!style) {\n            return null;\n        }\n        return typeof style === 'string' ? style : style.cssText;\n    }\n    if ((name === 'selected' || name === 'checked') && isSelectable(element)) {\n        return isSelected(element) ? 'true' : null;\n    }\n    const isLink = isElement(element, 'A');\n    const isImg = isElement(element, 'IMG');\n    if ((isImg && name === 'src') || (isLink && name === 'href')) {\n        const attrValue = getAttribute(element, name);\n        if (attrValue) {\n            return String(getProperty(element, name));\n        }\n        return attrValue;\n    }\n    if (name === 'spellcheck') {\n        const attrValue = getAttribute(element, name);\n        if (attrValue !== null) {\n            const lower = attrValue.toLowerCase();\n            if (lower === 'false') {\n                return 'false';\n            }\n            if (lower === 'true') {\n                return 'true';\n            }\n        }\n        return String(getProperty(element, name));\n    }\n    const propName = PROPERTY_ALIASES[name] || attribute;\n    if (BOOLEAN_PROPERTIES.has(name)) {\n        const hasAttr = element.getAttribute(name) !== null;\n        const propValue = getProperty(element, propName);\n        return hasAttr || !!propValue ? 'true' : null;\n    }\n    if (name === 'value' && isElement(element, 'LI')) {\n        const attrValue = element.getAttribute(name);\n        return attrValue != null ? attrValue : null;\n    }\n    let property;\n    try {\n        property = getProperty(element, propName);\n    }\n    catch (_e) {\n    }\n    if (property == null || isObject(property)) {\n        const attrValue = element.getAttribute(name);\n        return attrValue != null ? attrValue : null;\n    }\n    return property != null ? String(property) : null;\n})).apply(null, arguments);"
}
[1783513379.883][INFO]: Waiting for pending navigations...
[1783513379.884][INFO]: Done waiting for pending navigations. Status: ok
[1783513379.890][INFO]: Waiting for pending navigations...
[1783513379.891][INFO]: Done waiting for pending navigations. Status: ok
[1783513379.891][INFO]: [8efdbb22e63138c8342c133790a7028c] RESPONSE ExecuteScript "Trueware Frost Unbreakable Tea Coffee Double Wall Insulated with Handle and Lid Stainless Steel, Plastic Coffee Mug"
[1783513379.893][INFO]: [8efdbb22e63138c8342c133790a7028c] COMMAND FindChildElement {
   "id": "f.49D49945748C2EC068872BC92F3619EA.d.1FA0012362CDD3C62DB479648FDB025A.e.3099",
   "using": "xpath",
   "value": ".//div[@class='lWX0_T']//img"
}
[1783513379.893][INFO]: Waiting for pending navigations...
[1783513379.894][INFO]: Done waiting for pending navigations. Status: ok
[1783513379.900][INFO]: Waiting for pending navigations...
[1783513379.901][INFO]: Done waiting for pending navigations. Status: ok
[1783513379.901][INFO]: [8efdbb22e63138c8342c133790a7028c] RESPONSE FindChildElement {
   "element-6066-11e4-a52e-4f735466cecf": "f.49D49945748C2EC068872BC92F3619EA.d.1FA0012362CDD3C62DB479648FDB025A.e.2262"
}
[1783513379.903][INFO]: [8efdbb22e63138c8342c133790a7028c] COMMAND ExecuteScript {
   "args": [ {
      "element-6066-11e4-a52e-4f735466cecf": "f.49D49945748C2EC068872BC92F3619EA.d.1FA0012362CDD3C62DB479648FDB025A.e.2262"
   }, "src" ],
   "script": "/* getAttribute */return ((function (element, attribute) {\n    const PROPERTY_ALIASES = {\n        'class': 'className',\n        'readonly': 'readOnly',\n    };\n    const BOOLEAN_PROPERTIES = new Set([\n        'allowfullscreen',\n        'allowpaymentrequest',\n        'allowusermedia',\n        'async',\n        'autofocus',\n        'autoplay',\n        'checked',\n        'compact',\n        'complete',\n        'controls',\n        'declare',\n        'default',\n        'defaultchecked',\n        'defaultselected',\n        'defer',\n        'disabled',\n        'ended',\n        'formnovalidate',\n        'hidden',\n        'indeterminate',\n        'iscontenteditable',\n        'ismap',\n        'itemscope',\n        'loop',\n        'multiple',\n        'muted',\n        'nohref',\n        'nomodule',\n        'noresize',\n        'noshade',\n        'novalidate',\n        'nowrap',\n        'open',\n        'paused',\n        'playsinline',\n        'pubdate',\n        'readonly',\n        'required',\n        'reversed',\n        'scoped',\n        'seamless',\n        'seeking',\n        'selected',\n        'truespeed',\n        'typemustmatch',\n        'willvalidate',\n    ]);\n    function getAttribute(element, attributeName) {\n        return element.getAttribute(attributeName.toLowerCase());\n    }\n    function getProperty(element, propertyName) {\n        return element[propertyName];\n    }\n    function isElement(node, tagName) {\n        const elem = node;\n        if (!elem || elem.nodeType !== 1) {\n            return false;\n        }\n        if (!tagName) {\n            return true;\n        }\n        const normalizedTag = tagName.toUpperCase();\n        if (node instanceof HTMLFormElement) {\n            return normalizedTag === 'FORM';\n        }\n        return typeof elem.tagName === 'string' && elem.tagName.toUpperCase() === normalizedTag;\n    }\n    function isSelectable(element) {\n        if (isElement(element, 'OPTION')) {\n            return true;\n        }\n        if (isElement(element, 'INPUT')) {\n            const type = element.type.toLowerCase();\n            return type === 'checkbox' || type === 'radio';\n        }\n        return false;\n    }\n    function isSelected(element) {\n        var _a;\n        if (isElement(element, 'OPTION')) {\n            return element.selected;\n        }\n        const type = (_a = element.type) === null || _a === void 0 ? void 0 : _a.toLowerCase();\n        if (type === 'checkbox' || type === 'radio') {\n            return element.checked;\n        }\n        return false;\n    }\n    function isObject(value) {\n        return value !== null && (typeof value === 'object' || typeof value === 'function');\n    }\n    const name = attribute.toLowerCase();\n    if (name === 'style') {\n        const style = element.style;\n        if (!style) {\n            return null;\n        }\n        return typeof style === 'string' ? style : style.cssText;\n    }\n    if ((name === 'selected' || name === 'checked') && isSelectable(element)) {\n        return isSelected(element) ? 'true' : null;\n    }\n    const isLink = isElement(element, 'A');\n    const isImg = isElement(element, 'IMG');\n    if ((isImg && name === 'src') || (isLink && name === 'href')) {\n        const attrValue = getAttribute(element, name);\n        if (attrValue) {\n            return String(getProperty(element, name));\n        }\n        return attrValue;\n    }\n    if (name === 'spellcheck') {\n        const attrValue = getAttribute(element, name);\n        if (attrValue !== null) {\n            const lower = attrValue.toLowerCase();\n            if (lower === 'false') {\n                return 'false';\n            }\n            if (lower === 'true') {\n                return 'true';\n            }\n        }\n        return String(getProperty(element, name));\n    }\n    const propName = PROPERTY_ALIASES[name] || attribute;\n    if (BOOLEAN_PROPERTIES.has(name)) {\n        const hasAttr = element.getAttribute(name) !== null;\n        const propValue = getProperty(element, propName);\n        return hasAttr || !!propValue ? 'true' : null;\n    }\n    if (name === 'value' && isElement(element, 'LI')) {\n        const attrValue = element.getAttribute(name);\n        return attrValue != null ? attrValue : null;\n    }\n    let property;\n    try {\n        property = getProperty(element, propName);\n    }\n    catch (_e) {\n    }\n    if (property == null || isObject(property)) {\n        const attrValue = element.getAttribute(name);\n        return attrValue != null ? attrValue : null;\n    }\n    return property != null ? String(property) : null;\n})).apply(null, arguments);"
}
[1783513379.903][INFO]: Waiting for pending navigations...
[1783513379.904][INFO]: Done waiting for pending navigations. Status: ok
[1783513379.909][INFO]: Waiting for pending navigations...
[1783513379.910][INFO]: Done waiting for pending navigations. Status: ok
[1783513379.910][INFO]: [8efdbb22e63138c8342c133790a7028c] RESPONSE ExecuteScript "https://rukminim2.flixcart.com/image/612/612/xif0q/mug/e/w/4/frost-unbreakable-tea-coffee-mug-double-wall-insulated-with-original-imah44h2fyftxca4.jpeg?q=70"
[1783513379.912][INFO]: [8efdbb22e63138c8342c133790a7028c] COMMAND FindChildElement {
   "id": "f.49D49945748C2EC068872BC92F3619EA.d.1FA0012362CDD3C62DB479648FDB025A.e.3099",
   "using": "xpath",
   "value": ".//span[@class='PvbNMB']"
}
[1783513379.912][INFO]: Waiting for pending navigations...
[1783513379.913][INFO]: Done waiting for pending navigations. Status: ok
[1783513379.923][INFO]: Waiting for pending navigations...
[1783513379.924][INFO]: Done waiting for pending navigations. Status: ok
[1783513379.924][INFO]: [8efdbb22e63138c8342c133790a7028c] RESPONSE FindChildElement {
   "element-6066-11e4-a52e-4f735466cecf": "f.49D49945748C2EC068872BC92F3619EA.d.1FA0012362CDD3C62DB479648FDB025A.e.3139"
}
[1783513379.926][INFO]: [8efdbb22e63138c8342c133790a7028c] COMMAND GetElementText {
   "id": "f.49D49945748C2EC068872BC92F3619EA.d.1FA0012362CDD3C62DB479648FDB025A.e.3139"
}
[1783513379.926][INFO]: Waiting for pending navigations...
[1783513379.927][INFO]: Done waiting for pending navigations. Status: ok
[1783513379.939][INFO]: Waiting for pending navigations...
[1783513379.940][INFO]: Done waiting for pending navigations. Status: ok
[1783513379.940][INFO]: [8efdbb22e63138c8342c133790a7028c] RESPONSE GetElementText "(1,884)"
[1783513379.942][INFO]: [8efdbb22e63138c8342c133790a7028c] COMMAND FindChildElement {
   "id": "f.49D49945748C2EC068872BC92F3619EA.d.1FA0012362CDD3C62DB479648FDB025A.e.3100",
   "using": "xpath",
   "value": ".//div[@class='lWX0_T']//img"
}
[1783513379.942][INFO]: Waiting for pending navigations...
[1783513379.943][INFO]: Done waiting for pending navigations. Status: ok
[1783513379.953][INFO]: Waiting for pending navigations...
[1783513379.954][INFO]: Done waiting for pending navigations. Status: ok
[1783513379.954][INFO]: [8efdbb22e63138c8342c133790a7028c] RESPONSE FindChildElement {
   "element-6066-11e4-a52e-4f735466cecf": "f.49D49945748C2EC068872BC92F3619EA.d.1FA0012362CDD3C62DB479648FDB025A.e.2283"
}
[1783513379.956][INFO]: [8efdbb22e63138c8342c133790a7028c] COMMAND ExecuteScript {
   "args": [ {
      "element-6066-11e4-a52e-4f735466cecf": "f.49D49945748C2EC068872BC92F3619EA.d.1FA0012362CDD3C62DB479648FDB025A.e.2283"
   }, "alt" ],
   "script": "/* getAttribute */return ((function (element, attribute) {\n    const PROPERTY_ALIASES = {\n        'class': 'className',\n        'readonly': 'readOnly',\n    };\n    const BOOLEAN_PROPERTIES = new Set([\n        'allowfullscreen',\n        'allowpaymentrequest',\n        'allowusermedia',\n        'async',\n        'autofocus',\n        'autoplay',\n        'checked',\n        'compact',\n        'complete',\n        'controls',\n        'declare',\n        'default',\n        'defaultchecked',\n        'defaultselected',\n        'defer',\n        'disabled',\n        'ended',\n        'formnovalidate',\n        'hidden',\n        'indeterminate',\n        'iscontenteditable',\n        'ismap',\n        'itemscope',\n        'loop',\n        'multiple',\n        'muted',\n        'nohref',\n        'nomodule',\n        'noresize',\n        'noshade',\n        'novalidate',\n        'nowrap',\n        'open',\n        'paused',\n        'playsinline',\n        'pubdate',\n        'readonly',\n        'required',\n        'reversed',\n        'scoped',\n        'seamless',\n        'seeking',\n        'selected',\n        'truespeed',\n        'typemustmatch',\n        'willvalidate',\n    ]);\n    function getAttribute(element, attributeName) {\n        return element.getAttribute(attributeName.toLowerCase());\n    }\n    function getProperty(element, propertyName) {\n        return element[propertyName];\n    }\n    function isElement(node, tagName) {\n        const elem = node;\n        if (!elem || elem.nodeType !== 1) {\n            return false;\n        }\n        if (!tagName) {\n            return true;\n        }\n        const normalizedTag = tagName.toUpperCase();\n        if (node instanceof HTMLFormElement) {\n            return normalizedTag === 'FORM';\n        }\n        return typeof elem.tagName === 'string' && elem.tagName.toUpperCase() === normalizedTag;\n    }\n    function isSelectable(element) {\n        if (isElement(element, 'OPTION')) {\n            return true;\n        }\n        if (isElement(element, 'INPUT')) {\n            const type = element.type.toLowerCase();\n            return type === 'checkbox' || type === 'radio';\n        }\n        return false;\n    }\n    function isSelected(element) {\n        var _a;\n        if (isElement(element, 'OPTION')) {\n            return element.selected;\n        }\n        const type = (_a = element.type) === null || _a === void 0 ? void 0 : _a.toLowerCase();\n        if (type === 'checkbox' || type === 'radio') {\n            return element.checked;\n        }\n        return false;\n    }\n    function isObject(value) {\n        return value !== null && (typeof value === 'object' || typeof value === 'function');\n    }\n    const name = attribute.toLowerCase();\n    if (name === 'style') {\n        const style = element.style;\n        if (!style) {\n            return null;\n        }\n        return typeof style === 'string' ? style : style.cssText;\n    }\n    if ((name === 'selected' || name === 'checked') && isSelectable(element)) {\n        return isSelected(element) ? 'true' : null;\n    }\n    const isLink = isElement(element, 'A');\n    const isImg = isElement(element, 'IMG');\n    if ((isImg && name === 'src') || (isLink && name === 'href')) {\n        const attrValue = getAttribute(element, name);\n        if (attrValue) {\n            return String(getProperty(element, name));\n        }\n        return attrValue;\n    }\n    if (name === 'spellcheck') {\n        const attrValue = getAttribute(element, name);\n        if (attrValue !== null) {\n            const lower = attrValue.toLowerCase();\n            if (lower === 'false') {\n                return 'false';\n            }\n            if (lower === 'true') {\n                return 'true';\n            }\n        }\n        return String(getProperty(element, name));\n    }\n    const propName = PROPERTY_ALIASES[name] || attribute;\n    if (BOOLEAN_PROPERTIES.has(name)) {\n        const hasAttr = element.getAttribute(name) !== null;\n        const propValue = getProperty(element, propName);\n        return hasAttr || !!propValue ? 'true' : null;\n    }\n    if (name === 'value' && isElement(element, 'LI')) {\n        const attrValue = element.getAttribute(name);\n        return attrValue != null ? attrValue : null;\n    }\n    let property;\n    try {\n        property = getProperty(element, propName);\n    }\n    catch (_e) {\n    }\n    if (property == null || isObject(property)) {\n        const attrValue = element.getAttribute(name);\n        return attrValue != null ? attrValue : null;\n    }\n    return property != null ? String(property) : null;\n})).apply(null, arguments);"
}
[1783513379.956][INFO]: Waiting for pending navigations...
[1783513379.957][INFO]: Done waiting for pending navigations. Status: ok
[1783513379.963][INFO]: Waiting for pending navigations...
[1783513379.963][INFO]: Done waiting for pending navigations. Status: ok
[1783513379.963][INFO]: [8efdbb22e63138c8342c133790a7028c] RESPONSE ExecuteScript "Zivontra Birthday Celebration Coffee Cup| Stylish MEtal Key chain Ceramic Coffee Mug"
[1783513379.965][INFO]: [8efdbb22e63138c8342c133790a7028c] COMMAND FindChildElement {
   "id": "f.49D49945748C2EC068872BC92F3619EA.d.1FA0012362CDD3C62DB479648FDB025A.e.3100",
   "using": "xpath",
   "value": ".//div[@class='lWX0_T']//img"
}
[1783513379.965][INFO]: Waiting for pending navigations...
[1783513379.966][INFO]: Done waiting for pending navigations. Status: ok
[1783513379.975][INFO]: Waiting for pending navigations...
[1783513379.976][INFO]: Done waiting for pending navigations. Status: ok
[1783513379.976][INFO]: [8efdbb22e63138c8342c133790a7028c] RESPONSE FindChildElement {
   "element-6066-11e4-a52e-4f735466cecf": "f.49D49945748C2EC068872BC92F3619EA.d.1FA0012362CDD3C62DB479648FDB025A.e.2283"
}
[1783513379.978][INFO]: [8efdbb22e63138c8342c133790a7028c] COMMAND ExecuteScript {
   "args": [ {
      "element-6066-11e4-a52e-4f735466cecf": "f.49D49945748C2EC068872BC92F3619EA.d.1FA0012362CDD3C62DB479648FDB025A.e.2283"
   }, "src" ],
   "script": "/* getAttribute */return ((function (element, attribute) {\n    const PROPERTY_ALIASES = {\n        'class': 'className',\n        'readonly': 'readOnly',\n    };\n    const BOOLEAN_PROPERTIES = new Set([\n        'allowfullscreen',\n        'allowpaymentrequest',\n        'allowusermedia',\n        'async',\n        'autofocus',\n        'autoplay',\n        'checked',\n        'compact',\n        'complete',\n        'controls',\n        'declare',\n        'default',\n        'defaultchecked',\n        'defaultselected',\n        'defer',\n        'disabled',\n        'ended',\n        'formnovalidate',\n        'hidden',\n        'indeterminate',\n        'iscontenteditable',\n        'ismap',\n        'itemscope',\n        'loop',\n        'multiple',\n        'muted',\n        'nohref',\n        'nomodule',\n        'noresize',\n        'noshade',\n        'novalidate',\n        'nowrap',\n        'open',\n        'paused',\n        'playsinline',\n        'pubdate',\n        'readonly',\n        'required',\n        'reversed',\n        'scoped',\n        'seamless',\n        'seeking',\n        'selected',\n        'truespeed',\n        'typemustmatch',\n        'willvalidate',\n    ]);\n    function getAttribute(element, attributeName) {\n        return element.getAttribute(attributeName.toLowerCase());\n    }\n    function getProperty(element, propertyName) {\n        return element[propertyName];\n    }\n    function isElement(node, tagName) {\n        const elem = node;\n        if (!elem || elem.nodeType !== 1) {\n            return false;\n        }\n        if (!tagName) {\n            return true;\n        }\n        const normalizedTag = tagName.toUpperCase();\n        if (node instanceof HTMLFormElement) {\n            return normalizedTag === 'FORM';\n        }\n        return typeof elem.tagName === 'string' && elem.tagName.toUpperCase() === normalizedTag;\n    }\n    function isSelectable(element) {\n        if (isElement(element, 'OPTION')) {\n            return true;\n        }\n        if (isElement(element, 'INPUT')) {\n            const type = element.type.toLowerCase();\n            return type === 'checkbox' || type === 'radio';\n        }\n        return false;\n    }\n    function isSelected(element) {\n        var _a;\n        if (isElement(element, 'OPTION')) {\n            return element.selected;\n        }\n        const type = (_a = element.type) === null || _a === void 0 ? void 0 : _a.toLowerCase();\n        if (type === 'checkbox' || type === 'radio') {\n            return element.checked;\n        }\n        return false;\n    }\n    function isObject(value) {\n        return value !== null && (typeof value === 'object' || typeof value === 'function');\n    }\n    const name = attribute.toLowerCase();\n    if (name === 'style') {\n        const style = element.style;\n        if (!style) {\n            return null;\n        }\n        return typeof style === 'string' ? style : style.cssText;\n    }\n    if ((name === 'selected' || name === 'checked') && isSelectable(element)) {\n        return isSelected(element) ? 'true' : null;\n    }\n    const isLink = isElement(element, 'A');\n    const isImg = isElement(element, 'IMG');\n    if ((isImg && name === 'src') || (isLink && name === 'href')) {\n        const attrValue = getAttribute(element, name);\n        if (attrValue) {\n            return String(getProperty(element, name));\n        }\n        return attrValue;\n    }\n    if (name === 'spellcheck') {\n        const attrValue = getAttribute(element, name);\n        if (attrValue !== null) {\n            const lower = attrValue.toLowerCase();\n            if (lower === 'false') {\n                return 'false';\n            }\n            if (lower === 'true') {\n                return 'true';\n            }\n        }\n        return String(getProperty(element, name));\n    }\n    const propName = PROPERTY_ALIASES[name] || attribute;\n    if (BOOLEAN_PROPERTIES.has(name)) {\n        const hasAttr = element.getAttribute(name) !== null;\n        const propValue = getProperty(element, propName);\n        return hasAttr || !!propValue ? 'true' : null;\n    }\n    if (name === 'value' && isElement(element, 'LI')) {\n        const attrValue = element.getAttribute(name);\n        return attrValue != null ? attrValue : null;\n    }\n    let property;\n    try {\n        property = getProperty(element, propName);\n    }\n    catch (_e) {\n    }\n    if (property == null || isObject(property)) {\n        const attrValue = element.getAttribute(name);\n        return attrValue != null ? attrValue : null;\n    }\n    return property != null ? String(property) : null;\n})).apply(null, arguments);"
}
[1783513379.978][INFO]: Waiting for pending navigations...
[1783513379.979][INFO]: Done waiting for pending navigations. Status: ok
[1783513379.985][INFO]: Waiting for pending navigations...
[1783513379.986][INFO]: Done waiting for pending navigations. Status: ok
[1783513379.986][INFO]: [8efdbb22e63138c8342c133790a7028c] RESPONSE ExecuteScript "https://rukminim2.flixcart.com/image/612/612/xif0q/mug/v/9/v/birthday-celebration-coffee-cup-stylish-metal-key-chain-330-2-enriched-0-original-imahjnyyfeetzzjn.jpeg?q=70"
[1783513379.987][INFO]: [8efdbb22e63138c8342c133790a7028c] COMMAND FindChildElement {
   "id": "f.49D49945748C2EC068872BC92F3619EA.d.1FA0012362CDD3C62DB479648FDB025A.e.3100",
   "using": "xpath",
   "value": ".//span[@class='PvbNMB']"
}
[1783513379.987][INFO]: Waiting for pending navigations...
[1783513379.989][INFO]: Done waiting for pending navigations. Status: ok
[1783513379.998][INFO]: Waiting for pending navigations...
[1783513379.999][INFO]: Done waiting for pending navigations. Status: ok
[1783513379.999][INFO]: [8efdbb22e63138c8342c133790a7028c] RESPONSE FindChildElement {
   "element-6066-11e4-a52e-4f735466cecf": "f.49D49945748C2EC068872BC92F3619EA.d.1FA0012362CDD3C62DB479648FDB025A.e.3140"
}
[1783513380.001][INFO]: [8efdbb22e63138c8342c133790a7028c] COMMAND GetElementText {
   "id": "f.49D49945748C2EC068872BC92F3619EA.d.1FA0012362CDD3C62DB479648FDB025A.e.3140"
}
[1783513380.001][INFO]: Waiting for pending navigations...
[1783513380.002][INFO]: Done waiting for pending navigations. Status: ok
[1783513380.012][INFO]: Waiting for pending navigations...
[1783513380.013][INFO]: Done waiting for pending navigations. Status: ok
[1783513380.013][INFO]: [8efdbb22e63138c8342c133790a7028c] RESPONSE GetElementText "(78)"
[1783513380.015][INFO]: [8efdbb22e63138c8342c133790a7028c] COMMAND FindChildElement {
   "id": "f.49D49945748C2EC068872BC92F3619EA.d.1FA0012362CDD3C62DB479648FDB025A.e.3101",
   "using": "xpath",
   "value": ".//div[@class='lWX0_T']//img"
}
[1783513380.015][INFO]: Waiting for pending navigations...
[1783513380.016][INFO]: Done waiting for pending navigations. Status: ok
[1783513380.027][INFO]: Waiting for pending navigations...
[1783513380.028][INFO]: Done waiting for pending navigations. Status: ok
[1783513380.028][INFO]: [8efdbb22e63138c8342c133790a7028c] RESPONSE FindChildElement {
   "element-6066-11e4-a52e-4f735466cecf": "f.49D49945748C2EC068872BC92F3619EA.d.1FA0012362CDD3C62DB479648FDB025A.e.2182"
}
[1783513380.030][INFO]: [8efdbb22e63138c8342c133790a7028c] COMMAND ExecuteScript {
   "args": [ {
      "element-6066-11e4-a52e-4f735466cecf": "f.49D49945748C2EC068872BC92F3619EA.d.1FA0012362CDD3C62DB479648FDB025A.e.2182"
   }, "alt" ],
   "script": "/* getAttribute */return ((function (element, attribute) {\n    const PROPERTY_ALIASES = {\n        'class': 'className',\n        'readonly': 'readOnly',\n    };\n    const BOOLEAN_PROPERTIES = new Set([\n        'allowfullscreen',\n        'allowpaymentrequest',\n        'allowusermedia',\n        'async',\n        'autofocus',\n        'autoplay',\n        'checked',\n        'compact',\n        'complete',\n        'controls',\n        'declare',\n        'default',\n        'defaultchecked',\n        'defaultselected',\n        'defer',\n        'disabled',\n        'ended',\n        'formnovalidate',\n        'hidden',\n        'indeterminate',\n        'iscontenteditable',\n        'ismap',\n        'itemscope',\n        'loop',\n        'multiple',\n        'muted',\n        'nohref',\n        'nomodule',\n        'noresize',\n        'noshade',\n        'novalidate',\n        'nowrap',\n        'open',\n        'paused',\n        'playsinline',\n        'pubdate',\n        'readonly',\n        'required',\n        'reversed',\n        'scoped',\n        'seamless',\n        'seeking',\n        'selected',\n        'truespeed',\n        'typemustmatch',\n        'willvalidate',\n    ]);\n    function getAttribute(element, attributeName) {\n        return element.getAttribute(attributeName.toLowerCase());\n    }\n    function getProperty(element, propertyName) {\n        return element[propertyName];\n    }\n    function isElement(node, tagName) {\n        const elem = node;\n        if (!elem || elem.nodeType !== 1) {\n            return false;\n        }\n        if (!tagName) {\n            return true;\n        }\n        const normalizedTag = tagName.toUpperCase();\n        if (node instanceof HTMLFormElement) {\n            return normalizedTag === 'FORM';\n        }\n        return typeof elem.tagName === 'string' && elem.tagName.toUpperCase() === normalizedTag;\n    }\n    function isSelectable(element) {\n        if (isElement(element, 'OPTION')) {\n            return true;\n        }\n        if (isElement(element, 'INPUT')) {\n            const type = element.type.toLowerCase();\n            return type === 'checkbox' || type === 'radio';\n        }\n        return false;\n    }\n    function isSelected(element) {\n        var _a;\n        if (isElement(element, 'OPTION')) {\n            return element.selected;\n        }\n        const type = (_a = element.type) === null || _a === void 0 ? void 0 : _a.toLowerCase();\n        if (type === 'checkbox' || type === 'radio') {\n            return element.checked;\n        }\n        return false;\n    }\n    function isObject(value) {\n        return value !== null && (typeof value === 'object' || typeof value === 'function');\n    }\n    const name = attribute.toLowerCase();\n    if (name === 'style') {\n        const style = element.style;\n        if (!style) {\n            return null;\n        }\n        return typeof style === 'string' ? style : style.cssText;\n    }\n    if ((name === 'selected' || name === 'checked') && isSelectable(element)) {\n        return isSelected(element) ? 'true' : null;\n    }\n    const isLink = isElement(element, 'A');\n    const isImg = isElement(element, 'IMG');\n    if ((isImg && name === 'src') || (isLink && name === 'href')) {\n        const attrValue = getAttribute(element, name);\n        if (attrValue) {\n            return String(getProperty(element, name));\n        }\n        return attrValue;\n    }\n    if (name === 'spellcheck') {\n        const attrValue = getAttribute(element, name);\n        if (attrValue !== null) {\n            const lower = attrValue.toLowerCase();\n            if (lower === 'false') {\n                return 'false';\n            }\n            if (lower === 'true') {\n                return 'true';\n            }\n        }\n        return String(getProperty(element, name));\n    }\n    const propName = PROPERTY_ALIASES[name] || attribute;\n    if (BOOLEAN_PROPERTIES.has(name)) {\n        const hasAttr = element.getAttribute(name) !== null;\n        const propValue = getProperty(element, propName);\n        return hasAttr || !!propValue ? 'true' : null;\n    }\n    if (name === 'value' && isElement(element, 'LI')) {\n        const attrValue = element.getAttribute(name);\n        return attrValue != null ? attrValue : null;\n    }\n    let property;\n    try {\n        property = getProperty(element, propName);\n    }\n    catch (_e) {\n    }\n    if (property == null || isObject(property)) {\n        const attrValue = element.getAttribute(name);\n        return attrValue != null ? attrValue : null;\n    }\n    return property != null ? String(property) : null;\n})).apply(null, arguments);"
}
[1783513380.031][INFO]: Waiting for pending navigations...
[1783513380.032][INFO]: Done waiting for pending navigations. Status: ok
[1783513380.036][INFO]: Waiting for pending navigations...
[1783513380.037][INFO]: Done waiting for pending navigations. Status: ok
[1783513380.037][INFO]: [8efdbb22e63138c8342c133790a7028c] RESPONSE ExecuteScript "WINGS MART Creative Work Hard Dream Big Never Give UP Ceramic Coffee - Multicolours or Tea/Milk Cup Best Gift for Girls Men Husband Wife (350ml or 11Oz; White) Ceramic Coffee Mug"
[1783513380.038][INFO]: [8efdbb22e63138c8342c133790a7028c] COMMAND FindChildElement {
   "id": "f.49D49945748C2EC068872BC92F3619EA.d.1FA0012362CDD3C62DB479648FDB025A.e.3101",
   "using": "xpath",
   "value": ".//div[@class='lWX0_T']//img"
}
[1783513380.038][INFO]: Waiting for pending navigations...
[1783513380.040][INFO]: Done waiting for pending navigations. Status: ok
[1783513380.048][INFO]: Waiting for pending navigations...
[1783513380.049][INFO]: Done waiting for pending navigations. Status: ok
[1783513380.049][INFO]: [8efdbb22e63138c8342c133790a7028c] RESPONSE FindChildElement {
   "element-6066-11e4-a52e-4f735466cecf": "f.49D49945748C2EC068872BC92F3619EA.d.1FA0012362CDD3C62DB479648FDB025A.e.2182"
}
[1783513380.051][INFO]: [8efdbb22e63138c8342c133790a7028c] COMMAND ExecuteScript {
   "args": [ {
      "element-6066-11e4-a52e-4f735466cecf": "f.49D49945748C2EC068872BC92F3619EA.d.1FA0012362CDD3C62DB479648FDB025A.e.2182"
   }, "src" ],
   "script": "/* getAttribute */return ((function (element, attribute) {\n    const PROPERTY_ALIASES = {\n        'class': 'className',\n        'readonly': 'readOnly',\n    };\n    const BOOLEAN_PROPERTIES = new Set([\n        'allowfullscreen',\n        'allowpaymentrequest',\n        'allowusermedia',\n        'async',\n        'autofocus',\n        'autoplay',\n        'checked',\n        'compact',\n        'complete',\n        'controls',\n        'declare',\n        'default',\n        'defaultchecked',\n        'defaultselected',\n        'defer',\n        'disabled',\n        'ended',\n        'formnovalidate',\n        'hidden',\n        'indeterminate',\n        'iscontenteditable',\n        'ismap',\n        'itemscope',\n        'loop',\n        'multiple',\n        'muted',\n        'nohref',\n        'nomodule',\n        'noresize',\n        'noshade',\n        'novalidate',\n        'nowrap',\n        'open',\n        'paused',\n        'playsinline',\n        'pubdate',\n        'readonly',\n        'required',\n        'reversed',\n        'scoped',\n        'seamless',\n        'seeking',\n        'selected',\n        'truespeed',\n        'typemustmatch',\n        'willvalidate',\n    ]);\n    function getAttribute(element, attributeName) {\n        return element.getAttribute(attributeName.toLowerCase());\n    }\n    function getProperty(element, propertyName) {\n        return element[propertyName];\n    }\n    function isElement(node, tagName) {\n        const elem = node;\n        if (!elem || elem.nodeType !== 1) {\n            return false;\n        }\n        if (!tagName) {\n            return true;\n        }\n        const normalizedTag = tagName.toUpperCase();\n        if (node instanceof HTMLFormElement) {\n            return normalizedTag === 'FORM';\n        }\n        return typeof elem.tagName === 'string' && elem.tagName.toUpperCase() === normalizedTag;\n    }\n    function isSelectable(element) {\n        if (isElement(element, 'OPTION')) {\n            return true;\n        }\n        if (isElement(element, 'INPUT')) {\n            const type = element.type.toLowerCase();\n            return type === 'checkbox' || type === 'radio';\n        }\n        return false;\n    }\n    function isSelected(element) {\n        var _a;\n        if (isElement(element, 'OPTION')) {\n            return element.selected;\n        }\n        const type = (_a = element.type) === null || _a === void 0 ? void 0 : _a.toLowerCase();\n        if (type === 'checkbox' || type === 'radio') {\n            return element.checked;\n        }\n        return false;\n    }\n    function isObject(value) {\n        return value !== null && (typeof value === 'object' || typeof value === 'function');\n    }\n    const name = attribute.toLowerCase();\n    if (name === 'style') {\n        const style = element.style;\n        if (!style) {\n            return null;\n        }\n        return typeof style === 'string' ? style : style.cssText;\n    }\n    if ((name === 'selected' || name === 'checked') && isSelectable(element)) {\n        return isSelected(element) ? 'true' : null;\n    }\n    const isLink = isElement(element, 'A');\n    const isImg = isElement(element, 'IMG');\n    if ((isImg && name === 'src') || (isLink && name === 'href')) {\n        const attrValue = getAttribute(element, name);\n        if (attrValue) {\n            return String(getProperty(element, name));\n        }\n        return attrValue;\n    }\n    if (name === 'spellcheck') {\n        const attrValue = getAttribute(element, name);\n        if (attrValue !== null) {\n            const lower = attrValue.toLowerCase();\n            if (lower === 'false') {\n                return 'false';\n            }\n            if (lower === 'true') {\n                return 'true';\n            }\n        }\n        return String(getProperty(element, name));\n    }\n    const propName = PROPERTY_ALIASES[name] || attribute;\n    if (BOOLEAN_PROPERTIES.has(name)) {\n        const hasAttr = element.getAttribute(name) !== null;\n        const propValue = getProperty(element, propName);\n        return hasAttr || !!propValue ? 'true' : null;\n    }\n    if (name === 'value' && isElement(element, 'LI')) {\n        const attrValue = element.getAttribute(name);\n        return attrValue != null ? attrValue : null;\n    }\n    let property;\n    try {\n        property = getProperty(element, propName);\n    }\n    catch (_e) {\n    }\n    if (property == null || isObject(property)) {\n        const attrValue = element.getAttribute(name);\n        return attrValue != null ? attrValue : null;\n    }\n    return property != null ? String(property) : null;\n})).apply(null, arguments);"
}
[1783513380.051][INFO]: Waiting for pending navigations...
[1783513380.052][INFO]: Done waiting for pending navigations. Status: ok
[1783513380.057][INFO]: Waiting for pending navigations...
[1783513380.058][INFO]: Done waiting for pending navigations. Status: ok
[1783513380.058][INFO]: [8efdbb22e63138c8342c133790a7028c] RESPONSE ExecuteScript "https://rukminim2.flixcart.com/image/612/612/xif0q/mug/w/a/y/creative-work-hard-dream-big-never-give-up-ceramic-coffee-mug-enriched-0-original-imagyb7xjsz5bdz5.jpeg?q=70"
[1783513380.060][INFO]: [8efdbb22e63138c8342c133790a7028c] COMMAND FindChildElement {
   "id": "f.49D49945748C2EC068872BC92F3619EA.d.1FA0012362CDD3C62DB479648FDB025A.e.3101",
   "using": "xpath",
   "value": ".//span[@class='PvbNMB']"
}
[1783513380.060][INFO]: Waiting for pending navigations...
[1783513380.061][INFO]: Done waiting for pending navigations. Status: ok
[1783513380.069][INFO]: Waiting for pending navigations...
[1783513380.070][INFO]: Done waiting for pending navigations. Status: ok
[1783513380.070][INFO]: [8efdbb22e63138c8342c133790a7028c] RESPONSE FindChildElement {
   "element-6066-11e4-a52e-4f735466cecf": "f.49D49945748C2EC068872BC92F3619EA.d.1FA0012362CDD3C62DB479648FDB025A.e.3141"
}
[1783513380.071][INFO]: [8efdbb22e63138c8342c133790a7028c] COMMAND GetElementText {
   "id": "f.49D49945748C2EC068872BC92F3619EA.d.1FA0012362CDD3C62DB479648FDB025A.e.3141"
}
[1783513380.071][INFO]: Waiting for pending navigations...
[1783513380.072][INFO]: Done waiting for pending navigations. Status: ok
[1783513380.082][INFO]: Waiting for pending navigations...
[1783513380.083][INFO]: Done waiting for pending navigations. Status: ok
[1783513380.083][INFO]: [8efdbb22e63138c8342c133790a7028c] RESPONSE GetElementText "(801)"
[1783513380.085][INFO]: [8efdbb22e63138c8342c133790a7028c] COMMAND FindChildElement {
   "id": "f.49D49945748C2EC068872BC92F3619EA.d.1FA0012362CDD3C62DB479648FDB025A.e.3102",
   "using": "xpath",
   "value": ".//div[@class='lWX0_T']//img"
}
[1783513380.085][INFO]: Waiting for pending navigations...
[1783513380.086][INFO]: Done waiting for pending navigations. Status: ok
[1783513380.096][INFO]: Waiting for pending navigations...
[1783513380.097][INFO]: Done waiting for pending navigations. Status: ok
[1783513380.097][INFO]: [8efdbb22e63138c8342c133790a7028c] RESPONSE FindChildElement {
   "element-6066-11e4-a52e-4f735466cecf": "f.49D49945748C2EC068872BC92F3619EA.d.1FA0012362CDD3C62DB479648FDB025A.e.2184"
}
[1783513380.099][INFO]: [8efdbb22e63138c8342c133790a7028c] COMMAND ExecuteScript {
   "args": [ {
      "element-6066-11e4-a52e-4f735466cecf": "f.49D49945748C2EC068872BC92F3619EA.d.1FA0012362CDD3C62DB479648FDB025A.e.2184"
   }, "alt" ],
   "script": "/* getAttribute */return ((function (element, attribute) {\n    const PROPERTY_ALIASES = {\n        'class': 'className',\n        'readonly': 'readOnly',\n    };\n    const BOOLEAN_PROPERTIES = new Set([\n        'allowfullscreen',\n        'allowpaymentrequest',\n        'allowusermedia',\n        'async',\n        'autofocus',\n        'autoplay',\n        'checked',\n        'compact',\n        'complete',\n        'controls',\n        'declare',\n        'default',\n        'defaultchecked',\n        'defaultselected',\n        'defer',\n        'disabled',\n        'ended',\n        'formnovalidate',\n        'hidden',\n        'indeterminate',\n        'iscontenteditable',\n        'ismap',\n        'itemscope',\n        'loop',\n        'multiple',\n        'muted',\n        'nohref',\n        'nomodule',\n        'noresize',\n        'noshade',\n        'novalidate',\n        'nowrap',\n        'open',\n        'paused',\n        'playsinline',\n        'pubdate',\n        'readonly',\n        'required',\n        'reversed',\n        'scoped',\n        'seamless',\n        'seeking',\n        'selected',\n        'truespeed',\n        'typemustmatch',\n        'willvalidate',\n    ]);\n    function getAttribute(element, attributeName) {\n        return element.getAttribute(attributeName.toLowerCase());\n    }\n    function getProperty(element, propertyName) {\n        return element[propertyName];\n    }\n    function isElement(node, tagName) {\n        const elem = node;\n        if (!elem || elem.nodeType !== 1) {\n            return false;\n        }\n        if (!tagName) {\n            return true;\n        }\n        const normalizedTag = tagName.toUpperCase();\n        if (node instanceof HTMLFormElement) {\n            return normalizedTag === 'FORM';\n        }\n        return typeof elem.tagName === 'string' && elem.tagName.toUpperCase() === normalizedTag;\n    }\n    function isSelectable(element) {\n        if (isElement(element, 'OPTION')) {\n            return true;\n        }\n        if (isElement(element, 'INPUT')) {\n            const type = element.type.toLowerCase();\n            return type === 'checkbox' || type === 'radio';\n        }\n        return false;\n    }\n    function isSelected(element) {\n        var _a;\n        if (isElement(element, 'OPTION')) {\n            return element.selected;\n        }\n        const type = (_a = element.type) === null || _a === void 0 ? void 0 : _a.toLowerCase();\n        if (type === 'checkbox' || type === 'radio') {\n            return element.checked;\n        }\n        return false;\n    }\n    function isObject(value) {\n        return value !== null && (typeof value === 'object' || typeof value === 'function');\n    }\n    const name = attribute.toLowerCase();\n    if (name === 'style') {\n        const style = element.style;\n        if (!style) {\n            return null;\n        }\n        return typeof style === 'string' ? style : style.cssText;\n    }\n    if ((name === 'selected' || name === 'checked') && isSelectable(element)) {\n        return isSelected(element) ? 'true' : null;\n    }\n    const isLink = isElement(element, 'A');\n    const isImg = isElement(element, 'IMG');\n    if ((isImg && name === 'src') || (isLink && name === 'href')) {\n        const attrValue = getAttribute(element, name);\n        if (attrValue) {\n            return String(getProperty(element, name));\n        }\n        return attrValue;\n    }\n    if (name === 'spellcheck') {\n        const attrValue = getAttribute(element, name);\n        if (attrValue !== null) {\n            const lower = attrValue.toLowerCase();\n            if (lower === 'false') {\n                return 'false';\n            }\n            if (lower === 'true') {\n                return 'true';\n            }\n        }\n        return String(getProperty(element, name));\n    }\n    const propName = PROPERTY_ALIASES[name] || attribute;\n    if (BOOLEAN_PROPERTIES.has(name)) {\n        const hasAttr = element.getAttribute(name) !== null;\n        const propValue = getProperty(element, propName);\n        return hasAttr || !!propValue ? 'true' : null;\n    }\n    if (name === 'value' && isElement(element, 'LI')) {\n        const attrValue = element.getAttribute(name);\n        return attrValue != null ? attrValue : null;\n    }\n    let property;\n    try {\n        property = getProperty(element, propName);\n    }\n    catch (_e) {\n    }\n    if (property == null || isObject(property)) {\n        const attrValue = element.getAttribute(name);\n        return attrValue != null ? attrValue : null;\n    }\n    return property != null ? String(property) : null;\n})).apply(null, arguments);"
}
[1783513380.099][INFO]: Waiting for pending navigations...
[1783513380.100][INFO]: Done waiting for pending navigations. Status: ok
[1783513380.105][INFO]: Waiting for pending navigations...
[1783513380.106][INFO]: Done waiting for pending navigations. Status: ok
[1783513380.106][INFO]: [8efdbb22e63138c8342c133790a7028c] RESPONSE ExecuteScript "YUMWARE Snoopy_Brown Plastic, Stainless Steel Coffee Mug"
[1783513380.107][INFO]: [8efdbb22e63138c8342c133790a7028c] COMMAND FindChildElement {
   "id": "f.49D49945748C2EC068872BC92F3619EA.d.1FA0012362CDD3C62DB479648FDB025A.e.3102",
   "using": "xpath",
   "value": ".//div[@class='lWX0_T']//img"
}
[1783513380.107][INFO]: Waiting for pending navigations...
[1783513380.108][INFO]: Done waiting for pending navigations. Status: ok
[1783513380.117][INFO]: Waiting for pending navigations...
[1783513380.118][INFO]: Done waiting for pending navigations. Status: ok
[1783513380.118][INFO]: [8efdbb22e63138c8342c133790a7028c] RESPONSE FindChildElement {
   "element-6066-11e4-a52e-4f735466cecf": "f.49D49945748C2EC068872BC92F3619EA.d.1FA0012362CDD3C62DB479648FDB025A.e.2184"
}
[1783513380.120][INFO]: [8efdbb22e63138c8342c133790a7028c] COMMAND ExecuteScript {
   "args": [ {
      "element-6066-11e4-a52e-4f735466cecf": "f.49D49945748C2EC068872BC92F3619EA.d.1FA0012362CDD3C62DB479648FDB025A.e.2184"
   }, "src" ],
   "script": "/* getAttribute */return ((function (element, attribute) {\n    const PROPERTY_ALIASES = {\n        'class': 'className',\n        'readonly': 'readOnly',\n    };\n    const BOOLEAN_PROPERTIES = new Set([\n        'allowfullscreen',\n        'allowpaymentrequest',\n        'allowusermedia',\n        'async',\n        'autofocus',\n        'autoplay',\n        'checked',\n        'compact',\n        'complete',\n        'controls',\n        'declare',\n        'default',\n        'defaultchecked',\n        'defaultselected',\n        'defer',\n        'disabled',\n        'ended',\n        'formnovalidate',\n        'hidden',\n        'indeterminate',\n        'iscontenteditable',\n        'ismap',\n        'itemscope',\n        'loop',\n        'multiple',\n        'muted',\n        'nohref',\n        'nomodule',\n        'noresize',\n        'noshade',\n        'novalidate',\n        'nowrap',\n        'open',\n        'paused',\n        'playsinline',\n        'pubdate',\n        'readonly',\n        'required',\n        'reversed',\n        'scoped',\n        'seamless',\n        'seeking',\n        'selected',\n        'truespeed',\n        'typemustmatch',\n        'willvalidate',\n    ]);\n    function getAttribute(element, attributeName) {\n        return element.getAttribute(attributeName.toLowerCase());\n    }\n    function getProperty(element, propertyName) {\n        return element[propertyName];\n    }\n    function isElement(node, tagName) {\n        const elem = node;\n        if (!elem || elem.nodeType !== 1) {\n            return false;\n        }\n        if (!tagName) {\n            return true;\n        }\n        const normalizedTag = tagName.toUpperCase();\n        if (node instanceof HTMLFormElement) {\n            return normalizedTag === 'FORM';\n        }\n        return typeof elem.tagName === 'string' && elem.tagName.toUpperCase() === normalizedTag;\n    }\n    function isSelectable(element) {\n        if (isElement(element, 'OPTION')) {\n            return true;\n        }\n        if (isElement(element, 'INPUT')) {\n            const type = element.type.toLowerCase();\n            return type === 'checkbox' || type === 'radio';\n        }\n        return false;\n    }\n    function isSelected(element) {\n        var _a;\n        if (isElement(element, 'OPTION')) {\n            return element.selected;\n        }\n        const type = (_a = element.type) === null || _a === void 0 ? void 0 : _a.toLowerCase();\n        if (type === 'checkbox' || type === 'radio') {\n            return element.checked;\n        }\n        return false;\n    }\n    function isObject(value) {\n        return value !== null && (typeof value === 'object' || typeof value === 'function');\n    }\n    const name = attribute.toLowerCase();\n    if (name === 'style') {\n        const style = element.style;\n        if (!style) {\n            return null;\n        }\n        return typeof style === 'string' ? style : style.cssText;\n    }\n    if ((name === 'selected' || name === 'checked') && isSelectable(element)) {\n        return isSelected(element) ? 'true' : null;\n    }\n    const isLink = isElement(element, 'A');\n    const isImg = isElement(element, 'IMG');\n    if ((isImg && name === 'src') || (isLink && name === 'href')) {\n        const attrValue = getAttribute(element, name);\n        if (attrValue) {\n            return String(getProperty(element, name));\n        }\n        return attrValue;\n    }\n    if (name === 'spellcheck') {\n        const attrValue = getAttribute(element, name);\n        if (attrValue !== null) {\n            const lower = attrValue.toLowerCase();\n            if (lower === 'false') {\n                return 'false';\n            }\n            if (lower === 'true') {\n                return 'true';\n            }\n        }\n        return String(getProperty(element, name));\n    }\n    const propName = PROPERTY_ALIASES[name] || attribute;\n    if (BOOLEAN_PROPERTIES.has(name)) {\n        const hasAttr = element.getAttribute(name) !== null;\n        const propValue = getProperty(element, propName);\n        return hasAttr || !!propValue ? 'true' : null;\n    }\n    if (name === 'value' && isElement(element, 'LI')) {\n        const attrValue = element.getAttribute(name);\n        return attrValue != null ? attrValue : null;\n    }\n    let property;\n    try {\n        property = getProperty(element, propName);\n    }\n    catch (_e) {\n    }\n    if (property == null || isObject(property)) {\n        const attrValue = element.getAttribute(name);\n        return attrValue != null ? attrValue : null;\n    }\n    return property != null ? String(property) : null;\n})).apply(null, arguments);"
}
[1783513380.120][INFO]: Waiting for pending navigations...
[1783513380.121][INFO]: Done waiting for pending navigations. Status: ok
[1783513380.126][INFO]: Waiting for pending navigations...
[1783513380.127][INFO]: Done waiting for pending navigations. Status: ok
[1783513380.127][INFO]: [8efdbb22e63138c8342c133790a7028c] RESPONSE ExecuteScript "https://rukminim2.flixcart.com/image/612/612/xif0q/mug/h/7/1/snoopy-coffee-mug-with-sipper-lid-blue-300-2-culinary-crafts-enriched-0-original-imahky4g4x2pg89y.jpeg?q=70"
[1783513380.128][INFO]: [8efdbb22e63138c8342c133790a7028c] COMMAND FindChildElement {
   "id": "f.49D49945748C2EC068872BC92F3619EA.d.1FA0012362CDD3C62DB479648FDB025A.e.3102",
   "using": "xpath",
   "value": ".//span[@class='PvbNMB']"
}
[1783513380.128][INFO]: Waiting for pending navigations...
[1783513380.130][INFO]: Done waiting for pending navigations. Status: ok
[1783513380.138][INFO]: Waiting for pending navigations...
[1783513380.139][INFO]: Done waiting for pending navigations. Status: ok
[1783513380.139][INFO]: [8efdbb22e63138c8342c133790a7028c] RESPONSE FindChildElement {
   "element-6066-11e4-a52e-4f735466cecf": "f.49D49945748C2EC068872BC92F3619EA.d.1FA0012362CDD3C62DB479648FDB025A.e.3142"
}
[1783513380.140][INFO]: [8efdbb22e63138c8342c133790a7028c] COMMAND GetElementText {
   "id": "f.49D49945748C2EC068872BC92F3619EA.d.1FA0012362CDD3C62DB479648FDB025A.e.3142"
}
[1783513380.140][INFO]: Waiting for pending navigations...
[1783513380.141][INFO]: Done waiting for pending navigations. Status: ok
[1783513380.152][INFO]: Waiting for pending navigations...
[1783513380.153][INFO]: Done waiting for pending navigations. Status: ok
[1783513380.153][INFO]: [8efdbb22e63138c8342c133790a7028c] RESPONSE GetElementText "(1,226)"
[1783513380.155][INFO]: [8efdbb22e63138c8342c133790a7028c] COMMAND FindChildElement {
   "id": "f.49D49945748C2EC068872BC92F3619EA.d.1FA0012362CDD3C62DB479648FDB025A.e.3103",
   "using": "xpath",
   "value": ".//div[@class='lWX0_T']//img"
}
[1783513380.155][INFO]: Waiting for pending navigations...
[1783513380.156][INFO]: Done waiting for pending navigations. Status: ok
[1783513380.166][INFO]: Waiting for pending navigations...
[1783513380.167][INFO]: Done waiting for pending navigations. Status: ok
[1783513380.167][INFO]: [8efdbb22e63138c8342c133790a7028c] RESPONSE FindChildElement {
   "element-6066-11e4-a52e-4f735466cecf": "f.49D49945748C2EC068872BC92F3619EA.d.1FA0012362CDD3C62DB479648FDB025A.e.2186"
}
[1783513380.169][INFO]: [8efdbb22e63138c8342c133790a7028c] COMMAND ExecuteScript {
   "args": [ {
      "element-6066-11e4-a52e-4f735466cecf": "f.49D49945748C2EC068872BC92F3619EA.d.1FA0012362CDD3C62DB479648FDB025A.e.2186"
   }, "alt" ],
   "script": "/* getAttribute */return ((function (element, attribute) {\n    const PROPERTY_ALIASES = {\n        'class': 'className',\n        'readonly': 'readOnly',\n    };\n    const BOOLEAN_PROPERTIES = new Set([\n        'allowfullscreen',\n        'allowpaymentrequest',\n        'allowusermedia',\n        'async',\n        'autofocus',\n        'autoplay',\n        'checked',\n        'compact',\n        'complete',\n        'controls',\n        'declare',\n        'default',\n        'defaultchecked',\n        'defaultselected',\n        'defer',\n        'disabled',\n        'ended',\n        'formnovalidate',\n        'hidden',\n        'indeterminate',\n        'iscontenteditable',\n        'ismap',\n        'itemscope',\n        'loop',\n        'multiple',\n        'muted',\n        'nohref',\n        'nomodule',\n        'noresize',\n        'noshade',\n        'novalidate',\n        'nowrap',\n        'open',\n        'paused',\n        'playsinline',\n        'pubdate',\n        'readonly',\n        'required',\n        'reversed',\n        'scoped',\n        'seamless',\n        'seeking',\n        'selected',\n        'truespeed',\n        'typemustmatch',\n        'willvalidate',\n    ]);\n    function getAttribute(element, attributeName) {\n        return element.getAttribute(attributeName.toLowerCase());\n    }\n    function getProperty(element, propertyName) {\n        return element[propertyName];\n    }\n    function isElement(node, tagName) {\n        const elem = node;\n        if (!elem || elem.nodeType !== 1) {\n            return false;\n        }\n        if (!tagName) {\n            return true;\n        }\n        const normalizedTag = tagName.toUpperCase();\n        if (node instanceof HTMLFormElement) {\n            return normalizedTag === 'FORM';\n        }\n        return typeof elem.tagName === 'string' && elem.tagName.toUpperCase() === normalizedTag;\n    }\n    function isSelectable(element) {\n        if (isElement(element, 'OPTION')) {\n            return true;\n        }\n        if (isElement(element, 'INPUT')) {\n            const type = element.type.toLowerCase();\n            return type === 'checkbox' || type === 'radio';\n        }\n        return false;\n    }\n    function isSelected(element) {\n        var _a;\n        if (isElement(element, 'OPTION')) {\n            return element.selected;\n        }\n        const type = (_a = element.type) === null || _a === void 0 ? void 0 : _a.toLowerCase();\n        if (type === 'checkbox' || type === 'radio') {\n            return element.checked;\n        }\n        return false;\n    }\n    function isObject(value) {\n        return value !== null && (typeof value === 'object' || typeof value === 'function');\n    }\n    const name = attribute.toLowerCase();\n    if (name === 'style') {\n        const style = element.style;\n        if (!style) {\n            return null;\n        }\n        return typeof style === 'string' ? style : style.cssText;\n    }\n    if ((name === 'selected' || name === 'checked') && isSelectable(element)) {\n        return isSelected(element) ? 'true' : null;\n    }\n    const isLink = isElement(element, 'A');\n    const isImg = isElement(element, 'IMG');\n    if ((isImg && name === 'src') || (isLink && name === 'href')) {\n        const attrValue = getAttribute(element, name);\n        if (attrValue) {\n            return String(getProperty(element, name));\n        }\n        return attrValue;\n    }\n    if (name === 'spellcheck') {\n        const attrValue = getAttribute(element, name);\n        if (attrValue !== null) {\n            const lower = attrValue.toLowerCase();\n            if (lower === 'false') {\n                return 'false';\n            }\n            if (lower === 'true') {\n                return 'true';\n            }\n        }\n        return String(getProperty(element, name));\n    }\n    const propName = PROPERTY_ALIASES[name] || attribute;\n    if (BOOLEAN_PROPERTIES.has(name)) {\n        const hasAttr = element.getAttribute(name) !== null;\n        const propValue = getProperty(element, propName);\n        return hasAttr || !!propValue ? 'true' : null;\n    }\n    if (name === 'value' && isElement(element, 'LI')) {\n        const attrValue = element.getAttribute(name);\n        return attrValue != null ? attrValue : null;\n    }\n    let property;\n    try {\n        property = getProperty(element, propName);\n    }\n    catch (_e) {\n    }\n    if (property == null || isObject(property)) {\n        const attrValue = element.getAttribute(name);\n        return attrValue != null ? attrValue : null;\n    }\n    return property != null ? String(property) : null;\n})).apply(null, arguments);"
}
[1783513380.169][INFO]: Waiting for pending navigations...
[1783513380.170][INFO]: Done waiting for pending navigations. Status: ok
[1783513380.176][INFO]: Waiting for pending navigations...
[1783513380.177][INFO]: Done waiting for pending navigations. Status: ok
[1783513380.177][INFO]: [8efdbb22e63138c8342c133790a7028c] RESPONSE ExecuteScript "Worldwise Intelligent Thermos Stainless Steel Cup with Temperature Display Stainless Steel Tumbler"
[1783513380.179][INFO]: [8efdbb22e63138c8342c133790a7028c] COMMAND FindChildElement {
   "id": "f.49D49945748C2EC068872BC92F3619EA.d.1FA0012362CDD3C62DB479648FDB025A.e.3103",
   "using": "xpath",
   "value": ".//div[@class='lWX0_T']//img"
}
[1783513380.179][INFO]: Waiting for pending navigations...
[1783513380.180][INFO]: Done waiting for pending navigations. Status: ok
[1783513380.190][INFO]: Waiting for pending navigations...
[1783513380.191][INFO]: Done waiting for pending navigations. Status: ok
[1783513380.191][INFO]: [8efdbb22e63138c8342c133790a7028c] RESPONSE FindChildElement {
   "element-6066-11e4-a52e-4f735466cecf": "f.49D49945748C2EC068872BC92F3619EA.d.1FA0012362CDD3C62DB479648FDB025A.e.2186"
}
[1783513380.193][INFO]: [8efdbb22e63138c8342c133790a7028c] COMMAND ExecuteScript {
   "args": [ {
      "element-6066-11e4-a52e-4f735466cecf": "f.49D49945748C2EC068872BC92F3619EA.d.1FA0012362CDD3C62DB479648FDB025A.e.2186"
   }, "src" ],
   "script": "/* getAttribute */return ((function (element, attribute) {\n    const PROPERTY_ALIASES = {\n        'class': 'className',\n        'readonly': 'readOnly',\n    };\n    const BOOLEAN_PROPERTIES = new Set([\n        'allowfullscreen',\n        'allowpaymentrequest',\n        'allowusermedia',\n        'async',\n        'autofocus',\n        'autoplay',\n        'checked',\n        'compact',\n        'complete',\n        'controls',\n        'declare',\n        'default',\n        'defaultchecked',\n        'defaultselected',\n        'defer',\n        'disabled',\n        'ended',\n        'formnovalidate',\n        'hidden',\n        'indeterminate',\n        'iscontenteditable',\n        'ismap',\n        'itemscope',\n        'loop',\n        'multiple',\n        'muted',\n        'nohref',\n        'nomodule',\n        'noresize',\n        'noshade',\n        'novalidate',\n        'nowrap',\n        'open',\n        'paused',\n        'playsinline',\n        'pubdate',\n        'readonly',\n        'required',\n        'reversed',\n        'scoped',\n        'seamless',\n        'seeking',\n        'selected',\n        'truespeed',\n        'typemustmatch',\n        'willvalidate',\n    ]);\n    function getAttribute(element, attributeName) {\n        return element.getAttribute(attributeName.toLowerCase());\n    }\n    function getProperty(element, propertyName) {\n        return element[propertyName];\n    }\n    function isElement(node, tagName) {\n        const elem = node;\n        if (!elem || elem.nodeType !== 1) {\n            return false;\n        }\n        if (!tagName) {\n            return true;\n        }\n        const normalizedTag = tagName.toUpperCase();\n        if (node instanceof HTMLFormElement) {\n            return normalizedTag === 'FORM';\n        }\n        return typeof elem.tagName === 'string' && elem.tagName.toUpperCase() === normalizedTag;\n    }\n    function isSelectable(element) {\n        if (isElement(element, 'OPTION')) {\n            return true;\n        }\n        if (isElement(element, 'INPUT')) {\n            const type = element.type.toLowerCase();\n            return type === 'checkbox' || type === 'radio';\n        }\n        return false;\n    }\n    function isSelected(element) {\n        var _a;\n        if (isElement(element, 'OPTION')) {\n            return element.selected;\n        }\n        const type = (_a = element.type) === null || _a === void 0 ? void 0 : _a.toLowerCase();\n        if (type === 'checkbox' || type === 'radio') {\n            return element.checked;\n        }\n        return false;\n    }\n    function isObject(value) {\n        return value !== null && (typeof value === 'object' || typeof value === 'function');\n    }\n    const name = attribute.toLowerCase();\n    if (name === 'style') {\n        const style = element.style;\n        if (!style) {\n            return null;\n        }\n        return typeof style === 'string' ? style : style.cssText;\n    }\n    if ((name === 'selected' || name === 'checked') && isSelectable(element)) {\n        return isSelected(element) ? 'true' : null;\n    }\n    const isLink = isElement(element, 'A');\n    const isImg = isElement(element, 'IMG');\n    if ((isImg && name === 'src') || (isLink && name === 'href')) {\n        const attrValue = getAttribute(element, name);\n        if (attrValue) {\n            return String(getProperty(element, name));\n        }\n        return attrValue;\n    }\n    if (name === 'spellcheck') {\n        const attrValue = getAttribute(element, name);\n        if (attrValue !== null) {\n            const lower = attrValue.toLowerCase();\n            if (lower === 'false') {\n                return 'false';\n            }\n            if (lower === 'true') {\n                return 'true';\n            }\n        }\n        return String(getProperty(element, name));\n    }\n    const propName = PROPERTY_ALIASES[name] || attribute;\n    if (BOOLEAN_PROPERTIES.has(name)) {\n        const hasAttr = element.getAttribute(name) !== null;\n        const propValue = getProperty(element, propName);\n        return hasAttr || !!propValue ? 'true' : null;\n    }\n    if (name === 'value' && isElement(element, 'LI')) {\n        const attrValue = element.getAttribute(name);\n        return attrValue != null ? attrValue : null;\n    }\n    let property;\n    try {\n        property = getProperty(element, propName);\n    }\n    catch (_e) {\n    }\n    if (property == null || isObject(property)) {\n        const attrValue = element.getAttribute(name);\n        return attrValue != null ? attrValue : null;\n    }\n    return property != null ? String(property) : null;\n})).apply(null, arguments);"
}
[1783513380.193][INFO]: Waiting for pending navigations...
[1783513380.194][INFO]: Done waiting for pending navigations. Status: ok
[1783513380.199][INFO]: Waiting for pending navigations...
[1783513380.200][INFO]: Done waiting for pending navigations. Status: ok
[1783513380.200][INFO]: [8efdbb22e63138c8342c133790a7028c] RESPONSE ExecuteScript "https://rukminim2.flixcart.com/image/612/612/xif0q/mug/g/m/w/coffee-thermos-cup-with-temperature-double-wall-insulated-bottle-enriched-0-original-imah34rm7mjznzzf.jpeg?q=70"
[1783513380.202][INFO]: [8efdbb22e63138c8342c133790a7028c] COMMAND FindChildElement {
   "id": "f.49D49945748C2EC068872BC92F3619EA.d.1FA0012362CDD3C62DB479648FDB025A.e.3103",
   "using": "xpath",
   "value": ".//span[@class='PvbNMB']"
}
[1783513380.202][INFO]: Waiting for pending navigations...
[1783513380.202][INFO]: Done waiting for pending navigations. Status: ok
[1783513380.210][INFO]: Waiting for pending navigations...
[1783513380.211][INFO]: Done waiting for pending navigations. Status: ok
[1783513380.211][INFO]: [8efdbb22e63138c8342c133790a7028c] RESPONSE FindChildElement {
   "element-6066-11e4-a52e-4f735466cecf": "f.49D49945748C2EC068872BC92F3619EA.d.1FA0012362CDD3C62DB479648FDB025A.e.3143"
}
[1783513380.213][INFO]: [8efdbb22e63138c8342c133790a7028c] COMMAND GetElementText {
   "id": "f.49D49945748C2EC068872BC92F3619EA.d.1FA0012362CDD3C62DB479648FDB025A.e.3143"
}
[1783513380.213][INFO]: Waiting for pending navigations...
[1783513380.213][INFO]: Done waiting for pending navigations. Status: ok
[1783513380.222][INFO]: Waiting for pending navigations...
[1783513380.223][INFO]: Done waiting for pending navigations. Status: ok
[1783513380.223][INFO]: [8efdbb22e63138c8342c133790a7028c] RESPONSE GetElementText "(120)"
[1783513380.224][INFO]: [8efdbb22e63138c8342c133790a7028c] COMMAND FindChildElement {
   "id": "f.49D49945748C2EC068872BC92F3619EA.d.1FA0012362CDD3C62DB479648FDB025A.e.3104",
   "using": "xpath",
   "value": ".//div[@class='lWX0_T']//img"
}
[1783513380.224][INFO]: Waiting for pending navigations...
[1783513380.226][INFO]: Done waiting for pending navigations. Status: ok
[1783513380.234][INFO]: Waiting for pending navigations...
[1783513380.234][INFO]: Done waiting for pending navigations. Status: ok
[1783513380.234][INFO]: [8efdbb22e63138c8342c133790a7028c] RESPONSE FindChildElement {
   "element-6066-11e4-a52e-4f735466cecf": "f.49D49945748C2EC068872BC92F3619EA.d.1FA0012362CDD3C62DB479648FDB025A.e.2188"
}
[1783513380.236][INFO]: [8efdbb22e63138c8342c133790a7028c] COMMAND ExecuteScript {
   "args": [ {
      "element-6066-11e4-a52e-4f735466cecf": "f.49D49945748C2EC068872BC92F3619EA.d.1FA0012362CDD3C62DB479648FDB025A.e.2188"
   }, "alt" ],
   "script": "/* getAttribute */return ((function (element, attribute) {\n    const PROPERTY_ALIASES = {\n        'class': 'className',\n        'readonly': 'readOnly',\n    };\n    const BOOLEAN_PROPERTIES = new Set([\n        'allowfullscreen',\n        'allowpaymentrequest',\n        'allowusermedia',\n        'async',\n        'autofocus',\n        'autoplay',\n        'checked',\n        'compact',\n        'complete',\n        'controls',\n        'declare',\n        'default',\n        'defaultchecked',\n        'defaultselected',\n        'defer',\n        'disabled',\n        'ended',\n        'formnovalidate',\n        'hidden',\n        'indeterminate',\n        'iscontenteditable',\n        'ismap',\n        'itemscope',\n        'loop',\n        'multiple',\n        'muted',\n        'nohref',\n        'nomodule',\n        'noresize',\n        'noshade',\n        'novalidate',\n        'nowrap',\n        'open',\n        'paused',\n        'playsinline',\n        'pubdate',\n        'readonly',\n        'required',\n        'reversed',\n        'scoped',\n        'seamless',\n        'seeking',\n        'selected',\n        'truespeed',\n        'typemustmatch',\n        'willvalidate',\n    ]);\n    function getAttribute(element, attributeName) {\n        return element.getAttribute(attributeName.toLowerCase());\n    }\n    function getProperty(element, propertyName) {\n        return element[propertyName];\n    }\n    function isElement(node, tagName) {\n        const elem = node;\n        if (!elem || elem.nodeType !== 1) {\n            return false;\n        }\n        if (!tagName) {\n            return true;\n        }\n        const normalizedTag = tagName.toUpperCase();\n        if (node instanceof HTMLFormElement) {\n            return normalizedTag === 'FORM';\n        }\n        return typeof elem.tagName === 'string' && elem.tagName.toUpperCase() === normalizedTag;\n    }\n    function isSelectable(element) {\n        if (isElement(element, 'OPTION')) {\n            return true;\n        }\n        if (isElement(element, 'INPUT')) {\n            const type = element.type.toLowerCase();\n            return type === 'checkbox' || type === 'radio';\n        }\n        return false;\n    }\n    function isSelected(element) {\n        var _a;\n        if (isElement(element, 'OPTION')) {\n            return element.selected;\n        }\n        const type = (_a = element.type) === null || _a === void 0 ? void 0 : _a.toLowerCase();\n        if (type === 'checkbox' || type === 'radio') {\n            return element.checked;\n        }\n        return false;\n    }\n    function isObject(value) {\n        return value !== null && (typeof value === 'object' || typeof value === 'function');\n    }\n    const name = attribute.toLowerCase();\n    if (name === 'style') {\n        const style = element.style;\n        if (!style) {\n            return null;\n        }\n        return typeof style === 'string' ? style : style.cssText;\n    }\n    if ((name === 'selected' || name === 'checked') && isSelectable(element)) {\n        return isSelected(element) ? 'true' : null;\n    }\n    const isLink = isElement(element, 'A');\n    const isImg = isElement(element, 'IMG');\n    if ((isImg && name === 'src') || (isLink && name === 'href')) {\n        const attrValue = getAttribute(element, name);\n        if (attrValue) {\n            return String(getProperty(element, name));\n        }\n        return attrValue;\n    }\n    if (name === 'spellcheck') {\n        const attrValue = getAttribute(element, name);\n        if (attrValue !== null) {\n            const lower = attrValue.toLowerCase();\n            if (lower === 'false') {\n                return 'false';\n            }\n            if (lower === 'true') {\n                return 'true';\n            }\n        }\n        return String(getProperty(element, name));\n    }\n    const propName = PROPERTY_ALIASES[name] || attribute;\n    if (BOOLEAN_PROPERTIES.has(name)) {\n        const hasAttr = element.getAttribute(name) !== null;\n        const propValue = getProperty(element, propName);\n        return hasAttr || !!propValue ? 'true' : null;\n    }\n    if (name === 'value' && isElement(element, 'LI')) {\n        const attrValue = element.getAttribute(name);\n        return attrValue != null ? attrValue : null;\n    }\n    let property;\n    try {\n        property = getProperty(element, propName);\n    }\n    catch (_e) {\n    }\n    if (property == null || isObject(property)) {\n        const attrValue = element.getAttribute(name);\n        return attrValue != null ? attrValue : null;\n    }\n    return property != null ? String(property) : null;\n})).apply(null, arguments);"
}
[1783513380.236][INFO]: Waiting for pending navigations...
[1783513380.237][INFO]: Done waiting for pending navigations. Status: ok
[1783513380.242][INFO]: Waiting for pending navigations...
[1783513380.243][INFO]: Done waiting for pending navigations. Status: ok
[1783513380.243][INFO]: [8efdbb22e63138c8342c133790a7028c] RESPONSE ExecuteScript "rich mart Self Stirring Electric Automatic Mixing Coffee Cup With Lid for Various Purposes Glass Coffee Mug"
[1783513380.244][INFO]: [8efdbb22e63138c8342c133790a7028c] COMMAND FindChildElement {
   "id": "f.49D49945748C2EC068872BC92F3619EA.d.1FA0012362CDD3C62DB479648FDB025A.e.3104",
   "using": "xpath",
   "value": ".//div[@class='lWX0_T']//img"
}
[1783513380.244][INFO]: Waiting for pending navigations...
[1783513380.245][INFO]: Done waiting for pending navigations. Status: ok
[1783513380.254][INFO]: Waiting for pending navigations...
[1783513380.255][INFO]: Done waiting for pending navigations. Status: ok
[1783513380.255][INFO]: [8efdbb22e63138c8342c133790a7028c] RESPONSE FindChildElement {
   "element-6066-11e4-a52e-4f735466cecf": "f.49D49945748C2EC068872BC92F3619EA.d.1FA0012362CDD3C62DB479648FDB025A.e.2188"
}
[1783513380.257][INFO]: [8efdbb22e63138c8342c133790a7028c] COMMAND ExecuteScript {
   "args": [ {
      "element-6066-11e4-a52e-4f735466cecf": "f.49D49945748C2EC068872BC92F3619EA.d.1FA0012362CDD3C62DB479648FDB025A.e.2188"
   }, "src" ],
   "script": "/* getAttribute */return ((function (element, attribute) {\n    const PROPERTY_ALIASES = {\n        'class': 'className',\n        'readonly': 'readOnly',\n    };\n    const BOOLEAN_PROPERTIES = new Set([\n        'allowfullscreen',\n        'allowpaymentrequest',\n        'allowusermedia',\n        'async',\n        'autofocus',\n        'autoplay',\n        'checked',\n        'compact',\n        'complete',\n        'controls',\n        'declare',\n        'default',\n        'defaultchecked',\n        'defaultselected',\n        'defer',\n        'disabled',\n        'ended',\n        'formnovalidate',\n        'hidden',\n        'indeterminate',\n        'iscontenteditable',\n        'ismap',\n        'itemscope',\n        'loop',\n        'multiple',\n        'muted',\n        'nohref',\n        'nomodule',\n        'noresize',\n        'noshade',\n        'novalidate',\n        'nowrap',\n        'open',\n        'paused',\n        'playsinline',\n        'pubdate',\n        'readonly',\n        'required',\n        'reversed',\n        'scoped',\n        'seamless',\n        'seeking',\n        'selected',\n        'truespeed',\n        'typemustmatch',\n        'willvalidate',\n    ]);\n    function getAttribute(element, attributeName) {\n        return element.getAttribute(attributeName.toLowerCase());\n    }\n    function getProperty(element, propertyName) {\n        return element[propertyName];\n    }\n    function isElement(node, tagName) {\n        const elem = node;\n        if (!elem || elem.nodeType !== 1) {\n            return false;\n        }\n        if (!tagName) {\n            return true;\n        }\n        const normalizedTag = tagName.toUpperCase();\n        if (node instanceof HTMLFormElement) {\n            return normalizedTag === 'FORM';\n        }\n        return typeof elem.tagName === 'string' && elem.tagName.toUpperCase() === normalizedTag;\n    }\n    function isSelectable(element) {\n        if (isElement(element, 'OPTION')) {\n            return true;\n        }\n        if (isElement(element, 'INPUT')) {\n            const type = element.type.toLowerCase();\n            return type === 'checkbox' || type === 'radio';\n        }\n        return false;\n    }\n    function isSelected(element) {\n        var _a;\n        if (isElement(element, 'OPTION')) {\n            return element.selected;\n        }\n        const type = (_a = element.type) === null || _a === void 0 ? void 0 : _a.toLowerCase();\n        if (type === 'checkbox' || type === 'radio') {\n            return element.checked;\n        }\n        return false;\n    }\n    function isObject(value) {\n        return value !== null && (typeof value === 'object' || typeof value === 'function');\n    }\n    const name = attribute.toLowerCase();\n    if (name === 'style') {\n        const style = element.style;\n        if (!style) {\n            return null;\n        }\n        return typeof style === 'string' ? style : style.cssText;\n    }\n    if ((name === 'selected' || name === 'checked') && isSelectable(element)) {\n        return isSelected(element) ? 'true' : null;\n    }\n    const isLink = isElement(element, 'A');\n    const isImg = isElement(element, 'IMG');\n    if ((isImg && name === 'src') || (isLink && name === 'href')) {\n        const attrValue = getAttribute(element, name);\n        if (attrValue) {\n            return String(getProperty(element, name));\n        }\n        return attrValue;\n    }\n    if (name === 'spellcheck') {\n        const attrValue = getAttribute(element, name);\n        if (attrValue !== null) {\n            const lower = attrValue.toLowerCase();\n            if (lower === 'false') {\n                return 'false';\n            }\n            if (lower === 'true') {\n                return 'true';\n            }\n        }\n        return String(getProperty(element, name));\n    }\n    const propName = PROPERTY_ALIASES[name] || attribute;\n    if (BOOLEAN_PROPERTIES.has(name)) {\n        const hasAttr = element.getAttribute(name) !== null;\n        const propValue = getProperty(element, propName);\n        return hasAttr || !!propValue ? 'true' : null;\n    }\n    if (name === 'value' && isElement(element, 'LI')) {\n        const attrValue = element.getAttribute(name);\n        return attrValue != null ? attrValue : null;\n    }\n    let property;\n    try {\n        property = getProperty(element, propName);\n    }\n    catch (_e) {\n    }\n    if (property == null || isObject(property)) {\n        const attrValue = element.getAttribute(name);\n        return attrValue != null ? attrValue : null;\n    }\n    return property != null ? String(property) : null;\n})).apply(null, arguments);"
}
[1783513380.257][INFO]: Waiting for pending navigations...
[1783513380.258][INFO]: Done waiting for pending navigations. Status: ok
[1783513380.263][INFO]: Waiting for pending navigations...
[1783513380.263][INFO]: Done waiting for pending navigations. Status: ok
[1783513380.263][INFO]: [8efdbb22e63138c8342c133790a7028c] RESPONSE ExecuteScript "https://rukminim2.flixcart.com/image/612/612/xif0q/mug/o/u/b/self-stirring-electric-automatic-mixing-coffee-cup-with-lid-for-original-imahjn9wwgh8yb3g.jpeg?q=70"
[1783513380.265][INFO]: [8efdbb22e63138c8342c133790a7028c] COMMAND FindChildElement {
   "id": "f.49D49945748C2EC068872BC92F3619EA.d.1FA0012362CDD3C62DB479648FDB025A.e.3104",
   "using": "xpath",
   "value": ".//span[@class='PvbNMB']"
}
[1783513380.265][INFO]: Waiting for pending navigations...
[1783513380.266][INFO]: Done waiting for pending navigations. Status: ok
[1783513380.273][INFO]: Waiting for pending navigations...
[1783513380.274][INFO]: Done waiting for pending navigations. Status: ok
[1783513380.274][INFO]: [8efdbb22e63138c8342c133790a7028c] RESPONSE FindChildElement {
   "element-6066-11e4-a52e-4f735466cecf": "f.49D49945748C2EC068872BC92F3619EA.d.1FA0012362CDD3C62DB479648FDB025A.e.3144"
}
[1783513380.276][INFO]: [8efdbb22e63138c8342c133790a7028c] COMMAND GetElementText {
   "id": "f.49D49945748C2EC068872BC92F3619EA.d.1FA0012362CDD3C62DB479648FDB025A.e.3144"
}
[1783513380.276][INFO]: Waiting for pending navigations...
[1783513380.276][INFO]: Done waiting for pending navigations. Status: ok
[1783513380.286][INFO]: Waiting for pending navigations...
[1783513380.287][INFO]: Done waiting for pending navigations. Status: ok
[1783513380.287][INFO]: [8efdbb22e63138c8342c133790a7028c] RESPONSE GetElementText "(2,439)"
[1783513380.289][INFO]: [8efdbb22e63138c8342c133790a7028c] COMMAND FindChildElement {
   "id": "f.49D49945748C2EC068872BC92F3619EA.d.1FA0012362CDD3C62DB479648FDB025A.e.3105",
   "using": "xpath",
   "value": ".//div[@class='lWX0_T']//img"
}
[1783513380.289][INFO]: Waiting for pending navigations...
[1783513380.290][INFO]: Done waiting for pending navigations. Status: ok
[1783513380.298][INFO]: Waiting for pending navigations...
[1783513380.299][INFO]: Done waiting for pending navigations. Status: ok
[1783513380.299][INFO]: [8efdbb22e63138c8342c133790a7028c] RESPONSE FindChildElement {
   "element-6066-11e4-a52e-4f735466cecf": "f.49D49945748C2EC068872BC92F3619EA.d.1FA0012362CDD3C62DB479648FDB025A.e.2284"
}
[1783513380.300][INFO]: [8efdbb22e63138c8342c133790a7028c] COMMAND ExecuteScript {
   "args": [ {
      "element-6066-11e4-a52e-4f735466cecf": "f.49D49945748C2EC068872BC92F3619EA.d.1FA0012362CDD3C62DB479648FDB025A.e.2284"
   }, "alt" ],
   "script": "/* getAttribute */return ((function (element, attribute) {\n    const PROPERTY_ALIASES = {\n        'class': 'className',\n        'readonly': 'readOnly',\n    };\n    const BOOLEAN_PROPERTIES = new Set([\n        'allowfullscreen',\n        'allowpaymentrequest',\n        'allowusermedia',\n        'async',\n        'autofocus',\n        'autoplay',\n        'checked',\n        'compact',\n        'complete',\n        'controls',\n        'declare',\n        'default',\n        'defaultchecked',\n        'defaultselected',\n        'defer',\n        'disabled',\n        'ended',\n        'formnovalidate',\n        'hidden',\n        'indeterminate',\n        'iscontenteditable',\n        'ismap',\n        'itemscope',\n        'loop',\n        'multiple',\n        'muted',\n        'nohref',\n        'nomodule',\n        'noresize',\n        'noshade',\n        'novalidate',\n        'nowrap',\n        'open',\n        'paused',\n        'playsinline',\n        'pubdate',\n        'readonly',\n        'required',\n        'reversed',\n        'scoped',\n        'seamless',\n        'seeking',\n        'selected',\n        'truespeed',\n        'typemustmatch',\n        'willvalidate',\n    ]);\n    function getAttribute(element, attributeName) {\n        return element.getAttribute(attributeName.toLowerCase());\n    }\n    function getProperty(element, propertyName) {\n        return element[propertyName];\n    }\n    function isElement(node, tagName) {\n        const elem = node;\n        if (!elem || elem.nodeType !== 1) {\n            return false;\n        }\n        if (!tagName) {\n            return true;\n        }\n        const normalizedTag = tagName.toUpperCase();\n        if (node instanceof HTMLFormElement) {\n            return normalizedTag === 'FORM';\n        }\n        return typeof elem.tagName === 'string' && elem.tagName.toUpperCase() === normalizedTag;\n    }\n    function isSelectable(element) {\n        if (isElement(element, 'OPTION')) {\n            return true;\n        }\n        if (isElement(element, 'INPUT')) {\n            const type = element.type.toLowerCase();\n            return type === 'checkbox' || type === 'radio';\n        }\n        return false;\n    }\n    function isSelected(element) {\n        var _a;\n        if (isElement(element, 'OPTION')) {\n            return element.selected;\n        }\n        const type = (_a = element.type) === null || _a === void 0 ? void 0 : _a.toLowerCase();\n        if (type === 'checkbox' || type === 'radio') {\n            return element.checked;\n        }\n        return false;\n    }\n    function isObject(value) {\n        return value !== null && (typeof value === 'object' || typeof value === 'function');\n    }\n    const name = attribute.toLowerCase();\n    if (name === 'style') {\n        const style = element.style;\n        if (!style) {\n            return null;\n        }\n        return typeof style === 'string' ? style : style.cssText;\n    }\n    if ((name === 'selected' || name === 'checked') && isSelectable(element)) {\n        return isSelected(element) ? 'true' : null;\n    }\n    const isLink = isElement(element, 'A');\n    const isImg = isElement(element, 'IMG');\n    if ((isImg && name === 'src') || (isLink && name === 'href')) {\n        const attrValue = getAttribute(element, name);\n        if (attrValue) {\n            return String(getProperty(element, name));\n        }\n        return attrValue;\n    }\n    if (name === 'spellcheck') {\n        const attrValue = getAttribute(element, name);\n        if (attrValue !== null) {\n            const lower = attrValue.toLowerCase();\n            if (lower === 'false') {\n                return 'false';\n            }\n            if (lower === 'true') {\n                return 'true';\n            }\n        }\n        return String(getProperty(element, name));\n    }\n    const propName = PROPERTY_ALIASES[name] || attribute;\n    if (BOOLEAN_PROPERTIES.has(name)) {\n        const hasAttr = element.getAttribute(name) !== null;\n        const propValue = getProperty(element, propName);\n        return hasAttr || !!propValue ? 'true' : null;\n    }\n    if (name === 'value' && isElement(element, 'LI')) {\n        const attrValue = element.getAttribute(name);\n        return attrValue != null ? attrValue : null;\n    }\n    let property;\n    try {\n        property = getProperty(element, propName);\n    }\n    catch (_e) {\n    }\n    if (property == null || isObject(property)) {\n        const attrValue = element.getAttribute(name);\n        return attrValue != null ? attrValue : null;\n    }\n    return property != null ? String(property) : null;\n})).apply(null, arguments);"
}
[1783513380.301][INFO]: Waiting for pending navigations...
[1783513380.301][INFO]: Done waiting for pending navigations. Status: ok
[1783513380.305][INFO]: Waiting for pending navigations...
[1783513380.306][INFO]: Done waiting for pending navigations. Status: ok
[1783513380.306][INFO]: [8efdbb22e63138c8342c133790a7028c] RESPONSE ExecuteScript "Nestasia Matte Red Ceramic Coffee 350ml Microwave Safe for Latte, Cappuccino & Tea Ceramic Coffee Mug"
[1783513380.307][INFO]: [8efdbb22e63138c8342c133790a7028c] COMMAND FindChildElement {
   "id": "f.49D49945748C2EC068872BC92F3619EA.d.1FA0012362CDD3C62DB479648FDB025A.e.3105",
   "using": "xpath",
   "value": ".//div[@class='lWX0_T']//img"
}
[1783513380.307][INFO]: Waiting for pending navigations...
[1783513380.308][INFO]: Done waiting for pending navigations. Status: ok
[1783513380.315][INFO]: Waiting for pending navigations...
[1783513380.316][INFO]: Done waiting for pending navigations. Status: ok
[1783513380.316][INFO]: [8efdbb22e63138c8342c133790a7028c] RESPONSE FindChildElement {
   "element-6066-11e4-a52e-4f735466cecf": "f.49D49945748C2EC068872BC92F3619EA.d.1FA0012362CDD3C62DB479648FDB025A.e.2284"
}
[1783513380.317][INFO]: [8efdbb22e63138c8342c133790a7028c] COMMAND ExecuteScript {
   "args": [ {
      "element-6066-11e4-a52e-4f735466cecf": "f.49D49945748C2EC068872BC92F3619EA.d.1FA0012362CDD3C62DB479648FDB025A.e.2284"
   }, "src" ],
   "script": "/* getAttribute */return ((function (element, attribute) {\n    const PROPERTY_ALIASES = {\n        'class': 'className',\n        'readonly': 'readOnly',\n    };\n    const BOOLEAN_PROPERTIES = new Set([\n        'allowfullscreen',\n        'allowpaymentrequest',\n        'allowusermedia',\n        'async',\n        'autofocus',\n        'autoplay',\n        'checked',\n        'compact',\n        'complete',\n        'controls',\n        'declare',\n        'default',\n        'defaultchecked',\n        'defaultselected',\n        'defer',\n        'disabled',\n        'ended',\n        'formnovalidate',\n        'hidden',\n        'indeterminate',\n        'iscontenteditable',\n        'ismap',\n        'itemscope',\n        'loop',\n        'multiple',\n        'muted',\n        'nohref',\n        'nomodule',\n        'noresize',\n        'noshade',\n        'novalidate',\n        'nowrap',\n        'open',\n        'paused',\n        'playsinline',\n        'pubdate',\n        'readonly',\n        'required',\n        'reversed',\n        'scoped',\n        'seamless',\n        'seeking',\n        'selected',\n        'truespeed',\n        'typemustmatch',\n        'willvalidate',\n    ]);\n    function getAttribute(element, attributeName) {\n        return element.getAttribute(attributeName.toLowerCase());\n    }\n    function getProperty(element, propertyName) {\n        return element[propertyName];\n    }\n    function isElement(node, tagName) {\n        const elem = node;\n        if (!elem || elem.nodeType !== 1) {\n            return false;\n        }\n        if (!tagName) {\n            return true;\n        }\n        const normalizedTag = tagName.toUpperCase();\n        if (node instanceof HTMLFormElement) {\n            return normalizedTag === 'FORM';\n        }\n        return typeof elem.tagName === 'string' && elem.tagName.toUpperCase() === normalizedTag;\n    }\n    function isSelectable(element) {\n        if (isElement(element, 'OPTION')) {\n            return true;\n        }\n        if (isElement(element, 'INPUT')) {\n            const type = element.type.toLowerCase();\n            return type === 'checkbox' || type === 'radio';\n        }\n        return false;\n    }\n    function isSelected(element) {\n        var _a;\n        if (isElement(element, 'OPTION')) {\n            return element.selected;\n        }\n        const type = (_a = element.type) === null || _a === void 0 ? void 0 : _a.toLowerCase();\n        if (type === 'checkbox' || type === 'radio') {\n            return element.checked;\n        }\n        return false;\n    }\n    function isObject(value) {\n        return value !== null && (typeof value === 'object' || typeof value === 'function');\n    }\n    const name = attribute.toLowerCase();\n    if (name === 'style') {\n        const style = element.style;\n        if (!style) {\n            return null;\n        }\n        return typeof style === 'string' ? style : style.cssText;\n    }\n    if ((name === 'selected' || name === 'checked') && isSelectable(element)) {\n        return isSelected(element) ? 'true' : null;\n    }\n    const isLink = isElement(element, 'A');\n    const isImg = isElement(element, 'IMG');\n    if ((isImg && name === 'src') || (isLink && name === 'href')) {\n        const attrValue = getAttribute(element, name);\n        if (attrValue) {\n            return String(getProperty(element, name));\n        }\n        return attrValue;\n    }\n    if (name === 'spellcheck') {\n        const attrValue = getAttribute(element, name);\n        if (attrValue !== null) {\n            const lower = attrValue.toLowerCase();\n            if (lower === 'false') {\n                return 'false';\n            }\n            if (lower === 'true') {\n                return 'true';\n            }\n        }\n        return String(getProperty(element, name));\n    }\n    const propName = PROPERTY_ALIASES[name] || attribute;\n    if (BOOLEAN_PROPERTIES.has(name)) {\n        const hasAttr = element.getAttribute(name) !== null;\n        const propValue = getProperty(element, propName);\n        return hasAttr || !!propValue ? 'true' : null;\n    }\n    if (name === 'value' && isElement(element, 'LI')) {\n        const attrValue = element.getAttribute(name);\n        return attrValue != null ? attrValue : null;\n    }\n    let property;\n    try {\n        property = getProperty(element, propName);\n    }\n    catch (_e) {\n    }\n    if (property == null || isObject(property)) {\n        const attrValue = element.getAttribute(name);\n        return attrValue != null ? attrValue : null;\n    }\n    return property != null ? String(property) : null;\n})).apply(null, arguments);"
}
[1783513380.318][INFO]: Waiting for pending navigations...
[1783513380.319][INFO]: Done waiting for pending navigations. Status: ok
[1783513380.322][INFO]: Waiting for pending navigations...
[1783513380.323][INFO]: Done waiting for pending navigations. Status: ok
[1783513380.323][INFO]: [8efdbb22e63138c8342c133790a7028c] RESPONSE ExecuteScript "https://rukminim2.flixcart.com/image/612/612/xif0q/mug/x/r/2/sleekmatte-mug-400-1-nestasia-original-imah6pxjdm9bgmrk.jpeg?q=70"
[1783513380.325][INFO]: [8efdbb22e63138c8342c133790a7028c] COMMAND FindChildElement {
   "id": "f.49D49945748C2EC068872BC92F3619EA.d.1FA0012362CDD3C62DB479648FDB025A.e.3105",
   "using": "xpath",
   "value": ".//span[@class='PvbNMB']"
}
[1783513380.325][INFO]: Waiting for pending navigations...
[1783513380.326][INFO]: Done waiting for pending navigations. Status: ok
[1783513380.333][INFO]: Waiting for pending navigations...
[1783513380.334][INFO]: Done waiting for pending navigations. Status: ok
[1783513380.334][INFO]: [8efdbb22e63138c8342c133790a7028c] RESPONSE FindChildElement {
   "element-6066-11e4-a52e-4f735466cecf": "f.49D49945748C2EC068872BC92F3619EA.d.1FA0012362CDD3C62DB479648FDB025A.e.3145"
}
[1783513380.335][INFO]: [8efdbb22e63138c8342c133790a7028c] COMMAND GetElementText {
   "id": "f.49D49945748C2EC068872BC92F3619EA.d.1FA0012362CDD3C62DB479648FDB025A.e.3145"
}
[1783513380.335][INFO]: Waiting for pending navigations...
[1783513380.336][INFO]: Done waiting for pending navigations. Status: ok
[1783513380.344][INFO]: Waiting for pending navigations...
[1783513380.345][INFO]: Done waiting for pending navigations. Status: ok
[1783513380.345][INFO]: [8efdbb22e63138c8342c133790a7028c] RESPONSE GetElementText "(47)"
[1783513380.346][INFO]: [8efdbb22e63138c8342c133790a7028c] COMMAND FindChildElement {
   "id": "f.49D49945748C2EC068872BC92F3619EA.d.1FA0012362CDD3C62DB479648FDB025A.e.3106",
   "using": "xpath",
   "value": ".//div[@class='lWX0_T']//img"
}
[1783513380.346][INFO]: Waiting for pending navigations...
[1783513380.347][INFO]: Done waiting for pending navigations. Status: ok
[1783513380.355][INFO]: Waiting for pending navigations...
[1783513380.355][INFO]: Done waiting for pending navigations. Status: ok
[1783513380.355][INFO]: [8efdbb22e63138c8342c133790a7028c] RESPONSE FindChildElement {
   "element-6066-11e4-a52e-4f735466cecf": "f.49D49945748C2EC068872BC92F3619EA.d.1FA0012362CDD3C62DB479648FDB025A.e.2285"
}
[1783513380.357][INFO]: [8efdbb22e63138c8342c133790a7028c] COMMAND ExecuteScript {
   "args": [ {
      "element-6066-11e4-a52e-4f735466cecf": "f.49D49945748C2EC068872BC92F3619EA.d.1FA0012362CDD3C62DB479648FDB025A.e.2285"
   }, "alt" ],
   "script": "/* getAttribute */return ((function (element, attribute) {\n    const PROPERTY_ALIASES = {\n        'class': 'className',\n        'readonly': 'readOnly',\n    };\n    const BOOLEAN_PROPERTIES = new Set([\n        'allowfullscreen',\n        'allowpaymentrequest',\n        'allowusermedia',\n        'async',\n        'autofocus',\n        'autoplay',\n        'checked',\n        'compact',\n        'complete',\n        'controls',\n        'declare',\n        'default',\n        'defaultchecked',\n        'defaultselected',\n        'defer',\n        'disabled',\n        'ended',\n        'formnovalidate',\n        'hidden',\n        'indeterminate',\n        'iscontenteditable',\n        'ismap',\n        'itemscope',\n        'loop',\n        'multiple',\n        'muted',\n        'nohref',\n        'nomodule',\n        'noresize',\n        'noshade',\n        'novalidate',\n        'nowrap',\n        'open',\n        'paused',\n        'playsinline',\n        'pubdate',\n        'readonly',\n        'required',\n        'reversed',\n        'scoped',\n        'seamless',\n        'seeking',\n        'selected',\n        'truespeed',\n        'typemustmatch',\n        'willvalidate',\n    ]);\n    function getAttribute(element, attributeName) {\n        return element.getAttribute(attributeName.toLowerCase());\n    }\n    function getProperty(element, propertyName) {\n        return element[propertyName];\n    }\n    function isElement(node, tagName) {\n        const elem = node;\n        if (!elem || elem.nodeType !== 1) {\n            return false;\n        }\n        if (!tagName) {\n            return true;\n        }\n        const normalizedTag = tagName.toUpperCase();\n        if (node instanceof HTMLFormElement) {\n            return normalizedTag === 'FORM';\n        }\n        return typeof elem.tagName === 'string' && elem.tagName.toUpperCase() === normalizedTag;\n    }\n    function isSelectable(element) {\n        if (isElement(element, 'OPTION')) {\n            return true;\n        }\n        if (isElement(element, 'INPUT')) {\n            const type = element.type.toLowerCase();\n            return type === 'checkbox' || type === 'radio';\n        }\n        return false;\n    }\n    function isSelected(element) {\n        var _a;\n        if (isElement(element, 'OPTION')) {\n            return element.selected;\n        }\n        const type = (_a = element.type) === null || _a === void 0 ? void 0 : _a.toLowerCase();\n        if (type === 'checkbox' || type === 'radio') {\n            return element.checked;\n        }\n        return false;\n    }\n    function isObject(value) {\n        return value !== null && (typeof value === 'object' || typeof value === 'function');\n    }\n    const name = attribute.toLowerCase();\n    if (name === 'style') {\n        const style = element.style;\n        if (!style) {\n            return null;\n        }\n        return typeof style === 'string' ? style : style.cssText;\n    }\n    if ((name === 'selected' || name === 'checked') && isSelectable(element)) {\n        return isSelected(element) ? 'true' : null;\n    }\n    const isLink = isElement(element, 'A');\n    const isImg = isElement(element, 'IMG');\n    if ((isImg && name === 'src') || (isLink && name === 'href')) {\n        const attrValue = getAttribute(element, name);\n        if (attrValue) {\n            return String(getProperty(element, name));\n        }\n        return attrValue;\n    }\n    if (name === 'spellcheck') {\n        const attrValue = getAttribute(element, name);\n        if (attrValue !== null) {\n            const lower = attrValue.toLowerCase();\n            if (lower === 'false') {\n                return 'false';\n            }\n            if (lower === 'true') {\n                return 'true';\n            }\n        }\n        return String(getProperty(element, name));\n    }\n    const propName = PROPERTY_ALIASES[name] || attribute;\n    if (BOOLEAN_PROPERTIES.has(name)) {\n        const hasAttr = element.getAttribute(name) !== null;\n        const propValue = getProperty(element, propName);\n        return hasAttr || !!propValue ? 'true' : null;\n    }\n    if (name === 'value' && isElement(element, 'LI')) {\n        const attrValue = element.getAttribute(name);\n        return attrValue != null ? attrValue : null;\n    }\n    let property;\n    try {\n        property = getProperty(element, propName);\n    }\n    catch (_e) {\n    }\n    if (property == null || isObject(property)) {\n        const attrValue = element.getAttribute(name);\n        return attrValue != null ? attrValue : null;\n    }\n    return property != null ? String(property) : null;\n})).apply(null, arguments);"
}
[1783513380.357][INFO]: Waiting for pending navigations...
[1783513380.358][INFO]: Done waiting for pending navigations. Status: ok
[1783513380.361][INFO]: Waiting for pending navigations...
[1783513380.362][INFO]: Done waiting for pending navigations. Status: ok
[1783513380.362][INFO]: [8efdbb22e63138c8342c133790a7028c] RESPONSE ExecuteScript "joel sublimation Football Fan United FC Crest Print Cup Ceramic Coffee Mug"
[1783513380.364][INFO]: [8efdbb22e63138c8342c133790a7028c] COMMAND FindChildElement {
   "id": "f.49D49945748C2EC068872BC92F3619EA.d.1FA0012362CDD3C62DB479648FDB025A.e.3106",
   "using": "xpath",
   "value": ".//div[@class='lWX0_T']//img"
}
[1783513380.364][INFO]: Waiting for pending navigations...
[1783513380.365][INFO]: Done waiting for pending navigations. Status: ok
[1783513380.372][INFO]: Waiting for pending navigations...
[1783513380.373][INFO]: Done waiting for pending navigations. Status: ok
[1783513380.373][INFO]: [8efdbb22e63138c8342c133790a7028c] RESPONSE FindChildElement {
   "element-6066-11e4-a52e-4f735466cecf": "f.49D49945748C2EC068872BC92F3619EA.d.1FA0012362CDD3C62DB479648FDB025A.e.2285"
}
[1783513380.374][INFO]: [8efdbb22e63138c8342c133790a7028c] COMMAND ExecuteScript {
   "args": [ {
      "element-6066-11e4-a52e-4f735466cecf": "f.49D49945748C2EC068872BC92F3619EA.d.1FA0012362CDD3C62DB479648FDB025A.e.2285"
   }, "src" ],
   "script": "/* getAttribute */return ((function (element, attribute) {\n    const PROPERTY_ALIASES = {\n        'class': 'className',\n        'readonly': 'readOnly',\n    };\n    const BOOLEAN_PROPERTIES = new Set([\n        'allowfullscreen',\n        'allowpaymentrequest',\n        'allowusermedia',\n        'async',\n        'autofocus',\n        'autoplay',\n        'checked',\n        'compact',\n        'complete',\n        'controls',\n        'declare',\n        'default',\n        'defaultchecked',\n        'defaultselected',\n        'defer',\n        'disabled',\n        'ended',\n        'formnovalidate',\n        'hidden',\n        'indeterminate',\n        'iscontenteditable',\n        'ismap',\n        'itemscope',\n        'loop',\n        'multiple',\n        'muted',\n        'nohref',\n        'nomodule',\n        'noresize',\n        'noshade',\n        'novalidate',\n        'nowrap',\n        'open',\n        'paused',\n        'playsinline',\n        'pubdate',\n        'readonly',\n        'required',\n        'reversed',\n        'scoped',\n        'seamless',\n        'seeking',\n        'selected',\n        'truespeed',\n        'typemustmatch',\n        'willvalidate',\n    ]);\n    function getAttribute(element, attributeName) {\n        return element.getAttribute(attributeName.toLowerCase());\n    }\n    function getProperty(element, propertyName) {\n        return element[propertyName];\n    }\n    function isElement(node, tagName) {\n        const elem = node;\n        if (!elem || elem.nodeType !== 1) {\n            return false;\n        }\n        if (!tagName) {\n            return true;\n        }\n        const normalizedTag = tagName.toUpperCase();\n        if (node instanceof HTMLFormElement) {\n            return normalizedTag === 'FORM';\n        }\n        return typeof elem.tagName === 'string' && elem.tagName.toUpperCase() === normalizedTag;\n    }\n    function isSelectable(element) {\n        if (isElement(element, 'OPTION')) {\n            return true;\n        }\n        if (isElement(element, 'INPUT')) {\n            const type = element.type.toLowerCase();\n            return type === 'checkbox' || type === 'radio';\n        }\n        return false;\n    }\n    function isSelected(element) {\n        var _a;\n        if (isElement(element, 'OPTION')) {\n            return element.selected;\n        }\n        const type = (_a = element.type) === null || _a === void 0 ? void 0 : _a.toLowerCase();\n        if (type === 'checkbox' || type === 'radio') {\n            return element.checked;\n        }\n        return false;\n    }\n    function isObject(value) {\n        return value !== null && (typeof value === 'object' || typeof value === 'function');\n    }\n    const name = attribute.toLowerCase();\n    if (name === 'style') {\n        const style = element.style;\n        if (!style) {\n            return null;\n        }\n        return typeof style === 'string' ? style : style.cssText;\n    }\n    if ((name === 'selected' || name === 'checked') && isSelectable(element)) {\n        return isSelected(element) ? 'true' : null;\n    }\n    const isLink = isElement(element, 'A');\n    const isImg = isElement(element, 'IMG');\n    if ((isImg && name === 'src') || (isLink && name === 'href')) {\n        const attrValue = getAttribute(element, name);\n        if (attrValue) {\n            return String(getProperty(element, name));\n        }\n        return attrValue;\n    }\n    if (name === 'spellcheck') {\n        const attrValue = getAttribute(element, name);\n        if (attrValue !== null) {\n            const lower = attrValue.toLowerCase();\n            if (lower === 'false') {\n                return 'false';\n            }\n            if (lower === 'true') {\n                return 'true';\n            }\n        }\n        return String(getProperty(element, name));\n    }\n    const propName = PROPERTY_ALIASES[name] || attribute;\n    if (BOOLEAN_PROPERTIES.has(name)) {\n        const hasAttr = element.getAttribute(name) !== null;\n        const propValue = getProperty(element, propName);\n        return hasAttr || !!propValue ? 'true' : null;\n    }\n    if (name === 'value' && isElement(element, 'LI')) {\n        const attrValue = element.getAttribute(name);\n        return attrValue != null ? attrValue : null;\n    }\n    let property;\n    try {\n        property = getProperty(element, propName);\n    }\n    catch (_e) {\n    }\n    if (property == null || isObject(property)) {\n        const attrValue = element.getAttribute(name);\n        return attrValue != null ? attrValue : null;\n    }\n    return property != null ? String(property) : null;\n})).apply(null, arguments);"
}
[1783513380.375][INFO]: Waiting for pending navigations...
[1783513380.375][INFO]: Done waiting for pending navigations. Status: ok
[1783513380.379][INFO]: Waiting for pending navigations...
[1783513380.380][INFO]: Done waiting for pending navigations. Status: ok
[1783513380.380][INFO]: [8efdbb22e63138c8342c133790a7028c] RESPONSE ExecuteScript "https://rukminim2.flixcart.com/image/612/612/xif0q/mug/g/c/d/football-fan-mug-united-fc-crest-print-cup-325-1-joel-original-imahgxutkpfqggza.jpeg?q=70"
[1783513380.381][INFO]: [8efdbb22e63138c8342c133790a7028c] COMMAND FindChildElement {
   "id": "f.49D49945748C2EC068872BC92F3619EA.d.1FA0012362CDD3C62DB479648FDB025A.e.3106",
   "using": "xpath",
   "value": ".//span[@class='PvbNMB']"
}
[1783513380.381][INFO]: Waiting for pending navigations...
[1783513380.382][INFO]: Done waiting for pending navigations. Status: ok
[1783513380.390][INFO]: Waiting for pending navigations...
[1783513380.390][INFO]: Done waiting for pending navigations. Status: ok
[1783513380.390][INFO]: [8efdbb22e63138c8342c133790a7028c] RESPONSE FindChildElement {
   "element-6066-11e4-a52e-4f735466cecf": "f.49D49945748C2EC068872BC92F3619EA.d.1FA0012362CDD3C62DB479648FDB025A.e.3146"
}
[1783513380.392][INFO]: [8efdbb22e63138c8342c133790a7028c] COMMAND GetElementText {
   "id": "f.49D49945748C2EC068872BC92F3619EA.d.1FA0012362CDD3C62DB479648FDB025A.e.3146"
}
[1783513380.392][INFO]: Waiting for pending navigations...
[1783513380.393][INFO]: Done waiting for pending navigations. Status: ok
[1783513380.401][INFO]: Waiting for pending navigations...
[1783513380.401][INFO]: Done waiting for pending navigations. Status: ok
[1783513380.401][INFO]: [8efdbb22e63138c8342c133790a7028c] RESPONSE GetElementText "(3)"
[1783513380.403][INFO]: [8efdbb22e63138c8342c133790a7028c] COMMAND FindChildElement {
   "id": "f.49D49945748C2EC068872BC92F3619EA.d.1FA0012362CDD3C62DB479648FDB025A.e.3107",
   "using": "xpath",
   "value": ".//div[@class='lWX0_T']//img"
}
[1783513380.403][INFO]: Waiting for pending navigations...
[1783513380.403][INFO]: Done waiting for pending navigations. Status: ok
[1783513380.411][INFO]: Waiting for pending navigations...
[1783513380.412][INFO]: Done waiting for pending navigations. Status: ok
[1783513380.412][INFO]: [8efdbb22e63138c8342c133790a7028c] RESPONSE FindChildElement {
   "element-6066-11e4-a52e-4f735466cecf": "f.49D49945748C2EC068872BC92F3619EA.d.1FA0012362CDD3C62DB479648FDB025A.e.2286"
}
[1783513380.413][INFO]: [8efdbb22e63138c8342c133790a7028c] COMMAND ExecuteScript {
   "args": [ {
      "element-6066-11e4-a52e-4f735466cecf": "f.49D49945748C2EC068872BC92F3619EA.d.1FA0012362CDD3C62DB479648FDB025A.e.2286"
   }, "alt" ],
   "script": "/* getAttribute */return ((function (element, attribute) {\n    const PROPERTY_ALIASES = {\n        'class': 'className',\n        'readonly': 'readOnly',\n    };\n    const BOOLEAN_PROPERTIES = new Set([\n        'allowfullscreen',\n        'allowpaymentrequest',\n        'allowusermedia',\n        'async',\n        'autofocus',\n        'autoplay',\n        'checked',\n        'compact',\n        'complete',\n        'controls',\n        'declare',\n        'default',\n        'defaultchecked',\n        'defaultselected',\n        'defer',\n        'disabled',\n        'ended',\n        'formnovalidate',\n        'hidden',\n        'indeterminate',\n        'iscontenteditable',\n        'ismap',\n        'itemscope',\n        'loop',\n        'multiple',\n        'muted',\n        'nohref',\n        'nomodule',\n        'noresize',\n        'noshade',\n        'novalidate',\n        'nowrap',\n        'open',\n        'paused',\n        'playsinline',\n        'pubdate',\n        'readonly',\n        'required',\n        'reversed',\n        'scoped',\n        'seamless',\n        'seeking',\n        'selected',\n        'truespeed',\n        'typemustmatch',\n        'willvalidate',\n    ]);\n    function getAttribute(element, attributeName) {\n        return element.getAttribute(attributeName.toLowerCase());\n    }\n    function getProperty(element, propertyName) {\n        return element[propertyName];\n    }\n    function isElement(node, tagName) {\n        const elem = node;\n        if (!elem || elem.nodeType !== 1) {\n            return false;\n        }\n        if (!tagName) {\n            return true;\n        }\n        const normalizedTag = tagName.toUpperCase();\n        if (node instanceof HTMLFormElement) {\n            return normalizedTag === 'FORM';\n        }\n        return typeof elem.tagName === 'string' && elem.tagName.toUpperCase() === normalizedTag;\n    }\n    function isSelectable(element) {\n        if (isElement(element, 'OPTION')) {\n            return true;\n        }\n        if (isElement(element, 'INPUT')) {\n            const type = element.type.toLowerCase();\n            return type === 'checkbox' || type === 'radio';\n        }\n        return false;\n    }\n    function isSelected(element) {\n        var _a;\n        if (isElement(element, 'OPTION')) {\n            return element.selected;\n        }\n        const type = (_a = element.type) === null || _a === void 0 ? void 0 : _a.toLowerCase();\n        if (type === 'checkbox' || type === 'radio') {\n            return element.checked;\n        }\n        return false;\n    }\n    function isObject(value) {\n        return value !== null && (typeof value === 'object' || typeof value === 'function');\n    }\n    const name = attribute.toLowerCase();\n    if (name === 'style') {\n        const style = element.style;\n        if (!style) {\n            return null;\n        }\n        return typeof style === 'string' ? style : style.cssText;\n    }\n    if ((name === 'selected' || name === 'checked') && isSelectable(element)) {\n        return isSelected(element) ? 'true' : null;\n    }\n    const isLink = isElement(element, 'A');\n    const isImg = isElement(element, 'IMG');\n    if ((isImg && name === 'src') || (isLink && name === 'href')) {\n        const attrValue = getAttribute(element, name);\n        if (attrValue) {\n            return String(getProperty(element, name));\n        }\n        return attrValue;\n    }\n    if (name === 'spellcheck') {\n        const attrValue = getAttribute(element, name);\n        if (attrValue !== null) {\n            const lower = attrValue.toLowerCase();\n            if (lower === 'false') {\n                return 'false';\n            }\n            if (lower === 'true') {\n                return 'true';\n            }\n        }\n        return String(getProperty(element, name));\n    }\n    const propName = PROPERTY_ALIASES[name] || attribute;\n    if (BOOLEAN_PROPERTIES.has(name)) {\n        const hasAttr = element.getAttribute(name) !== null;\n        const propValue = getProperty(element, propName);\n        return hasAttr || !!propValue ? 'true' : null;\n    }\n    if (name === 'value' && isElement(element, 'LI')) {\n        const attrValue = element.getAttribute(name);\n        return attrValue != null ? attrValue : null;\n    }\n    let property;\n    try {\n        property = getProperty(element, propName);\n    }\n    catch (_e) {\n    }\n    if (property == null || isObject(property)) {\n        const attrValue = element.getAttribute(name);\n        return attrValue != null ? attrValue : null;\n    }\n    return property != null ? String(property) : null;\n})).apply(null, arguments);"
}
[1783513380.413][INFO]: Waiting for pending navigations...
[1783513380.414][INFO]: Done waiting for pending navigations. Status: ok
[1783513380.418][INFO]: Waiting for pending navigations...
[1783513380.419][INFO]: Done waiting for pending navigations. Status: ok
[1783513380.419][INFO]: [8efdbb22e63138c8342c133790a7028c] RESPONSE ExecuteScript "CQZ Coffee Can Glass Sipper Tumbler with Lid Straw,Green Tea Fruit Juice Glass Coffee Mug"
[1783513380.420][INFO]: [8efdbb22e63138c8342c133790a7028c] COMMAND FindChildElement {
   "id": "f.49D49945748C2EC068872BC92F3619EA.d.1FA0012362CDD3C62DB479648FDB025A.e.3107",
   "using": "xpath",
   "value": ".//div[@class='lWX0_T']//img"
}
[1783513380.420][INFO]: Waiting for pending navigations...
[1783513380.421][INFO]: Done waiting for pending navigations. Status: ok
[1783513380.429][INFO]: Waiting for pending navigations...
[1783513380.430][INFO]: Done waiting for pending navigations. Status: ok
[1783513380.430][INFO]: [8efdbb22e63138c8342c133790a7028c] RESPONSE FindChildElement {
   "element-6066-11e4-a52e-4f735466cecf": "f.49D49945748C2EC068872BC92F3619EA.d.1FA0012362CDD3C62DB479648FDB025A.e.2286"
}
[1783513380.431][INFO]: [8efdbb22e63138c8342c133790a7028c] COMMAND ExecuteScript {
   "args": [ {
      "element-6066-11e4-a52e-4f735466cecf": "f.49D49945748C2EC068872BC92F3619EA.d.1FA0012362CDD3C62DB479648FDB025A.e.2286"
   }, "src" ],
   "script": "/* getAttribute */return ((function (element, attribute) {\n    const PROPERTY_ALIASES = {\n        'class': 'className',\n        'readonly': 'readOnly',\n    };\n    const BOOLEAN_PROPERTIES = new Set([\n        'allowfullscreen',\n        'allowpaymentrequest',\n        'allowusermedia',\n        'async',\n        'autofocus',\n        'autoplay',\n        'checked',\n        'compact',\n        'complete',\n        'controls',\n        'declare',\n        'default',\n        'defaultchecked',\n        'defaultselected',\n        'defer',\n        'disabled',\n        'ended',\n        'formnovalidate',\n        'hidden',\n        'indeterminate',\n        'iscontenteditable',\n        'ismap',\n        'itemscope',\n        'loop',\n        'multiple',\n        'muted',\n        'nohref',\n        'nomodule',\n        'noresize',\n        'noshade',\n        'novalidate',\n        'nowrap',\n        'open',\n        'paused',\n        'playsinline',\n        'pubdate',\n        'readonly',\n        'required',\n        'reversed',\n        'scoped',\n        'seamless',\n        'seeking',\n        'selected',\n        'truespeed',\n        'typemustmatch',\n        'willvalidate',\n    ]);\n    function getAttribute(element, attributeName) {\n        return element.getAttribute(attributeName.toLowerCase());\n    }\n    function getProperty(element, propertyName) {\n        return element[propertyName];\n    }\n    function isElement(node, tagName) {\n        const elem = node;\n        if (!elem || elem.nodeType !== 1) {\n            return false;\n        }\n        if (!tagName) {\n            return true;\n        }\n        const normalizedTag = tagName.toUpperCase();\n        if (node instanceof HTMLFormElement) {\n            return normalizedTag === 'FORM';\n        }\n        return typeof elem.tagName === 'string' && elem.tagName.toUpperCase() === normalizedTag;\n    }\n    function isSelectable(element) {\n        if (isElement(element, 'OPTION')) {\n            return true;\n        }\n        if (isElement(element, 'INPUT')) {\n            const type = element.type.toLowerCase();\n            return type === 'checkbox' || type === 'radio';\n        }\n        return false;\n    }\n    function isSelected(element) {\n        var _a;\n        if (isElement(element, 'OPTION')) {\n            return element.selected;\n        }\n        const type = (_a = element.type) === null || _a === void 0 ? void 0 : _a.toLowerCase();\n        if (type === 'checkbox' || type === 'radio') {\n            return element.checked;\n        }\n        return false;\n    }\n    function isObject(value) {\n        return value !== null && (typeof value === 'object' || typeof value === 'function');\n    }\n    const name = attribute.toLowerCase();\n    if (name === 'style') {\n        const style = element.style;\n        if (!style) {\n            return null;\n        }\n        return typeof style === 'string' ? style : style.cssText;\n    }\n    if ((name === 'selected' || name === 'checked') && isSelectable(element)) {\n        return isSelected(element) ? 'true' : null;\n    }\n    const isLink = isElement(element, 'A');\n    const isImg = isElement(element, 'IMG');\n    if ((isImg && name === 'src') || (isLink && name === 'href')) {\n        const attrValue = getAttribute(element, name);\n        if (attrValue) {\n            return String(getProperty(element, name));\n        }\n        return attrValue;\n    }\n    if (name === 'spellcheck') {\n        const attrValue = getAttribute(element, name);\n        if (attrValue !== null) {\n            const lower = attrValue.toLowerCase();\n            if (lower === 'false') {\n                return 'false';\n            }\n            if (lower === 'true') {\n                return 'true';\n            }\n        }\n        return String(getProperty(element, name));\n    }\n    const propName = PROPERTY_ALIASES[name] || attribute;\n    if (BOOLEAN_PROPERTIES.has(name)) {\n        const hasAttr = element.getAttribute(name) !== null;\n        const propValue = getProperty(element, propName);\n        return hasAttr || !!propValue ? 'true' : null;\n    }\n    if (name === 'value' && isElement(element, 'LI')) {\n        const attrValue = element.getAttribute(name);\n        return attrValue != null ? attrValue : null;\n    }\n    let property;\n    try {\n        property = getProperty(element, propName);\n    }\n    catch (_e) {\n    }\n    if (property == null || isObject(property)) {\n        const attrValue = element.getAttribute(name);\n        return attrValue != null ? attrValue : null;\n    }\n    return property != null ? String(property) : null;\n})).apply(null, arguments);"
}
[1783513380.431][INFO]: Waiting for pending navigations...
[1783513380.432][INFO]: Done waiting for pending navigations. Status: ok
[1783513380.436][INFO]: Waiting for pending navigations...
[1783513380.437][INFO]: Done waiting for pending navigations. Status: ok
[1783513380.437][INFO]: [8efdbb22e63138c8342c133790a7028c] RESPONSE ExecuteScript "https://rukminim2.flixcart.com/image/612/612/xif0q/mug/6/1/c/coffee-can-glass-sipper-tumbler-with-lid-straw-green-tea-fruit-original-imahzn3smgjpy7cn.jpeg?q=70"
[1783513380.438][INFO]: [8efdbb22e63138c8342c133790a7028c] COMMAND FindChildElement {
   "id": "f.49D49945748C2EC068872BC92F3619EA.d.1FA0012362CDD3C62DB479648FDB025A.e.3107",
   "using": "xpath",
   "value": ".//span[@class='PvbNMB']"
}
[1783513380.438][INFO]: Waiting for pending navigations...
[1783513380.439][INFO]: Done waiting for pending navigations. Status: ok
[1783513380.446][INFO]: Waiting for pending navigations...
[1783513380.447][INFO]: Done waiting for pending navigations. Status: ok
[1783513380.447][INFO]: [8efdbb22e63138c8342c133790a7028c] RESPONSE FindChildElement {
   "element-6066-11e4-a52e-4f735466cecf": "f.49D49945748C2EC068872BC92F3619EA.d.1FA0012362CDD3C62DB479648FDB025A.e.3147"
}
[1783513380.448][INFO]: [8efdbb22e63138c8342c133790a7028c] COMMAND GetElementText {
   "id": "f.49D49945748C2EC068872BC92F3619EA.d.1FA0012362CDD3C62DB479648FDB025A.e.3147"
}
[1783513380.448][INFO]: Waiting for pending navigations...
[1783513380.449][INFO]: Done waiting for pending navigations. Status: ok
[1783513380.457][INFO]: Waiting for pending navigations...
[1783513380.457][INFO]: Done waiting for pending navigations. Status: ok
[1783513380.457][INFO]: [8efdbb22e63138c8342c133790a7028c] RESPONSE GetElementText "(4)"
[1783513380.459][INFO]: [8efdbb22e63138c8342c133790a7028c] COMMAND FindChildElement {
   "id": "f.49D49945748C2EC068872BC92F3619EA.d.1FA0012362CDD3C62DB479648FDB025A.e.3108",
   "using": "xpath",
   "value": ".//div[@class='lWX0_T']//img"
}
[1783513380.459][INFO]: Waiting for pending navigations...
[1783513380.459][INFO]: Done waiting for pending navigations. Status: ok
[1783513380.467][INFO]: Waiting for pending navigations...
[1783513380.468][INFO]: Done waiting for pending navigations. Status: ok
[1783513380.468][INFO]: [8efdbb22e63138c8342c133790a7028c] RESPONSE FindChildElement {
   "element-6066-11e4-a52e-4f735466cecf": "f.49D49945748C2EC068872BC92F3619EA.d.1FA0012362CDD3C62DB479648FDB025A.e.2193"
}
[1783513380.470][INFO]: [8efdbb22e63138c8342c133790a7028c] COMMAND ExecuteScript {
   "args": [ {
      "element-6066-11e4-a52e-4f735466cecf": "f.49D49945748C2EC068872BC92F3619EA.d.1FA0012362CDD3C62DB479648FDB025A.e.2193"
   }, "alt" ],
   "script": "/* getAttribute */return ((function (element, attribute) {\n    const PROPERTY_ALIASES = {\n        'class': 'className',\n        'readonly': 'readOnly',\n    };\n    const BOOLEAN_PROPERTIES = new Set([\n        'allowfullscreen',\n        'allowpaymentrequest',\n        'allowusermedia',\n        'async',\n        'autofocus',\n        'autoplay',\n        'checked',\n        'compact',\n        'complete',\n        'controls',\n        'declare',\n        'default',\n        'defaultchecked',\n        'defaultselected',\n        'defer',\n        'disabled',\n        'ended',\n        'formnovalidate',\n        'hidden',\n        'indeterminate',\n        'iscontenteditable',\n        'ismap',\n        'itemscope',\n        'loop',\n        'multiple',\n        'muted',\n        'nohref',\n        'nomodule',\n        'noresize',\n        'noshade',\n        'novalidate',\n        'nowrap',\n        'open',\n        'paused',\n        'playsinline',\n        'pubdate',\n        'readonly',\n        'required',\n        'reversed',\n        'scoped',\n        'seamless',\n        'seeking',\n        'selected',\n        'truespeed',\n        'typemustmatch',\n        'willvalidate',\n    ]);\n    function getAttribute(element, attributeName) {\n        return element.getAttribute(attributeName.toLowerCase());\n    }\n    function getProperty(element, propertyName) {\n        return element[propertyName];\n    }\n    function isElement(node, tagName) {\n        const elem = node;\n        if (!elem || elem.nodeType !== 1) {\n            return false;\n        }\n        if (!tagName) {\n            return true;\n        }\n        const normalizedTag = tagName.toUpperCase();\n        if (node instanceof HTMLFormElement) {\n            return normalizedTag === 'FORM';\n        }\n        return typeof elem.tagName === 'string' && elem.tagName.toUpperCase() === normalizedTag;\n    }\n    function isSelectable(element) {\n        if (isElement(element, 'OPTION')) {\n            return true;\n        }\n        if (isElement(element, 'INPUT')) {\n            const type = element.type.toLowerCase();\n            return type === 'checkbox' || type === 'radio';\n        }\n        return false;\n    }\n    function isSelected(element) {\n        var _a;\n        if (isElement(element, 'OPTION')) {\n            return element.selected;\n        }\n        const type = (_a = element.type) === null || _a === void 0 ? void 0 : _a.toLowerCase();\n        if (type === 'checkbox' || type === 'radio') {\n            return element.checked;\n        }\n        return false;\n    }\n    function isObject(value) {\n        return value !== null && (typeof value === 'object' || typeof value === 'function');\n    }\n    const name = attribute.toLowerCase();\n    if (name === 'style') {\n        const style = element.style;\n        if (!style) {\n            return null;\n        }\n        return typeof style === 'string' ? style : style.cssText;\n    }\n    if ((name === 'selected' || name === 'checked') && isSelectable(element)) {\n        return isSelected(element) ? 'true' : null;\n    }\n    const isLink = isElement(element, 'A');\n    const isImg = isElement(element, 'IMG');\n    if ((isImg && name === 'src') || (isLink && name === 'href')) {\n        const attrValue = getAttribute(element, name);\n        if (attrValue) {\n            return String(getProperty(element, name));\n        }\n        return attrValue;\n    }\n    if (name === 'spellcheck') {\n        const attrValue = getAttribute(element, name);\n        if (attrValue !== null) {\n            const lower = attrValue.toLowerCase();\n            if (lower === 'false') {\n                return 'false';\n            }\n            if (lower === 'true') {\n                return 'true';\n            }\n        }\n        return String(getProperty(element, name));\n    }\n    const propName = PROPERTY_ALIASES[name] || attribute;\n    if (BOOLEAN_PROPERTIES.has(name)) {\n        const hasAttr = element.getAttribute(name) !== null;\n        const propValue = getProperty(element, propName);\n        return hasAttr || !!propValue ? 'true' : null;\n    }\n    if (name === 'value' && isElement(element, 'LI')) {\n        const attrValue = element.getAttribute(name);\n        return attrValue != null ? attrValue : null;\n    }\n    let property;\n    try {\n        property = getProperty(element, propName);\n    }\n    catch (_e) {\n    }\n    if (property == null || isObject(property)) {\n        const attrValue = element.getAttribute(name);\n        return attrValue != null ? attrValue : null;\n    }\n    return property != null ? String(property) : null;\n})).apply(null, arguments);"
}
[1783513380.470][INFO]: Waiting for pending navigations...
[1783513380.471][INFO]: Done waiting for pending navigations. Status: ok
[1783513380.475][INFO]: Waiting for pending navigations...
[1783513380.476][INFO]: Done waiting for pending navigations. Status: ok
[1783513380.476][INFO]: [8efdbb22e63138c8342c133790a7028c] RESPONSE ExecuteScript "The Sanaatan Store Birthday Gift, 'S' Alphabate, Gift For Brother, Sister, Friend Ceramic Coffee Mug"
[1783513380.477][INFO]: [8efdbb22e63138c8342c133790a7028c] COMMAND FindChildElement {
   "id": "f.49D49945748C2EC068872BC92F3619EA.d.1FA0012362CDD3C62DB479648FDB025A.e.3108",
   "using": "xpath",
   "value": ".//div[@class='lWX0_T']//img"
}
[1783513380.477][INFO]: Waiting for pending navigations...
[1783513380.478][INFO]: Done waiting for pending navigations. Status: ok
[1783513380.487][INFO]: Waiting for pending navigations...
[1783513380.488][INFO]: Done waiting for pending navigations. Status: ok
[1783513380.488][INFO]: [8efdbb22e63138c8342c133790a7028c] RESPONSE FindChildElement {
   "element-6066-11e4-a52e-4f735466cecf": "f.49D49945748C2EC068872BC92F3619EA.d.1FA0012362CDD3C62DB479648FDB025A.e.2193"
}
[1783513380.490][INFO]: [8efdbb22e63138c8342c133790a7028c] COMMAND ExecuteScript {
   "args": [ {
      "element-6066-11e4-a52e-4f735466cecf": "f.49D49945748C2EC068872BC92F3619EA.d.1FA0012362CDD3C62DB479648FDB025A.e.2193"
   }, "src" ],
   "script": "/* getAttribute */return ((function (element, attribute) {\n    const PROPERTY_ALIASES = {\n        'class': 'className',\n        'readonly': 'readOnly',\n    };\n    const BOOLEAN_PROPERTIES = new Set([\n        'allowfullscreen',\n        'allowpaymentrequest',\n        'allowusermedia',\n        'async',\n        'autofocus',\n        'autoplay',\n        'checked',\n        'compact',\n        'complete',\n        'controls',\n        'declare',\n        'default',\n        'defaultchecked',\n        'defaultselected',\n        'defer',\n        'disabled',\n        'ended',\n        'formnovalidate',\n        'hidden',\n        'indeterminate',\n        'iscontenteditable',\n        'ismap',\n        'itemscope',\n        'loop',\n        'multiple',\n        'muted',\n        'nohref',\n        'nomodule',\n        'noresize',\n        'noshade',\n        'novalidate',\n        'nowrap',\n        'open',\n        'paused',\n        'playsinline',\n        'pubdate',\n        'readonly',\n        'required',\n        'reversed',\n        'scoped',\n        'seamless',\n        'seeking',\n        'selected',\n        'truespeed',\n        'typemustmatch',\n        'willvalidate',\n    ]);\n    function getAttribute(element, attributeName) {\n        return element.getAttribute(attributeName.toLowerCase());\n    }\n    function getProperty(element, propertyName) {\n        return element[propertyName];\n    }\n    function isElement(node, tagName) {\n        const elem = node;\n        if (!elem || elem.nodeType !== 1) {\n            return false;\n        }\n        if (!tagName) {\n            return true;\n        }\n        const normalizedTag = tagName.toUpperCase();\n        if (node instanceof HTMLFormElement) {\n            return normalizedTag === 'FORM';\n        }\n        return typeof elem.tagName === 'string' && elem.tagName.toUpperCase() === normalizedTag;\n    }\n    function isSelectable(element) {\n        if (isElement(element, 'OPTION')) {\n            return true;\n        }\n        if (isElement(element, 'INPUT')) {\n            const type = element.type.toLowerCase();\n            return type === 'checkbox' || type === 'radio';\n        }\n        return false;\n    }\n    function isSelected(element) {\n        var _a;\n        if (isElement(element, 'OPTION')) {\n            return element.selected;\n        }\n        const type = (_a = element.type) === null || _a === void 0 ? void 0 : _a.toLowerCase();\n        if (type === 'checkbox' || type === 'radio') {\n            return element.checked;\n        }\n        return false;\n    }\n    function isObject(value) {\n        return value !== null && (typeof value === 'object' || typeof value === 'function');\n    }\n    const name = attribute.toLowerCase();\n    if (name === 'style') {\n        const style = element.style;\n        if (!style) {\n            return null;\n        }\n        return typeof style === 'string' ? style : style.cssText;\n    }\n    if ((name === 'selected' || name === 'checked') && isSelectable(element)) {\n        return isSelected(element) ? 'true' : null;\n    }\n    const isLink = isElement(element, 'A');\n    const isImg = isElement(element, 'IMG');\n    if ((isImg && name === 'src') || (isLink && name === 'href')) {\n        const attrValue = getAttribute(element, name);\n        if (attrValue) {\n            return String(getProperty(element, name));\n        }\n        return attrValue;\n    }\n    if (name === 'spellcheck') {\n        const attrValue = getAttribute(element, name);\n        if (attrValue !== null) {\n            const lower = attrValue.toLowerCase();\n            if (lower === 'false') {\n                return 'false';\n            }\n            if (lower === 'true') {\n                return 'true';\n            }\n        }\n        return String(getProperty(element, name));\n    }\n    const propName = PROPERTY_ALIASES[name] || attribute;\n    if (BOOLEAN_PROPERTIES.has(name)) {\n        const hasAttr = element.getAttribute(name) !== null;\n        const propValue = getProperty(element, propName);\n        return hasAttr || !!propValue ? 'true' : null;\n    }\n    if (name === 'value' && isElement(element, 'LI')) {\n        const attrValue = element.getAttribute(name);\n        return attrValue != null ? attrValue : null;\n    }\n    let property;\n    try {\n        property = getProperty(element, propName);\n    }\n    catch (_e) {\n    }\n    if (property == null || isObject(property)) {\n        const attrValue = element.getAttribute(name);\n        return attrValue != null ? attrValue : null;\n    }\n    return property != null ? String(property) : null;\n})).apply(null, arguments);"
}
[1783513380.490][INFO]: Waiting for pending navigations...
[1783513380.491][INFO]: Done waiting for pending navigations. Status: ok
[1783513380.495][INFO]: Waiting for pending navigations...
[1783513380.496][INFO]: Done waiting for pending navigations. Status: ok
[1783513380.496][INFO]: [8efdbb22e63138c8342c133790a7028c] RESPONSE ExecuteScript "https://rukminim2.flixcart.com/image/612/612/xif0q/mug/c/j/c/birthday-gift-s-alphabate-mug-gift-for-brother-sister-friend-320-enriched-0-original-imahmjw4yrkvymrb.jpeg?q=70"
[1783513380.498][INFO]: [8efdbb22e63138c8342c133790a7028c] COMMAND FindChildElement {
   "id": "f.49D49945748C2EC068872BC92F3619EA.d.1FA0012362CDD3C62DB479648FDB025A.e.3108",
   "using": "xpath",
   "value": ".//span[@class='PvbNMB']"
}
[1783513380.498][INFO]: Waiting for pending navigations...
[1783513380.499][INFO]: Done waiting for pending navigations. Status: ok
[1783513380.506][INFO]: Waiting for pending navigations...
[1783513380.507][INFO]: Done waiting for pending navigations. Status: ok
[1783513380.507][INFO]: [8efdbb22e63138c8342c133790a7028c] RESPONSE FindChildElement {
   "element-6066-11e4-a52e-4f735466cecf": "f.49D49945748C2EC068872BC92F3619EA.d.1FA0012362CDD3C62DB479648FDB025A.e.3148"
}
[1783513380.508][INFO]: [8efdbb22e63138c8342c133790a7028c] COMMAND GetElementText {
   "id": "f.49D49945748C2EC068872BC92F3619EA.d.1FA0012362CDD3C62DB479648FDB025A.e.3148"
}
[1783513380.508][INFO]: Waiting for pending navigations...
[1783513380.509][INFO]: Done waiting for pending navigations. Status: ok
[1783513380.514][INFO]: Waiting for pending navigations...
[1783513380.514][INFO]: Done waiting for pending navigations. Status: ok
[1783513380.514][INFO]: [8efdbb22e63138c8342c133790a7028c] RESPONSE GetElementText "(1,098)"
[1783513380.516][INFO]: [8efdbb22e63138c8342c133790a7028c] COMMAND FindChildElement {
   "id": "f.49D49945748C2EC068872BC92F3619EA.d.1FA0012362CDD3C62DB479648FDB025A.e.3109",
   "using": "xpath",
   "value": ".//div[@class='lWX0_T']//img"
}
[1783513380.516][INFO]: Waiting for pending navigations...
[1783513380.517][INFO]: Done waiting for pending navigations. Status: ok
[1783513380.524][INFO]: Waiting for pending navigations...
[1783513380.524][INFO]: Done waiting for pending navigations. Status: ok
[1783513380.524][INFO]: [8efdbb22e63138c8342c133790a7028c] RESPONSE FindChildElement {
   "element-6066-11e4-a52e-4f735466cecf": "f.49D49945748C2EC068872BC92F3619EA.d.1FA0012362CDD3C62DB479648FDB025A.e.2287"
}
[1783513380.526][INFO]: [8efdbb22e63138c8342c133790a7028c] COMMAND ExecuteScript {
   "args": [ {
      "element-6066-11e4-a52e-4f735466cecf": "f.49D49945748C2EC068872BC92F3619EA.d.1FA0012362CDD3C62DB479648FDB025A.e.2287"
   }, "alt" ],
   "script": "/* getAttribute */return ((function (element, attribute) {\n    const PROPERTY_ALIASES = {\n        'class': 'className',\n        'readonly': 'readOnly',\n    };\n    const BOOLEAN_PROPERTIES = new Set([\n        'allowfullscreen',\n        'allowpaymentrequest',\n        'allowusermedia',\n        'async',\n        'autofocus',\n        'autoplay',\n        'checked',\n        'compact',\n        'complete',\n        'controls',\n        'declare',\n        'default',\n        'defaultchecked',\n        'defaultselected',\n        'defer',\n        'disabled',\n        'ended',\n        'formnovalidate',\n        'hidden',\n        'indeterminate',\n        'iscontenteditable',\n        'ismap',\n        'itemscope',\n        'loop',\n        'multiple',\n        'muted',\n        'nohref',\n        'nomodule',\n        'noresize',\n        'noshade',\n        'novalidate',\n        'nowrap',\n        'open',\n        'paused',\n        'playsinline',\n        'pubdate',\n        'readonly',\n        'required',\n        'reversed',\n        'scoped',\n        'seamless',\n        'seeking',\n        'selected',\n        'truespeed',\n        'typemustmatch',\n        'willvalidate',\n    ]);\n    function getAttribute(element, attributeName) {\n        return element.getAttribute(attributeName.toLowerCase());\n    }\n    function getProperty(element, propertyName) {\n        return element[propertyName];\n    }\n    function isElement(node, tagName) {\n        const elem = node;\n        if (!elem || elem.nodeType !== 1) {\n            return false;\n        }\n        if (!tagName) {\n            return true;\n        }\n        const normalizedTag = tagName.toUpperCase();\n        if (node instanceof HTMLFormElement) {\n            return normalizedTag === 'FORM';\n        }\n        return typeof elem.tagName === 'string' && elem.tagName.toUpperCase() === normalizedTag;\n    }\n    function isSelectable(element) {\n        if (isElement(element, 'OPTION')) {\n            return true;\n        }\n        if (isElement(element, 'INPUT')) {\n            const type = element.type.toLowerCase();\n            return type === 'checkbox' || type === 'radio';\n        }\n        return false;\n    }\n    function isSelected(element) {\n        var _a;\n        if (isElement(element, 'OPTION')) {\n            return element.selected;\n        }\n        const type = (_a = element.type) === null || _a === void 0 ? void 0 : _a.toLowerCase();\n        if (type === 'checkbox' || type === 'radio') {\n            return element.checked;\n        }\n        return false;\n    }\n    function isObject(value) {\n        return value !== null && (typeof value === 'object' || typeof value === 'function');\n    }\n    const name = attribute.toLowerCase();\n    if (name === 'style') {\n        const style = element.style;\n        if (!style) {\n            return null;\n        }\n        return typeof style === 'string' ? style : style.cssText;\n    }\n    if ((name === 'selected' || name === 'checked') && isSelectable(element)) {\n        return isSelected(element) ? 'true' : null;\n    }\n    const isLink = isElement(element, 'A');\n    const isImg = isElement(element, 'IMG');\n    if ((isImg && name === 'src') || (isLink && name === 'href')) {\n        const attrValue = getAttribute(element, name);\n        if (attrValue) {\n            return String(getProperty(element, name));\n        }\n        return attrValue;\n    }\n    if (name === 'spellcheck') {\n        const attrValue = getAttribute(element, name);\n        if (attrValue !== null) {\n            const lower = attrValue.toLowerCase();\n            if (lower === 'false') {\n                return 'false';\n            }\n            if (lower === 'true') {\n                return 'true';\n            }\n        }\n        return String(getProperty(element, name));\n    }\n    const propName = PROPERTY_ALIASES[name] || attribute;\n    if (BOOLEAN_PROPERTIES.has(name)) {\n        const hasAttr = element.getAttribute(name) !== null;\n        const propValue = getProperty(element, propName);\n        return hasAttr || !!propValue ? 'true' : null;\n    }\n    if (name === 'value' && isElement(element, 'LI')) {\n        const attrValue = element.getAttribute(name);\n        return attrValue != null ? attrValue : null;\n    }\n    let property;\n    try {\n        property = getProperty(element, propName);\n    }\n    catch (_e) {\n    }\n    if (property == null || isObject(property)) {\n        const attrValue = element.getAttribute(name);\n        return attrValue != null ? attrValue : null;\n    }\n    return property != null ? String(property) : null;\n})).apply(null, arguments);"
}
[1783513380.526][INFO]: Waiting for pending navigations...
[1783513380.527][INFO]: Done waiting for pending navigations. Status: ok
[1783513380.530][INFO]: Waiting for pending navigations...
[1783513380.530][INFO]: Done waiting for pending navigations. Status: ok
[1783513380.530][INFO]: [8efdbb22e63138c8342c133790a7028c] RESPONSE ExecuteScript "UPC Fine Ceramics / Milks / Tea Cups Bone China Coffee Mug"
[1783513380.532][INFO]: [8efdbb22e63138c8342c133790a7028c] COMMAND FindChildElement {
   "id": "f.49D49945748C2EC068872BC92F3619EA.d.1FA0012362CDD3C62DB479648FDB025A.e.3109",
   "using": "xpath",
   "value": ".//div[@class='lWX0_T']//img"
}
[1783513380.532][INFO]: Waiting for pending navigations...
[1783513380.532][INFO]: Done waiting for pending navigations. Status: ok
[1783513380.540][INFO]: Waiting for pending navigations...
[1783513380.541][INFO]: Done waiting for pending navigations. Status: ok
[1783513380.541][INFO]: [8efdbb22e63138c8342c133790a7028c] RESPONSE FindChildElement {
   "element-6066-11e4-a52e-4f735466cecf": "f.49D49945748C2EC068872BC92F3619EA.d.1FA0012362CDD3C62DB479648FDB025A.e.2287"
}
[1783513380.543][INFO]: [8efdbb22e63138c8342c133790a7028c] COMMAND ExecuteScript {
   "args": [ {
      "element-6066-11e4-a52e-4f735466cecf": "f.49D49945748C2EC068872BC92F3619EA.d.1FA0012362CDD3C62DB479648FDB025A.e.2287"
   }, "src" ],
   "script": "/* getAttribute */return ((function (element, attribute) {\n    const PROPERTY_ALIASES = {\n        'class': 'className',\n        'readonly': 'readOnly',\n    };\n    const BOOLEAN_PROPERTIES = new Set([\n        'allowfullscreen',\n        'allowpaymentrequest',\n        'allowusermedia',\n        'async',\n        'autofocus',\n        'autoplay',\n        'checked',\n        'compact',\n        'complete',\n        'controls',\n        'declare',\n        'default',\n        'defaultchecked',\n        'defaultselected',\n        'defer',\n        'disabled',\n        'ended',\n        'formnovalidate',\n        'hidden',\n        'indeterminate',\n        'iscontenteditable',\n        'ismap',\n        'itemscope',\n        'loop',\n        'multiple',\n        'muted',\n        'nohref',\n        'nomodule',\n        'noresize',\n        'noshade',\n        'novalidate',\n        'nowrap',\n        'open',\n        'paused',\n        'playsinline',\n        'pubdate',\n        'readonly',\n        'required',\n        'reversed',\n        'scoped',\n        'seamless',\n        'seeking',\n        'selected',\n        'truespeed',\n        'typemustmatch',\n        'willvalidate',\n    ]);\n    function getAttribute(element, attributeName) {\n        return element.getAttribute(attributeName.toLowerCase());\n    }\n    function getProperty(element, propertyName) {\n        return element[propertyName];\n    }\n    function isElement(node, tagName) {\n        const elem = node;\n        if (!elem || elem.nodeType !== 1) {\n            return false;\n        }\n        if (!tagName) {\n            return true;\n        }\n        const normalizedTag = tagName.toUpperCase();\n        if (node instanceof HTMLFormElement) {\n            return normalizedTag === 'FORM';\n        }\n        return typeof elem.tagName === 'string' && elem.tagName.toUpperCase() === normalizedTag;\n    }\n    function isSelectable(element) {\n        if (isElement(element, 'OPTION')) {\n            return true;\n        }\n        if (isElement(element, 'INPUT')) {\n            const type = element.type.toLowerCase();\n            return type === 'checkbox' || type === 'radio';\n        }\n        return false;\n    }\n    function isSelected(element) {\n        var _a;\n        if (isElement(element, 'OPTION')) {\n            return element.selected;\n        }\n        const type = (_a = element.type) === null || _a === void 0 ? void 0 : _a.toLowerCase();\n        if (type === 'checkbox' || type === 'radio') {\n            return element.checked;\n        }\n        return false;\n    }\n    function isObject(value) {\n        return value !== null && (typeof value === 'object' || typeof value === 'function');\n    }\n    const name = attribute.toLowerCase();\n    if (name === 'style') {\n        const style = element.style;\n        if (!style) {\n            return null;\n        }\n        return typeof style === 'string' ? style : style.cssText;\n    }\n    if ((name === 'selected' || name === 'checked') && isSelectable(element)) {\n        return isSelected(element) ? 'true' : null;\n    }\n    const isLink = isElement(element, 'A');\n    const isImg = isElement(element, 'IMG');\n    if ((isImg && name === 'src') || (isLink && name === 'href')) {\n        const attrValue = getAttribute(element, name);\n        if (attrValue) {\n            return String(getProperty(element, name));\n        }\n        return attrValue;\n    }\n    if (name === 'spellcheck') {\n        const attrValue = getAttribute(element, name);\n        if (attrValue !== null) {\n            const lower = attrValue.toLowerCase();\n            if (lower === 'false') {\n                return 'false';\n            }\n            if (lower === 'true') {\n                return 'true';\n            }\n        }\n        return String(getProperty(element, name));\n    }\n    const propName = PROPERTY_ALIASES[name] || attribute;\n    if (BOOLEAN_PROPERTIES.has(name)) {\n        const hasAttr = element.getAttribute(name) !== null;\n        const propValue = getProperty(element, propName);\n        return hasAttr || !!propValue ? 'true' : null;\n    }\n    if (name === 'value' && isElement(element, 'LI')) {\n        const attrValue = element.getAttribute(name);\n        return attrValue != null ? attrValue : null;\n    }\n    let property;\n    try {\n        property = getProperty(element, propName);\n    }\n    catch (_e) {\n    }\n    if (property == null || isObject(property)) {\n        const attrValue = element.getAttribute(name);\n        return attrValue != null ? attrValue : null;\n    }\n    return property != null ? String(property) : null;\n})).apply(null, arguments);"
}
[1783513380.543][INFO]: Waiting for pending navigations...
[1783513380.544][INFO]: Done waiting for pending navigations. Status: ok
[1783513380.548][INFO]: Waiting for pending navigations...
[1783513380.548][INFO]: Done waiting for pending navigations. Status: ok
[1783513380.548][INFO]: [8efdbb22e63138c8342c133790a7028c] RESPONSE ExecuteScript "https://rukminim2.flixcart.com/image/612/612/xif0q/mug/y/f/3/fine-bone-china-ceramics-coffee-mugs-milk-mugs-tea-cups-set-of-6-original-imahz8s4gfadebp2.jpeg?q=70"
[1783513380.550][INFO]: [8efdbb22e63138c8342c133790a7028c] COMMAND FindChildElement {
   "id": "f.49D49945748C2EC068872BC92F3619EA.d.1FA0012362CDD3C62DB479648FDB025A.e.3109",
   "using": "xpath",
   "value": ".//span[@class='PvbNMB']"
}
[1783513380.550][INFO]: Waiting for pending navigations...
[1783513380.550][INFO]: Done waiting for pending navigations. Status: ok
[1783513380.558][INFO]: Waiting for pending navigations...
[1783513380.558][INFO]: Done waiting for pending navigations. Status: ok
[1783513380.558][INFO]: [8efdbb22e63138c8342c133790a7028c] RESPONSE FindChildElement {
   "element-6066-11e4-a52e-4f735466cecf": "f.49D49945748C2EC068872BC92F3619EA.d.1FA0012362CDD3C62DB479648FDB025A.e.3149"
}
[1783513380.559][INFO]: [8efdbb22e63138c8342c133790a7028c] COMMAND GetElementText {
   "id": "f.49D49945748C2EC068872BC92F3619EA.d.1FA0012362CDD3C62DB479648FDB025A.e.3149"
}
[1783513380.560][INFO]: Waiting for pending navigations...
[1783513380.560][INFO]: Done waiting for pending navigations. Status: ok
[1783513380.568][INFO]: Waiting for pending navigations...
[1783513380.569][INFO]: Done waiting for pending navigations. Status: ok
[1783513380.569][INFO]: [8efdbb22e63138c8342c133790a7028c] RESPONSE GetElementText "(518)"
[1783513380.570][INFO]: [8efdbb22e63138c8342c133790a7028c] COMMAND FindChildElement {
   "id": "f.49D49945748C2EC068872BC92F3619EA.d.1FA0012362CDD3C62DB479648FDB025A.e.3110",
   "using": "xpath",
   "value": ".//div[@class='lWX0_T']//img"
}
[1783513380.570][INFO]: Waiting for pending navigations...
[1783513380.571][INFO]: Done waiting for pending navigations. Status: ok
[1783513380.578][INFO]: Waiting for pending navigations...
[1783513380.579][INFO]: Done waiting for pending navigations. Status: ok
[1783513380.579][INFO]: [8efdbb22e63138c8342c133790a7028c] RESPONSE FindChildElement {
   "element-6066-11e4-a52e-4f735466cecf": "f.49D49945748C2EC068872BC92F3619EA.d.1FA0012362CDD3C62DB479648FDB025A.e.2288"
}
[1783513380.580][INFO]: [8efdbb22e63138c8342c133790a7028c] COMMAND ExecuteScript {
   "args": [ {
      "element-6066-11e4-a52e-4f735466cecf": "f.49D49945748C2EC068872BC92F3619EA.d.1FA0012362CDD3C62DB479648FDB025A.e.2288"
   }, "alt" ],
   "script": "/* getAttribute */return ((function (element, attribute) {\n    const PROPERTY_ALIASES = {\n        'class': 'className',\n        'readonly': 'readOnly',\n    };\n    const BOOLEAN_PROPERTIES = new Set([\n        'allowfullscreen',\n        'allowpaymentrequest',\n        'allowusermedia',\n        'async',\n        'autofocus',\n        'autoplay',\n        'checked',\n        'compact',\n        'complete',\n        'controls',\n        'declare',\n        'default',\n        'defaultchecked',\n        'defaultselected',\n        'defer',\n        'disabled',\n        'ended',\n        'formnovalidate',\n        'hidden',\n        'indeterminate',\n        'iscontenteditable',\n        'ismap',\n        'itemscope',\n        'loop',\n        'multiple',\n        'muted',\n        'nohref',\n        'nomodule',\n        'noresize',\n        'noshade',\n        'novalidate',\n        'nowrap',\n        'open',\n        'paused',\n        'playsinline',\n        'pubdate',\n        'readonly',\n        'required',\n        'reversed',\n        'scoped',\n        'seamless',\n        'seeking',\n        'selected',\n        'truespeed',\n        'typemustmatch',\n        'willvalidate',\n    ]);\n    function getAttribute(element, attributeName) {\n        return element.getAttribute(attributeName.toLowerCase());\n    }\n    function getProperty(element, propertyName) {\n        return element[propertyName];\n    }\n    function isElement(node, tagName) {\n        const elem = node;\n        if (!elem || elem.nodeType !== 1) {\n            return false;\n        }\n        if (!tagName) {\n            return true;\n        }\n        const normalizedTag = tagName.toUpperCase();\n        if (node instanceof HTMLFormElement) {\n            return normalizedTag === 'FORM';\n        }\n        return typeof elem.tagName === 'string' && elem.tagName.toUpperCase() === normalizedTag;\n    }\n    function isSelectable(element) {\n        if (isElement(element, 'OPTION')) {\n            return true;\n        }\n        if (isElement(element, 'INPUT')) {\n            const type = element.type.toLowerCase();\n            return type === 'checkbox' || type === 'radio';\n        }\n        return false;\n    }\n    function isSelected(element) {\n        var _a;\n        if (isElement(element, 'OPTION')) {\n            return element.selected;\n        }\n        const type = (_a = element.type) === null || _a === void 0 ? void 0 : _a.toLowerCase();\n        if (type === 'checkbox' || type === 'radio') {\n            return element.checked;\n        }\n        return false;\n    }\n    function isObject(value) {\n        return value !== null && (typeof value === 'object' || typeof value === 'function');\n    }\n    const name = attribute.toLowerCase();\n    if (name === 'style') {\n        const style = element.style;\n        if (!style) {\n            return null;\n        }\n        return typeof style === 'string' ? style : style.cssText;\n    }\n    if ((name === 'selected' || name === 'checked') && isSelectable(element)) {\n        return isSelected(element) ? 'true' : null;\n    }\n    const isLink = isElement(element, 'A');\n    const isImg = isElement(element, 'IMG');\n    if ((isImg && name === 'src') || (isLink && name === 'href')) {\n        const attrValue = getAttribute(element, name);\n        if (attrValue) {\n            return String(getProperty(element, name));\n        }\n        return attrValue;\n    }\n    if (name === 'spellcheck') {\n        const attrValue = getAttribute(element, name);\n        if (attrValue !== null) {\n            const lower = attrValue.toLowerCase();\n            if (lower === 'false') {\n                return 'false';\n            }\n            if (lower === 'true') {\n                return 'true';\n            }\n        }\n        return String(getProperty(element, name));\n    }\n    const propName = PROPERTY_ALIASES[name] || attribute;\n    if (BOOLEAN_PROPERTIES.has(name)) {\n        const hasAttr = element.getAttribute(name) !== null;\n        const propValue = getProperty(element, propName);\n        return hasAttr || !!propValue ? 'true' : null;\n    }\n    if (name === 'value' && isElement(element, 'LI')) {\n        const attrValue = element.getAttribute(name);\n        return attrValue != null ? attrValue : null;\n    }\n    let property;\n    try {\n        property = getProperty(element, propName);\n    }\n    catch (_e) {\n    }\n    if (property == null || isObject(property)) {\n        const attrValue = element.getAttribute(name);\n        return attrValue != null ? attrValue : null;\n    }\n    return property != null ? String(property) : null;\n})).apply(null, arguments);"
}
[1783513380.580][INFO]: Waiting for pending navigations...
[1783513380.581][INFO]: Done waiting for pending navigations. Status: ok
[1783513380.585][INFO]: Waiting for pending navigations...
[1783513380.586][INFO]: Done waiting for pending navigations. Status: ok
[1783513380.586][INFO]: [8efdbb22e63138c8342c133790a7028c] RESPONSE ExecuteScript "Valenza Gifts Anniversary Couple Coffee Cup with Matching Keychain Ceramic Coffee Mug"
[1783513380.587][INFO]: [8efdbb22e63138c8342c133790a7028c] COMMAND FindChildElement {
   "id": "f.49D49945748C2EC068872BC92F3619EA.d.1FA0012362CDD3C62DB479648FDB025A.e.3110",
   "using": "xpath",
   "value": ".//div[@class='lWX0_T']//img"
}
[1783513380.587][INFO]: Waiting for pending navigations...
[1783513380.588][INFO]: Done waiting for pending navigations. Status: ok
[1783513380.594][INFO]: Waiting for pending navigations...
[1783513380.594][INFO]: Done waiting for pending navigations. Status: ok
[1783513380.594][INFO]: [8efdbb22e63138c8342c133790a7028c] RESPONSE FindChildElement {
   "element-6066-11e4-a52e-4f735466cecf": "f.49D49945748C2EC068872BC92F3619EA.d.1FA0012362CDD3C62DB479648FDB025A.e.2288"
}
[1783513380.597][INFO]: [8efdbb22e63138c8342c133790a7028c] COMMAND ExecuteScript {
   "args": [ {
      "element-6066-11e4-a52e-4f735466cecf": "f.49D49945748C2EC068872BC92F3619EA.d.1FA0012362CDD3C62DB479648FDB025A.e.2288"
   }, "src" ],
   "script": "/* getAttribute */return ((function (element, attribute) {\n    const PROPERTY_ALIASES = {\n        'class': 'className',\n        'readonly': 'readOnly',\n    };\n    const BOOLEAN_PROPERTIES = new Set([\n        'allowfullscreen',\n        'allowpaymentrequest',\n        'allowusermedia',\n        'async',\n        'autofocus',\n        'autoplay',\n        'checked',\n        'compact',\n        'complete',\n        'controls',\n        'declare',\n        'default',\n        'defaultchecked',\n        'defaultselected',\n        'defer',\n        'disabled',\n        'ended',\n        'formnovalidate',\n        'hidden',\n        'indeterminate',\n        'iscontenteditable',\n        'ismap',\n        'itemscope',\n        'loop',\n        'multiple',\n        'muted',\n        'nohref',\n        'nomodule',\n        'noresize',\n        'noshade',\n        'novalidate',\n        'nowrap',\n        'open',\n        'paused',\n        'playsinline',\n        'pubdate',\n        'readonly',\n        'required',\n        'reversed',\n        'scoped',\n        'seamless',\n        'seeking',\n        'selected',\n        'truespeed',\n        'typemustmatch',\n        'willvalidate',\n    ]);\n    function getAttribute(element, attributeName) {\n        return element.getAttribute(attributeName.toLowerCase());\n    }\n    function getProperty(element, propertyName) {\n        return element[propertyName];\n    }\n    function isElement(node, tagName) {\n        const elem = node;\n        if (!elem || elem.nodeType !== 1) {\n            return false;\n        }\n        if (!tagName) {\n            return true;\n        }\n        const normalizedTag = tagName.toUpperCase();\n        if (node instanceof HTMLFormElement) {\n            return normalizedTag === 'FORM';\n        }\n        return typeof elem.tagName === 'string' && elem.tagName.toUpperCase() === normalizedTag;\n    }\n    function isSelectable(element) {\n        if (isElement(element, 'OPTION')) {\n            return true;\n        }\n        if (isElement(element, 'INPUT')) {\n            const type = element.type.toLowerCase();\n            return type === 'checkbox' || type === 'radio';\n        }\n        return false;\n    }\n    function isSelected(element) {\n        var _a;\n        if (isElement(element, 'OPTION')) {\n            return element.selected;\n        }\n        const type = (_a = element.type) === null || _a === void 0 ? void 0 : _a.toLowerCase();\n        if (type === 'checkbox' || type === 'radio') {\n            return element.checked;\n        }\n        return false;\n    }\n    function isObject(value) {\n        return value !== null && (typeof value === 'object' || typeof value === 'function');\n    }\n    const name = attribute.toLowerCase();\n    if (name === 'style') {\n        const style = element.style;\n        if (!style) {\n            return null;\n        }\n        return typeof style === 'string' ? style : style.cssText;\n    }\n    if ((name === 'selected' || name === 'checked') && isSelectable(element)) {\n        return isSelected(element) ? 'true' : null;\n    }\n    const isLink = isElement(element, 'A');\n    const isImg = isElement(element, 'IMG');\n    if ((isImg && name === 'src') || (isLink && name === 'href')) {\n        const attrValue = getAttribute(element, name);\n        if (attrValue) {\n            return String(getProperty(element, name));\n        }\n        return attrValue;\n    }\n    if (name === 'spellcheck') {\n        const attrValue = getAttribute(element, name);\n        if (attrValue !== null) {\n            const lower = attrValue.toLowerCase();\n            if (lower === 'false') {\n                return 'false';\n            }\n            if (lower === 'true') {\n                return 'true';\n            }\n        }\n        return String(getProperty(element, name));\n    }\n    const propName = PROPERTY_ALIASES[name] || attribute;\n    if (BOOLEAN_PROPERTIES.has(name)) {\n        const hasAttr = element.getAttribute(name) !== null;\n        const propValue = getProperty(element, propName);\n        return hasAttr || !!propValue ? 'true' : null;\n    }\n    if (name === 'value' && isElement(element, 'LI')) {\n        const attrValue = element.getAttribute(name);\n        return attrValue != null ? attrValue : null;\n    }\n    let property;\n    try {\n        property = getProperty(element, propName);\n    }\n    catch (_e) {\n    }\n    if (property == null || isObject(property)) {\n        const attrValue = element.getAttribute(name);\n        return attrValue != null ? attrValue : null;\n    }\n    return property != null ? String(property) : null;\n})).apply(null, arguments);"
}
[1783513380.597][INFO]: Waiting for pending navigations...
[1783513380.598][INFO]: Done waiting for pending navigations. Status: ok
[1783513380.603][INFO]: Waiting for pending navigations...
[1783513380.604][INFO]: Done waiting for pending navigations. Status: ok
[1783513380.604][INFO]: [8efdbb22e63138c8342c133790a7028c] RESPONSE ExecuteScript "https://rukminim2.flixcart.com/image/612/612/xif0q/mug/j/t/k/anniversary-couple-coffee-cup-with-matching-keychain-350-2-original-imahgqyvzdzggczm.jpeg?q=70"
[1783513380.605][INFO]: [8efdbb22e63138c8342c133790a7028c] COMMAND FindChildElement {
   "id": "f.49D49945748C2EC068872BC92F3619EA.d.1FA0012362CDD3C62DB479648FDB025A.e.3110",
   "using": "xpath",
   "value": ".//span[@class='PvbNMB']"
}
[1783513380.605][INFO]: Waiting for pending navigations...
[1783513380.606][INFO]: Done waiting for pending navigations. Status: ok
[1783513380.614][INFO]: Waiting for pending navigations...
[1783513380.615][INFO]: Done waiting for pending navigations. Status: ok
[1783513380.615][INFO]: [8efdbb22e63138c8342c133790a7028c] RESPONSE FindChildElement {
   "element-6066-11e4-a52e-4f735466cecf": "f.49D49945748C2EC068872BC92F3619EA.d.1FA0012362CDD3C62DB479648FDB025A.e.3150"
}
[1783513380.617][INFO]: [8efdbb22e63138c8342c133790a7028c] COMMAND GetElementText {
   "id": "f.49D49945748C2EC068872BC92F3619EA.d.1FA0012362CDD3C62DB479648FDB025A.e.3150"
}
[1783513380.617][INFO]: Waiting for pending navigations...
[1783513380.618][INFO]: Done waiting for pending navigations. Status: ok
[1783513380.628][INFO]: Waiting for pending navigations...
[1783513380.629][INFO]: Done waiting for pending navigations. Status: ok
[1783513380.629][INFO]: [8efdbb22e63138c8342c133790a7028c] RESPONSE GetElementText "(14)"
[1783513380.631][INFO]: [8efdbb22e63138c8342c133790a7028c] COMMAND FindChildElement {
   "id": "f.49D49945748C2EC068872BC92F3619EA.d.1FA0012362CDD3C62DB479648FDB025A.e.3111",
   "using": "xpath",
   "value": ".//div[@class='lWX0_T']//img"
}
[1783513380.631][INFO]: Waiting for pending navigations...
[1783513380.632][INFO]: Done waiting for pending navigations. Status: ok
[1783513380.640][INFO]: Waiting for pending navigations...
[1783513380.641][INFO]: Done waiting for pending navigations. Status: ok
[1783513380.641][INFO]: [8efdbb22e63138c8342c133790a7028c] RESPONSE FindChildElement {
   "element-6066-11e4-a52e-4f735466cecf": "f.49D49945748C2EC068872BC92F3619EA.d.1FA0012362CDD3C62DB479648FDB025A.e.2198"
}
[1783513380.643][INFO]: [8efdbb22e63138c8342c133790a7028c] COMMAND ExecuteScript {
   "args": [ {
      "element-6066-11e4-a52e-4f735466cecf": "f.49D49945748C2EC068872BC92F3619EA.d.1FA0012362CDD3C62DB479648FDB025A.e.2198"
   }, "alt" ],
   "script": "/* getAttribute */return ((function (element, attribute) {\n    const PROPERTY_ALIASES = {\n        'class': 'className',\n        'readonly': 'readOnly',\n    };\n    const BOOLEAN_PROPERTIES = new Set([\n        'allowfullscreen',\n        'allowpaymentrequest',\n        'allowusermedia',\n        'async',\n        'autofocus',\n        'autoplay',\n        'checked',\n        'compact',\n        'complete',\n        'controls',\n        'declare',\n        'default',\n        'defaultchecked',\n        'defaultselected',\n        'defer',\n        'disabled',\n        'ended',\n        'formnovalidate',\n        'hidden',\n        'indeterminate',\n        'iscontenteditable',\n        'ismap',\n        'itemscope',\n        'loop',\n        'multiple',\n        'muted',\n        'nohref',\n        'nomodule',\n        'noresize',\n        'noshade',\n        'novalidate',\n        'nowrap',\n        'open',\n        'paused',\n        'playsinline',\n        'pubdate',\n        'readonly',\n        'required',\n        'reversed',\n        'scoped',\n        'seamless',\n        'seeking',\n        'selected',\n        'truespeed',\n        'typemustmatch',\n        'willvalidate',\n    ]);\n    function getAttribute(element, attributeName) {\n        return element.getAttribute(attributeName.toLowerCase());\n    }\n    function getProperty(element, propertyName) {\n        return element[propertyName];\n    }\n    function isElement(node, tagName) {\n        const elem = node;\n        if (!elem || elem.nodeType !== 1) {\n            return false;\n        }\n        if (!tagName) {\n            return true;\n        }\n        const normalizedTag = tagName.toUpperCase();\n        if (node instanceof HTMLFormElement) {\n            return normalizedTag === 'FORM';\n        }\n        return typeof elem.tagName === 'string' && elem.tagName.toUpperCase() === normalizedTag;\n    }\n    function isSelectable(element) {\n        if (isElement(element, 'OPTION')) {\n            return true;\n        }\n        if (isElement(element, 'INPUT')) {\n            const type = element.type.toLowerCase();\n            return type === 'checkbox' || type === 'radio';\n        }\n        return false;\n    }\n    function isSelected(element) {\n        var _a;\n        if (isElement(element, 'OPTION')) {\n            return element.selected;\n        }\n        const type = (_a = element.type) === null || _a === void 0 ? void 0 : _a.toLowerCase();\n        if (type === 'checkbox' || type === 'radio') {\n            return element.checked;\n        }\n        return false;\n    }\n    function isObject(value) {\n        return value !== null && (typeof value === 'object' || typeof value === 'function');\n    }\n    const name = attribute.toLowerCase();\n    if (name === 'style') {\n        const style = element.style;\n        if (!style) {\n            return null;\n        }\n        return typeof style === 'string' ? style : style.cssText;\n    }\n    if ((name === 'selected' || name === 'checked') && isSelectable(element)) {\n        return isSelected(element) ? 'true' : null;\n    }\n    const isLink = isElement(element, 'A');\n    const isImg = isElement(element, 'IMG');\n    if ((isImg && name === 'src') || (isLink && name === 'href')) {\n        const attrValue = getAttribute(element, name);\n        if (attrValue) {\n            return String(getProperty(element, name));\n        }\n        return attrValue;\n    }\n    if (name === 'spellcheck') {\n        const attrValue = getAttribute(element, name);\n        if (attrValue !== null) {\n            const lower = attrValue.toLowerCase();\n            if (lower === 'false') {\n                return 'false';\n            }\n            if (lower === 'true') {\n                return 'true';\n            }\n        }\n        return String(getProperty(element, name));\n    }\n    const propName = PROPERTY_ALIASES[name] || attribute;\n    if (BOOLEAN_PROPERTIES.has(name)) {\n        const hasAttr = element.getAttribute(name) !== null;\n        const propValue = getProperty(element, propName);\n        return hasAttr || !!propValue ? 'true' : null;\n    }\n    if (name === 'value' && isElement(element, 'LI')) {\n        const attrValue = element.getAttribute(name);\n        return attrValue != null ? attrValue : null;\n    }\n    let property;\n    try {\n        property = getProperty(element, propName);\n    }\n    catch (_e) {\n    }\n    if (property == null || isObject(property)) {\n        const attrValue = element.getAttribute(name);\n        return attrValue != null ? attrValue : null;\n    }\n    return property != null ? String(property) : null;\n})).apply(null, arguments);"
}
[1783513380.643][INFO]: Waiting for pending navigations...
[1783513380.644][INFO]: Done waiting for pending navigations. Status: ok
[1783513380.649][INFO]: Waiting for pending navigations...
[1783513380.649][INFO]: Done waiting for pending navigations. Status: ok
[1783513380.649][INFO]: [8efdbb22e63138c8342c133790a7028c] RESPONSE ExecuteScript "The Sanaatan Store Birthday Gift, 'A' Alphabate, Gift For Brother, Sister, Friend Ceramic Coffee Mug"
[1783513380.651][INFO]: [8efdbb22e63138c8342c133790a7028c] COMMAND FindChildElement {
   "id": "f.49D49945748C2EC068872BC92F3619EA.d.1FA0012362CDD3C62DB479648FDB025A.e.3111",
   "using": "xpath",
   "value": ".//div[@class='lWX0_T']//img"
}
[1783513380.651][INFO]: Waiting for pending navigations...
[1783513380.652][INFO]: Done waiting for pending navigations. Status: ok
[1783513380.660][INFO]: Waiting for pending navigations...
[1783513380.661][INFO]: Done waiting for pending navigations. Status: ok
[1783513380.661][INFO]: [8efdbb22e63138c8342c133790a7028c] RESPONSE FindChildElement {
   "element-6066-11e4-a52e-4f735466cecf": "f.49D49945748C2EC068872BC92F3619EA.d.1FA0012362CDD3C62DB479648FDB025A.e.2198"
}
[1783513380.663][INFO]: [8efdbb22e63138c8342c133790a7028c] COMMAND ExecuteScript {
   "args": [ {
      "element-6066-11e4-a52e-4f735466cecf": "f.49D49945748C2EC068872BC92F3619EA.d.1FA0012362CDD3C62DB479648FDB025A.e.2198"
   }, "src" ],
   "script": "/* getAttribute */return ((function (element, attribute) {\n    const PROPERTY_ALIASES = {\n        'class': 'className',\n        'readonly': 'readOnly',\n    };\n    const BOOLEAN_PROPERTIES = new Set([\n        'allowfullscreen',\n        'allowpaymentrequest',\n        'allowusermedia',\n        'async',\n        'autofocus',\n        'autoplay',\n        'checked',\n        'compact',\n        'complete',\n        'controls',\n        'declare',\n        'default',\n        'defaultchecked',\n        'defaultselected',\n        'defer',\n        'disabled',\n        'ended',\n        'formnovalidate',\n        'hidden',\n        'indeterminate',\n        'iscontenteditable',\n        'ismap',\n        'itemscope',\n        'loop',\n        'multiple',\n        'muted',\n        'nohref',\n        'nomodule',\n        'noresize',\n        'noshade',\n        'novalidate',\n        'nowrap',\n        'open',\n        'paused',\n        'playsinline',\n        'pubdate',\n        'readonly',\n        'required',\n        'reversed',\n        'scoped',\n        'seamless',\n        'seeking',\n        'selected',\n        'truespeed',\n        'typemustmatch',\n        'willvalidate',\n    ]);\n    function getAttribute(element, attributeName) {\n        return element.getAttribute(attributeName.toLowerCase());\n    }\n    function getProperty(element, propertyName) {\n        return element[propertyName];\n    }\n    function isElement(node, tagName) {\n        const elem = node;\n        if (!elem || elem.nodeType !== 1) {\n            return false;\n        }\n        if (!tagName) {\n            return true;\n        }\n        const normalizedTag = tagName.toUpperCase();\n        if (node instanceof HTMLFormElement) {\n            return normalizedTag === 'FORM';\n        }\n        return typeof elem.tagName === 'string' && elem.tagName.toUpperCase() === normalizedTag;\n    }\n    function isSelectable(element) {\n        if (isElement(element, 'OPTION')) {\n            return true;\n        }\n        if (isElement(element, 'INPUT')) {\n            const type = element.type.toLowerCase();\n            return type === 'checkbox' || type === 'radio';\n        }\n        return false;\n    }\n    function isSelected(element) {\n        var _a;\n        if (isElement(element, 'OPTION')) {\n            return element.selected;\n        }\n        const type = (_a = element.type) === null || _a === void 0 ? void 0 : _a.toLowerCase();\n        if (type === 'checkbox' || type === 'radio') {\n            return element.checked;\n        }\n        return false;\n    }\n    function isObject(value) {\n        return value !== null && (typeof value === 'object' || typeof value === 'function');\n    }\n    const name = attribute.toLowerCase();\n    if (name === 'style') {\n        const style = element.style;\n        if (!style) {\n            return null;\n        }\n        return typeof style === 'string' ? style : style.cssText;\n    }\n    if ((name === 'selected' || name === 'checked') && isSelectable(element)) {\n        return isSelected(element) ? 'true' : null;\n    }\n    const isLink = isElement(element, 'A');\n    const isImg = isElement(element, 'IMG');\n    if ((isImg && name === 'src') || (isLink && name === 'href')) {\n        const attrValue = getAttribute(element, name);\n        if (attrValue) {\n            return String(getProperty(element, name));\n        }\n        return attrValue;\n    }\n    if (name === 'spellcheck') {\n        const attrValue = getAttribute(element, name);\n        if (attrValue !== null) {\n            const lower = attrValue.toLowerCase();\n            if (lower === 'false') {\n                return 'false';\n            }\n            if (lower === 'true') {\n                return 'true';\n            }\n        }\n        return String(getProperty(element, name));\n    }\n    const propName = PROPERTY_ALIASES[name] || attribute;\n    if (BOOLEAN_PROPERTIES.has(name)) {\n        const hasAttr = element.getAttribute(name) !== null;\n        const propValue = getProperty(element, propName);\n        return hasAttr || !!propValue ? 'true' : null;\n    }\n    if (name === 'value' && isElement(element, 'LI')) {\n        const attrValue = element.getAttribute(name);\n        return attrValue != null ? attrValue : null;\n    }\n    let property;\n    try {\n        property = getProperty(element, propName);\n    }\n    catch (_e) {\n    }\n    if (property == null || isObject(property)) {\n        const attrValue = element.getAttribute(name);\n        return attrValue != null ? attrValue : null;\n    }\n    return property != null ? String(property) : null;\n})).apply(null, arguments);"
}
[1783513380.663][INFO]: Waiting for pending navigations...
[1783513380.664][INFO]: Done waiting for pending navigations. Status: ok
[1783513380.669][INFO]: Waiting for pending navigations...
[1783513380.670][INFO]: Done waiting for pending navigations. Status: ok
[1783513380.670][INFO]: [8efdbb22e63138c8342c133790a7028c] RESPONSE ExecuteScript "https://rukminim2.flixcart.com/image/612/612/xif0q/mug/p/k/c/birthday-gift-a-alphabate-mug-gift-for-brother-sister-friend-320-enriched-0-original-imahh6xvygq9ka3y.jpeg?q=70"
[1783513380.672][INFO]: [8efdbb22e63138c8342c133790a7028c] COMMAND FindChildElement {
   "id": "f.49D49945748C2EC068872BC92F3619EA.d.1FA0012362CDD3C62DB479648FDB025A.e.3111",
   "using": "xpath",
   "value": ".//span[@class='PvbNMB']"
}
[1783513380.672][INFO]: Waiting for pending navigations...
[1783513380.673][INFO]: Done waiting for pending navigations. Status: ok
[1783513380.681][INFO]: Waiting for pending navigations...
[1783513380.682][INFO]: Done waiting for pending navigations. Status: ok
[1783513380.682][INFO]: [8efdbb22e63138c8342c133790a7028c] RESPONSE FindChildElement {
   "element-6066-11e4-a52e-4f735466cecf": "f.49D49945748C2EC068872BC92F3619EA.d.1FA0012362CDD3C62DB479648FDB025A.e.3151"
}
[1783513380.683][INFO]: [8efdbb22e63138c8342c133790a7028c] COMMAND GetElementText {
   "id": "f.49D49945748C2EC068872BC92F3619EA.d.1FA0012362CDD3C62DB479648FDB025A.e.3151"
}
[1783513380.683][INFO]: Waiting for pending navigations...
[1783513380.684][INFO]: Done waiting for pending navigations. Status: ok
[1783513380.693][INFO]: Waiting for pending navigations...
[1783513380.693][INFO]: Done waiting for pending navigations. Status: ok
[1783513380.693][INFO]: [8efdbb22e63138c8342c133790a7028c] RESPONSE GetElementText "(646)"
[1783513380.695][INFO]: [8efdbb22e63138c8342c133790a7028c] COMMAND FindChildElement {
   "id": "f.49D49945748C2EC068872BC92F3619EA.d.1FA0012362CDD3C62DB479648FDB025A.e.3112",
   "using": "xpath",
   "value": ".//div[@class='lWX0_T']//img"
}
[1783513380.695][INFO]: Waiting for pending navigations...
[1783513380.695][INFO]: Done waiting for pending navigations. Status: ok
[1783513380.703][INFO]: Waiting for pending navigations...
[1783513380.704][INFO]: Done waiting for pending navigations. Status: ok
[1783513380.704][INFO]: [8efdbb22e63138c8342c133790a7028c] RESPONSE FindChildElement {
   "element-6066-11e4-a52e-4f735466cecf": "f.49D49945748C2EC068872BC92F3619EA.d.1FA0012362CDD3C62DB479648FDB025A.e.2199"
}
[1783513380.705][INFO]: [8efdbb22e63138c8342c133790a7028c] COMMAND ExecuteScript {
   "args": [ {
      "element-6066-11e4-a52e-4f735466cecf": "f.49D49945748C2EC068872BC92F3619EA.d.1FA0012362CDD3C62DB479648FDB025A.e.2199"
   }, "alt" ],
   "script": "/* getAttribute */return ((function (element, attribute) {\n    const PROPERTY_ALIASES = {\n        'class': 'className',\n        'readonly': 'readOnly',\n    };\n    const BOOLEAN_PROPERTIES = new Set([\n        'allowfullscreen',\n        'allowpaymentrequest',\n        'allowusermedia',\n        'async',\n        'autofocus',\n        'autoplay',\n        'checked',\n        'compact',\n        'complete',\n        'controls',\n        'declare',\n        'default',\n        'defaultchecked',\n        'defaultselected',\n        'defer',\n        'disabled',\n        'ended',\n        'formnovalidate',\n        'hidden',\n        'indeterminate',\n        'iscontenteditable',\n        'ismap',\n        'itemscope',\n        'loop',\n        'multiple',\n        'muted',\n        'nohref',\n        'nomodule',\n        'noresize',\n        'noshade',\n        'novalidate',\n        'nowrap',\n        'open',\n        'paused',\n        'playsinline',\n        'pubdate',\n        'readonly',\n        'required',\n        'reversed',\n        'scoped',\n        'seamless',\n        'seeking',\n        'selected',\n        'truespeed',\n        'typemustmatch',\n        'willvalidate',\n    ]);\n    function getAttribute(element, attributeName) {\n        return element.getAttribute(attributeName.toLowerCase());\n    }\n    function getProperty(element, propertyName) {\n        return element[propertyName];\n    }\n    function isElement(node, tagName) {\n        const elem = node;\n        if (!elem || elem.nodeType !== 1) {\n            return false;\n        }\n        if (!tagName) {\n            return true;\n        }\n        const normalizedTag = tagName.toUpperCase();\n        if (node instanceof HTMLFormElement) {\n            return normalizedTag === 'FORM';\n        }\n        return typeof elem.tagName === 'string' && elem.tagName.toUpperCase() === normalizedTag;\n    }\n    function isSelectable(element) {\n        if (isElement(element, 'OPTION')) {\n            return true;\n        }\n        if (isElement(element, 'INPUT')) {\n            const type = element.type.toLowerCase();\n            return type === 'checkbox' || type === 'radio';\n        }\n        return false;\n    }\n    function isSelected(element) {\n        var _a;\n        if (isElement(element, 'OPTION')) {\n            return element.selected;\n        }\n        const type = (_a = element.type) === null || _a === void 0 ? void 0 : _a.toLowerCase();\n        if (type === 'checkbox' || type === 'radio') {\n            return element.checked;\n        }\n        return false;\n    }\n    function isObject(value) {\n        return value !== null && (typeof value === 'object' || typeof value === 'function');\n    }\n    const name = attribute.toLowerCase();\n    if (name === 'style') {\n        const style = element.style;\n        if (!style) {\n            return null;\n        }\n        return typeof style === 'string' ? style : style.cssText;\n    }\n    if ((name === 'selected' || name === 'checked') && isSelectable(element)) {\n        return isSelected(element) ? 'true' : null;\n    }\n    const isLink = isElement(element, 'A');\n    const isImg = isElement(element, 'IMG');\n    if ((isImg && name === 'src') || (isLink && name === 'href')) {\n        const attrValue = getAttribute(element, name);\n        if (attrValue) {\n            return String(getProperty(element, name));\n        }\n        return attrValue;\n    }\n    if (name === 'spellcheck') {\n        const attrValue = getAttribute(element, name);\n        if (attrValue !== null) {\n            const lower = attrValue.toLowerCase();\n            if (lower === 'false') {\n                return 'false';\n            }\n            if (lower === 'true') {\n                return 'true';\n            }\n        }\n        return String(getProperty(element, name));\n    }\n    const propName = PROPERTY_ALIASES[name] || attribute;\n    if (BOOLEAN_PROPERTIES.has(name)) {\n        const hasAttr = element.getAttribute(name) !== null;\n        const propValue = getProperty(element, propName);\n        return hasAttr || !!propValue ? 'true' : null;\n    }\n    if (name === 'value' && isElement(element, 'LI')) {\n        const attrValue = element.getAttribute(name);\n        return attrValue != null ? attrValue : null;\n    }\n    let property;\n    try {\n        property = getProperty(element, propName);\n    }\n    catch (_e) {\n    }\n    if (property == null || isObject(property)) {\n        const attrValue = element.getAttribute(name);\n        return attrValue != null ? attrValue : null;\n    }\n    return property != null ? String(property) : null;\n})).apply(null, arguments);"
}
[1783513380.705][INFO]: Waiting for pending navigations...
[1783513380.706][INFO]: Done waiting for pending navigations. Status: ok
[1783513380.710][INFO]: Waiting for pending navigations...
[1783513380.711][INFO]: Done waiting for pending navigations. Status: ok
[1783513380.711][INFO]: [8efdbb22e63138c8342c133790a7028c] RESPONSE ExecuteScript "AVISTRA LIONEL MESSI BLUE 330 ML WHITE MUG FOR FOOTBALL LOVERS Ceramic Coffee Mug"
[1783513380.712][INFO]: [8efdbb22e63138c8342c133790a7028c] COMMAND FindChildElement {
   "id": "f.49D49945748C2EC068872BC92F3619EA.d.1FA0012362CDD3C62DB479648FDB025A.e.3112",
   "using": "xpath",
   "value": ".//div[@class='lWX0_T']//img"
}
[1783513380.712][INFO]: Waiting for pending navigations...
[1783513380.713][INFO]: Done waiting for pending navigations. Status: ok
[1783513380.719][INFO]: Waiting for pending navigations...
[1783513380.720][INFO]: Done waiting for pending navigations. Status: ok
[1783513380.720][INFO]: [8efdbb22e63138c8342c133790a7028c] RESPONSE FindChildElement {
   "element-6066-11e4-a52e-4f735466cecf": "f.49D49945748C2EC068872BC92F3619EA.d.1FA0012362CDD3C62DB479648FDB025A.e.2199"
}
[1783513380.722][INFO]: [8efdbb22e63138c8342c133790a7028c] COMMAND ExecuteScript {
   "args": [ {
      "element-6066-11e4-a52e-4f735466cecf": "f.49D49945748C2EC068872BC92F3619EA.d.1FA0012362CDD3C62DB479648FDB025A.e.2199"
   }, "src" ],
   "script": "/* getAttribute */return ((function (element, attribute) {\n    const PROPERTY_ALIASES = {\n        'class': 'className',\n        'readonly': 'readOnly',\n    };\n    const BOOLEAN_PROPERTIES = new Set([\n        'allowfullscreen',\n        'allowpaymentrequest',\n        'allowusermedia',\n        'async',\n        'autofocus',\n        'autoplay',\n        'checked',\n        'compact',\n        'complete',\n        'controls',\n        'declare',\n        'default',\n        'defaultchecked',\n        'defaultselected',\n        'defer',\n        'disabled',\n        'ended',\n        'formnovalidate',\n        'hidden',\n        'indeterminate',\n        'iscontenteditable',\n        'ismap',\n        'itemscope',\n        'loop',\n        'multiple',\n        'muted',\n        'nohref',\n        'nomodule',\n        'noresize',\n        'noshade',\n        'novalidate',\n        'nowrap',\n        'open',\n        'paused',\n        'playsinline',\n        'pubdate',\n        'readonly',\n        'required',\n        'reversed',\n        'scoped',\n        'seamless',\n        'seeking',\n        'selected',\n        'truespeed',\n        'typemustmatch',\n        'willvalidate',\n    ]);\n    function getAttribute(element, attributeName) {\n        return element.getAttribute(attributeName.toLowerCase());\n    }\n    function getProperty(element, propertyName) {\n        return element[propertyName];\n    }\n    function isElement(node, tagName) {\n        const elem = node;\n        if (!elem || elem.nodeType !== 1) {\n            return false;\n        }\n        if (!tagName) {\n            return true;\n        }\n        const normalizedTag = tagName.toUpperCase();\n        if (node instanceof HTMLFormElement) {\n            return normalizedTag === 'FORM';\n        }\n        return typeof elem.tagName === 'string' && elem.tagName.toUpperCase() === normalizedTag;\n    }\n    function isSelectable(element) {\n        if (isElement(element, 'OPTION')) {\n            return true;\n        }\n        if (isElement(element, 'INPUT')) {\n            const type = element.type.toLowerCase();\n            return type === 'checkbox' || type === 'radio';\n        }\n        return false;\n    }\n    function isSelected(element) {\n        var _a;\n        if (isElement(element, 'OPTION')) {\n            return element.selected;\n        }\n        const type = (_a = element.type) === null || _a === void 0 ? void 0 : _a.toLowerCase();\n        if (type === 'checkbox' || type === 'radio') {\n            return element.checked;\n        }\n        return false;\n    }\n    function isObject(value) {\n        return value !== null && (typeof value === 'object' || typeof value === 'function');\n    }\n    const name = attribute.toLowerCase();\n    if (name === 'style') {\n        const style = element.style;\n        if (!style) {\n            return null;\n        }\n        return typeof style === 'string' ? style : style.cssText;\n    }\n    if ((name === 'selected' || name === 'checked') && isSelectable(element)) {\n        return isSelected(element) ? 'true' : null;\n    }\n    const isLink = isElement(element, 'A');\n    const isImg = isElement(element, 'IMG');\n    if ((isImg && name === 'src') || (isLink && name === 'href')) {\n        const attrValue = getAttribute(element, name);\n        if (attrValue) {\n            return String(getProperty(element, name));\n        }\n        return attrValue;\n    }\n    if (name === 'spellcheck') {\n        const attrValue = getAttribute(element, name);\n        if (attrValue !== null) {\n            const lower = attrValue.toLowerCase();\n            if (lower === 'false') {\n                return 'false';\n            }\n            if (lower === 'true') {\n                return 'true';\n            }\n        }\n        return String(getProperty(element, name));\n    }\n    const propName = PROPERTY_ALIASES[name] || attribute;\n    if (BOOLEAN_PROPERTIES.has(name)) {\n        const hasAttr = element.getAttribute(name) !== null;\n        const propValue = getProperty(element, propName);\n        return hasAttr || !!propValue ? 'true' : null;\n    }\n    if (name === 'value' && isElement(element, 'LI')) {\n        const attrValue = element.getAttribute(name);\n        return attrValue != null ? attrValue : null;\n    }\n    let property;\n    try {\n        property = getProperty(element, propName);\n    }\n    catch (_e) {\n    }\n    if (property == null || isObject(property)) {\n        const attrValue = element.getAttribute(name);\n        return attrValue != null ? attrValue : null;\n    }\n    return property != null ? String(property) : null;\n})).apply(null, arguments);"
}
[1783513380.722][INFO]: Waiting for pending navigations...
[1783513380.723][INFO]: Done waiting for pending navigations. Status: ok
[1783513380.727][INFO]: Waiting for pending navigations...
[1783513380.728][INFO]: Done waiting for pending navigations. Status: ok
[1783513380.728][INFO]: [8efdbb22e63138c8342c133790a7028c] RESPONSE ExecuteScript "https://rukminim2.flixcart.com/image/612/612/xif0q/mug/b/c/b/lionel-messi-blue-330-ml-white-mug-for-football-lovers-330-1-original-imahg426gt5ygd8f.jpeg?q=70"
[1783513380.729][INFO]: [8efdbb22e63138c8342c133790a7028c] COMMAND FindChildElement {
   "id": "f.49D49945748C2EC068872BC92F3619EA.d.1FA0012362CDD3C62DB479648FDB025A.e.3112",
   "using": "xpath",
   "value": ".//span[@class='PvbNMB']"
}
[1783513380.729][INFO]: Waiting for pending navigations...
[1783513380.730][INFO]: Done waiting for pending navigations. Status: ok
[1783513380.736][INFO]: Waiting for pending navigations...
[1783513380.736][INFO]: Done waiting for pending navigations. Status: ok
[1783513380.736][INFO]: [8efdbb22e63138c8342c133790a7028c] RESPONSE FindChildElement {
   "element-6066-11e4-a52e-4f735466cecf": "f.49D49945748C2EC068872BC92F3619EA.d.1FA0012362CDD3C62DB479648FDB025A.e.3152"
}
[1783513380.738][INFO]: [8efdbb22e63138c8342c133790a7028c] COMMAND GetElementText {
   "id": "f.49D49945748C2EC068872BC92F3619EA.d.1FA0012362CDD3C62DB479648FDB025A.e.3152"
}
[1783513380.738][INFO]: Waiting for pending navigations...
[1783513380.739][INFO]: Done waiting for pending navigations. Status: ok
[1783513380.747][INFO]: Waiting for pending navigations...
[1783513380.747][INFO]: Done waiting for pending navigations. Status: ok
[1783513380.747][INFO]: [8efdbb22e63138c8342c133790a7028c] RESPONSE GetElementText "(34)"
[1783513380.749][INFO]: [8efdbb22e63138c8342c133790a7028c] COMMAND FindChildElement {
   "id": "f.49D49945748C2EC068872BC92F3619EA.d.1FA0012362CDD3C62DB479648FDB025A.e.3113",
   "using": "xpath",
   "value": ".//div[@class='lWX0_T']//img"
}
[1783513380.749][INFO]: Waiting for pending navigations...
[1783513380.750][INFO]: Done waiting for pending navigations. Status: ok
[1783513380.757][INFO]: Waiting for pending navigations...
[1783513380.758][INFO]: Done waiting for pending navigations. Status: ok
[1783513380.758][INFO]: [8efdbb22e63138c8342c133790a7028c] RESPONSE FindChildElement {
   "element-6066-11e4-a52e-4f735466cecf": "f.49D49945748C2EC068872BC92F3619EA.d.1FA0012362CDD3C62DB479648FDB025A.e.2289"
}
[1783513380.760][INFO]: [8efdbb22e63138c8342c133790a7028c] COMMAND ExecuteScript {
   "args": [ {
      "element-6066-11e4-a52e-4f735466cecf": "f.49D49945748C2EC068872BC92F3619EA.d.1FA0012362CDD3C62DB479648FDB025A.e.2289"
   }, "alt" ],
   "script": "/* getAttribute */return ((function (element, attribute) {\n    const PROPERTY_ALIASES = {\n        'class': 'className',\n        'readonly': 'readOnly',\n    };\n    const BOOLEAN_PROPERTIES = new Set([\n        'allowfullscreen',\n        'allowpaymentrequest',\n        'allowusermedia',\n        'async',\n        'autofocus',\n        'autoplay',\n        'checked',\n        'compact',\n        'complete',\n        'controls',\n        'declare',\n        'default',\n        'defaultchecked',\n        'defaultselected',\n        'defer',\n        'disabled',\n        'ended',\n        'formnovalidate',\n        'hidden',\n        'indeterminate',\n        'iscontenteditable',\n        'ismap',\n        'itemscope',\n        'loop',\n        'multiple',\n        'muted',\n        'nohref',\n        'nomodule',\n        'noresize',\n        'noshade',\n        'novalidate',\n        'nowrap',\n        'open',\n        'paused',\n        'playsinline',\n        'pubdate',\n        'readonly',\n        'required',\n        'reversed',\n        'scoped',\n        'seamless',\n        'seeking',\n        'selected',\n        'truespeed',\n        'typemustmatch',\n        'willvalidate',\n    ]);\n    function getAttribute(element, attributeName) {\n        return element.getAttribute(attributeName.toLowerCase());\n    }\n    function getProperty(element, propertyName) {\n        return element[propertyName];\n    }\n    function isElement(node, tagName) {\n        const elem = node;\n        if (!elem || elem.nodeType !== 1) {\n            return false;\n        }\n        if (!tagName) {\n            return true;\n        }\n        const normalizedTag = tagName.toUpperCase();\n        if (node instanceof HTMLFormElement) {\n            return normalizedTag === 'FORM';\n        }\n        return typeof elem.tagName === 'string' && elem.tagName.toUpperCase() === normalizedTag;\n    }\n    function isSelectable(element) {\n        if (isElement(element, 'OPTION')) {\n            return true;\n        }\n        if (isElement(element, 'INPUT')) {\n            const type = element.type.toLowerCase();\n            return type === 'checkbox' || type === 'radio';\n        }\n        return false;\n    }\n    function isSelected(element) {\n        var _a;\n        if (isElement(element, 'OPTION')) {\n            return element.selected;\n        }\n        const type = (_a = element.type) === null || _a === void 0 ? void 0 : _a.toLowerCase();\n        if (type === 'checkbox' || type === 'radio') {\n            return element.checked;\n        }\n        return false;\n    }\n    function isObject(value) {\n        return value !== null && (typeof value === 'object' || typeof value === 'function');\n    }\n    const name = attribute.toLowerCase();\n    if (name === 'style') {\n        const style = element.style;\n        if (!style) {\n            return null;\n        }\n        return typeof style === 'string' ? style : style.cssText;\n    }\n    if ((name === 'selected' || name === 'checked') && isSelectable(element)) {\n        return isSelected(element) ? 'true' : null;\n    }\n    const isLink = isElement(element, 'A');\n    const isImg = isElement(element, 'IMG');\n    if ((isImg && name === 'src') || (isLink && name === 'href')) {\n        const attrValue = getAttribute(element, name);\n        if (attrValue) {\n            return String(getProperty(element, name));\n        }\n        return attrValue;\n    }\n    if (name === 'spellcheck') {\n        const attrValue = getAttribute(element, name);\n        if (attrValue !== null) {\n            const lower = attrValue.toLowerCase();\n            if (lower === 'false') {\n                return 'false';\n            }\n            if (lower === 'true') {\n                return 'true';\n            }\n        }\n        return String(getProperty(element, name));\n    }\n    const propName = PROPERTY_ALIASES[name] || attribute;\n    if (BOOLEAN_PROPERTIES.has(name)) {\n        const hasAttr = element.getAttribute(name) !== null;\n        const propValue = getProperty(element, propName);\n        return hasAttr || !!propValue ? 'true' : null;\n    }\n    if (name === 'value' && isElement(element, 'LI')) {\n        const attrValue = element.getAttribute(name);\n        return attrValue != null ? attrValue : null;\n    }\n    let property;\n    try {\n        property = getProperty(element, propName);\n    }\n    catch (_e) {\n    }\n    if (property == null || isObject(property)) {\n        const attrValue = element.getAttribute(name);\n        return attrValue != null ? attrValue : null;\n    }\n    return property != null ? String(property) : null;\n})).apply(null, arguments);"
}
[1783513380.760][INFO]: Waiting for pending navigations...
[1783513380.761][INFO]: Done waiting for pending navigations. Status: ok
[1783513380.765][INFO]: Waiting for pending navigations...
[1783513380.765][INFO]: Done waiting for pending navigations. Status: ok
[1783513380.766][INFO]: [8efdbb22e63138c8342c133790a7028c] RESPONSE ExecuteScript "UinquePrintWala 8708934865 Ceramic 330ml Coffee Birthday Calender Printed & Photo Ceramic Coffee Mug"
[1783513380.768][INFO]: [8efdbb22e63138c8342c133790a7028c] COMMAND FindChildElement {
   "id": "f.49D49945748C2EC068872BC92F3619EA.d.1FA0012362CDD3C62DB479648FDB025A.e.3113",
   "using": "xpath",
   "value": ".//div[@class='lWX0_T']//img"
}
[1783513380.768][INFO]: Waiting for pending navigations...
[1783513380.769][INFO]: Done waiting for pending navigations. Status: ok
[1783513380.778][INFO]: Waiting for pending navigations...
[1783513380.779][INFO]: Done waiting for pending navigations. Status: ok
[1783513380.779][INFO]: [8efdbb22e63138c8342c133790a7028c] RESPONSE FindChildElement {
   "element-6066-11e4-a52e-4f735466cecf": "f.49D49945748C2EC068872BC92F3619EA.d.1FA0012362CDD3C62DB479648FDB025A.e.2289"
}
[1783513380.781][INFO]: [8efdbb22e63138c8342c133790a7028c] COMMAND ExecuteScript {
   "args": [ {
      "element-6066-11e4-a52e-4f735466cecf": "f.49D49945748C2EC068872BC92F3619EA.d.1FA0012362CDD3C62DB479648FDB025A.e.2289"
   }, "src" ],
   "script": "/* getAttribute */return ((function (element, attribute) {\n    const PROPERTY_ALIASES = {\n        'class': 'className',\n        'readonly': 'readOnly',\n    };\n    const BOOLEAN_PROPERTIES = new Set([\n        'allowfullscreen',\n        'allowpaymentrequest',\n        'allowusermedia',\n        'async',\n        'autofocus',\n        'autoplay',\n        'checked',\n        'compact',\n        'complete',\n        'controls',\n        'declare',\n        'default',\n        'defaultchecked',\n        'defaultselected',\n        'defer',\n        'disabled',\n        'ended',\n        'formnovalidate',\n        'hidden',\n        'indeterminate',\n        'iscontenteditable',\n        'ismap',\n        'itemscope',\n        'loop',\n        'multiple',\n        'muted',\n        'nohref',\n        'nomodule',\n        'noresize',\n        'noshade',\n        'novalidate',\n        'nowrap',\n        'open',\n        'paused',\n        'playsinline',\n        'pubdate',\n        'readonly',\n        'required',\n        'reversed',\n        'scoped',\n        'seamless',\n        'seeking',\n        'selected',\n        'truespeed',\n        'typemustmatch',\n        'willvalidate',\n    ]);\n    function getAttribute(element, attributeName) {\n        return element.getAttribute(attributeName.toLowerCase());\n    }\n    function getProperty(element, propertyName) {\n        return element[propertyName];\n    }\n    function isElement(node, tagName) {\n        const elem = node;\n        if (!elem || elem.nodeType !== 1) {\n            return false;\n        }\n        if (!tagName) {\n            return true;\n        }\n        const normalizedTag = tagName.toUpperCase();\n        if (node instanceof HTMLFormElement) {\n            return normalizedTag === 'FORM';\n        }\n        return typeof elem.tagName === 'string' && elem.tagName.toUpperCase() === normalizedTag;\n    }\n    function isSelectable(element) {\n        if (isElement(element, 'OPTION')) {\n            return true;\n        }\n        if (isElement(element, 'INPUT')) {\n            const type = element.type.toLowerCase();\n            return type === 'checkbox' || type === 'radio';\n        }\n        return false;\n    }\n    function isSelected(element) {\n        var _a;\n        if (isElement(element, 'OPTION')) {\n            return element.selected;\n        }\n        const type = (_a = element.type) === null || _a === void 0 ? void 0 : _a.toLowerCase();\n        if (type === 'checkbox' || type === 'radio') {\n            return element.checked;\n        }\n        return false;\n    }\n    function isObject(value) {\n        return value !== null && (typeof value === 'object' || typeof value === 'function');\n    }\n    const name = attribute.toLowerCase();\n    if (name === 'style') {\n        const style = element.style;\n        if (!style) {\n            return null;\n        }\n        return typeof style === 'string' ? style : style.cssText;\n    }\n    if ((name === 'selected' || name === 'checked') && isSelectable(element)) {\n        return isSelected(element) ? 'true' : null;\n    }\n    const isLink = isElement(element, 'A');\n    const isImg = isElement(element, 'IMG');\n    if ((isImg && name === 'src') || (isLink && name === 'href')) {\n        const attrValue = getAttribute(element, name);\n        if (attrValue) {\n            return String(getProperty(element, name));\n        }\n        return attrValue;\n    }\n    if (name === 'spellcheck') {\n        const attrValue = getAttribute(element, name);\n        if (attrValue !== null) {\n            const lower = attrValue.toLowerCase();\n            if (lower === 'false') {\n                return 'false';\n            }\n            if (lower === 'true') {\n                return 'true';\n            }\n        }\n        return String(getProperty(element, name));\n    }\n    const propName = PROPERTY_ALIASES[name] || attribute;\n    if (BOOLEAN_PROPERTIES.has(name)) {\n        const hasAttr = element.getAttribute(name) !== null;\n        const propValue = getProperty(element, propName);\n        return hasAttr || !!propValue ? 'true' : null;\n    }\n    if (name === 'value' && isElement(element, 'LI')) {\n        const attrValue = element.getAttribute(name);\n        return attrValue != null ? attrValue : null;\n    }\n    let property;\n    try {\n        property = getProperty(element, propName);\n    }\n    catch (_e) {\n    }\n    if (property == null || isObject(property)) {\n        const attrValue = element.getAttribute(name);\n        return attrValue != null ? attrValue : null;\n    }\n    return property != null ? String(property) : null;\n})).apply(null, arguments);"
}
[1783513380.781][INFO]: Waiting for pending navigations...
[1783513380.783][INFO]: Done waiting for pending navigations. Status: ok
[1783513380.787][INFO]: Waiting for pending navigations...
[1783513380.788][INFO]: Done waiting for pending navigations. Status: ok
[1783513380.788][INFO]: [8efdbb22e63138c8342c133790a7028c] RESPONSE ExecuteScript "https://rukminim2.flixcart.com/image/612/612/xif0q/mug/g/k/b/special-date-mug-325-1-annukish-original-imahh42gpekwpgak.jpeg?q=70"
[1783513380.790][INFO]: [8efdbb22e63138c8342c133790a7028c] COMMAND FindChildElement {
   "id": "f.49D49945748C2EC068872BC92F3619EA.d.1FA0012362CDD3C62DB479648FDB025A.e.3113",
   "using": "xpath",
   "value": ".//span[@class='PvbNMB']"
}
[1783513380.790][INFO]: Waiting for pending navigations...
[1783513380.791][INFO]: Done waiting for pending navigations. Status: ok
[1783513380.799][INFO]: Waiting for pending navigations...
[1783513380.799][INFO]: Done waiting for pending navigations. Status: ok
[1783513380.799][INFO]: [8efdbb22e63138c8342c133790a7028c] RESPONSE FindChildElement {
   "element-6066-11e4-a52e-4f735466cecf": "f.49D49945748C2EC068872BC92F3619EA.d.1FA0012362CDD3C62DB479648FDB025A.e.3153"
}
[1783513380.801][INFO]: [8efdbb22e63138c8342c133790a7028c] COMMAND GetElementText {
   "id": "f.49D49945748C2EC068872BC92F3619EA.d.1FA0012362CDD3C62DB479648FDB025A.e.3153"
}
[1783513380.801][INFO]: Waiting for pending navigations...
[1783513380.802][INFO]: Done waiting for pending navigations. Status: ok
[1783513380.812][INFO]: Waiting for pending navigations...
[1783513380.813][INFO]: Done waiting for pending navigations. Status: ok
[1783513380.813][INFO]: [8efdbb22e63138c8342c133790a7028c] RESPONSE GetElementText "(4)"
[1783513380.815][INFO]: [8efdbb22e63138c8342c133790a7028c] COMMAND FindChildElement {
   "id": "f.49D49945748C2EC068872BC92F3619EA.d.1FA0012362CDD3C62DB479648FDB025A.e.3114",
   "using": "xpath",
   "value": ".//div[@class='lWX0_T']//img"
}
[1783513380.815][INFO]: Waiting for pending navigations...
[1783513380.816][INFO]: Done waiting for pending navigations. Status: ok
[1783513380.824][INFO]: Waiting for pending navigations...
[1783513380.825][INFO]: Done waiting for pending navigations. Status: ok
[1783513380.825][INFO]: [8efdbb22e63138c8342c133790a7028c] RESPONSE FindChildElement {
   "element-6066-11e4-a52e-4f735466cecf": "f.49D49945748C2EC068872BC92F3619EA.d.1FA0012362CDD3C62DB479648FDB025A.e.2201"
}
[1783513380.827][INFO]: [8efdbb22e63138c8342c133790a7028c] COMMAND ExecuteScript {
   "args": [ {
      "element-6066-11e4-a52e-4f735466cecf": "f.49D49945748C2EC068872BC92F3619EA.d.1FA0012362CDD3C62DB479648FDB025A.e.2201"
   }, "alt" ],
   "script": "/* getAttribute */return ((function (element, attribute) {\n    const PROPERTY_ALIASES = {\n        'class': 'className',\n        'readonly': 'readOnly',\n    };\n    const BOOLEAN_PROPERTIES = new Set([\n        'allowfullscreen',\n        'allowpaymentrequest',\n        'allowusermedia',\n        'async',\n        'autofocus',\n        'autoplay',\n        'checked',\n        'compact',\n        'complete',\n        'controls',\n        'declare',\n        'default',\n        'defaultchecked',\n        'defaultselected',\n        'defer',\n        'disabled',\n        'ended',\n        'formnovalidate',\n        'hidden',\n        'indeterminate',\n        'iscontenteditable',\n        'ismap',\n        'itemscope',\n        'loop',\n        'multiple',\n        'muted',\n        'nohref',\n        'nomodule',\n        'noresize',\n        'noshade',\n        'novalidate',\n        'nowrap',\n        'open',\n        'paused',\n        'playsinline',\n        'pubdate',\n        'readonly',\n        'required',\n        'reversed',\n        'scoped',\n        'seamless',\n        'seeking',\n        'selected',\n        'truespeed',\n        'typemustmatch',\n        'willvalidate',\n    ]);\n    function getAttribute(element, attributeName) {\n        return element.getAttribute(attributeName.toLowerCase());\n    }\n    function getProperty(element, propertyName) {\n        return element[propertyName];\n    }\n    function isElement(node, tagName) {\n        const elem = node;\n        if (!elem || elem.nodeType !== 1) {\n            return false;\n        }\n        if (!tagName) {\n            return true;\n        }\n        const normalizedTag = tagName.toUpperCase();\n        if (node instanceof HTMLFormElement) {\n            return normalizedTag === 'FORM';\n        }\n        return typeof elem.tagName === 'string' && elem.tagName.toUpperCase() === normalizedTag;\n    }\n    function isSelectable(element) {\n        if (isElement(element, 'OPTION')) {\n            return true;\n        }\n        if (isElement(element, 'INPUT')) {\n            const type = element.type.toLowerCase();\n            return type === 'checkbox' || type === 'radio';\n        }\n        return false;\n    }\n    function isSelected(element) {\n        var _a;\n        if (isElement(element, 'OPTION')) {\n            return element.selected;\n        }\n        const type = (_a = element.type) === null || _a === void 0 ? void 0 : _a.toLowerCase();\n        if (type === 'checkbox' || type === 'radio') {\n            return element.checked;\n        }\n        return false;\n    }\n    function isObject(value) {\n        return value !== null && (typeof value === 'object' || typeof value === 'function');\n    }\n    const name = attribute.toLowerCase();\n    if (name === 'style') {\n        const style = element.style;\n        if (!style) {\n            return null;\n        }\n        return typeof style === 'string' ? style : style.cssText;\n    }\n    if ((name === 'selected' || name === 'checked') && isSelectable(element)) {\n        return isSelected(element) ? 'true' : null;\n    }\n    const isLink = isElement(element, 'A');\n    const isImg = isElement(element, 'IMG');\n    if ((isImg && name === 'src') || (isLink && name === 'href')) {\n        const attrValue = getAttribute(element, name);\n        if (attrValue) {\n            return String(getProperty(element, name));\n        }\n        return attrValue;\n    }\n    if (name === 'spellcheck') {\n        const attrValue = getAttribute(element, name);\n        if (attrValue !== null) {\n            const lower = attrValue.toLowerCase();\n            if (lower === 'false') {\n                return 'false';\n            }\n            if (lower === 'true') {\n                return 'true';\n            }\n        }\n        return String(getProperty(element, name));\n    }\n    const propName = PROPERTY_ALIASES[name] || attribute;\n    if (BOOLEAN_PROPERTIES.has(name)) {\n        const hasAttr = element.getAttribute(name) !== null;\n        const propValue = getProperty(element, propName);\n        return hasAttr || !!propValue ? 'true' : null;\n    }\n    if (name === 'value' && isElement(element, 'LI')) {\n        const attrValue = element.getAttribute(name);\n        return attrValue != null ? attrValue : null;\n    }\n    let property;\n    try {\n        property = getProperty(element, propName);\n    }\n    catch (_e) {\n    }\n    if (property == null || isObject(property)) {\n        const attrValue = element.getAttribute(name);\n        return attrValue != null ? attrValue : null;\n    }\n    return property != null ? String(property) : null;\n})).apply(null, arguments);"
}
[1783513380.827][INFO]: Waiting for pending navigations...
[1783513380.828][INFO]: Done waiting for pending navigations. Status: ok
[1783513380.833][INFO]: Waiting for pending navigations...
[1783513380.834][INFO]: Done waiting for pending navigations. Status: ok
[1783513380.834][INFO]: [8efdbb22e63138c8342c133790a7028c] RESPONSE ExecuteScript "Newai Ceramic Milk Coffees Black mug 250ML pack of 4 Ceramic Coffee Mug"
[1783513380.836][INFO]: [8efdbb22e63138c8342c133790a7028c] COMMAND FindChildElement {
   "id": "f.49D49945748C2EC068872BC92F3619EA.d.1FA0012362CDD3C62DB479648FDB025A.e.3114",
   "using": "xpath",
   "value": ".//div[@class='lWX0_T']//img"
}
[1783513380.836][INFO]: Waiting for pending navigations...
[1783513380.837][INFO]: Done waiting for pending navigations. Status: ok
[1783513380.845][INFO]: Waiting for pending navigations...
[1783513380.846][INFO]: Done waiting for pending navigations. Status: ok
[1783513380.846][INFO]: [8efdbb22e63138c8342c133790a7028c] RESPONSE FindChildElement {
   "element-6066-11e4-a52e-4f735466cecf": "f.49D49945748C2EC068872BC92F3619EA.d.1FA0012362CDD3C62DB479648FDB025A.e.2201"
}
[1783513380.849][INFO]: [8efdbb22e63138c8342c133790a7028c] COMMAND ExecuteScript {
   "args": [ {
      "element-6066-11e4-a52e-4f735466cecf": "f.49D49945748C2EC068872BC92F3619EA.d.1FA0012362CDD3C62DB479648FDB025A.e.2201"
   }, "src" ],
   "script": "/* getAttribute */return ((function (element, attribute) {\n    const PROPERTY_ALIASES = {\n        'class': 'className',\n        'readonly': 'readOnly',\n    };\n    const BOOLEAN_PROPERTIES = new Set([\n        'allowfullscreen',\n        'allowpaymentrequest',\n        'allowusermedia',\n        'async',\n        'autofocus',\n        'autoplay',\n        'checked',\n        'compact',\n        'complete',\n        'controls',\n        'declare',\n        'default',\n        'defaultchecked',\n        'defaultselected',\n        'defer',\n        'disabled',\n        'ended',\n        'formnovalidate',\n        'hidden',\n        'indeterminate',\n        'iscontenteditable',\n        'ismap',\n        'itemscope',\n        'loop',\n        'multiple',\n        'muted',\n        'nohref',\n        'nomodule',\n        'noresize',\n        'noshade',\n        'novalidate',\n        'nowrap',\n        'open',\n        'paused',\n        'playsinline',\n        'pubdate',\n        'readonly',\n        'required',\n        'reversed',\n        'scoped',\n        'seamless',\n        'seeking',\n        'selected',\n        'truespeed',\n        'typemustmatch',\n        'willvalidate',\n    ]);\n    function getAttribute(element, attributeName) {\n        return element.getAttribute(attributeName.toLowerCase());\n    }\n    function getProperty(element, propertyName) {\n        return element[propertyName];\n    }\n    function isElement(node, tagName) {\n        const elem = node;\n        if (!elem || elem.nodeType !== 1) {\n            return false;\n        }\n        if (!tagName) {\n            return true;\n        }\n        const normalizedTag = tagName.toUpperCase();\n        if (node instanceof HTMLFormElement) {\n            return normalizedTag === 'FORM';\n        }\n        return typeof elem.tagName === 'string' && elem.tagName.toUpperCase() === normalizedTag;\n    }\n    function isSelectable(element) {\n        if (isElement(element, 'OPTION')) {\n            return true;\n        }\n        if (isElement(element, 'INPUT')) {\n            const type = element.type.toLowerCase();\n            return type === 'checkbox' || type === 'radio';\n        }\n        return false;\n    }\n    function isSelected(element) {\n        var _a;\n        if (isElement(element, 'OPTION')) {\n            return element.selected;\n        }\n        const type = (_a = element.type) === null || _a === void 0 ? void 0 : _a.toLowerCase();\n        if (type === 'checkbox' || type === 'radio') {\n            return element.checked;\n        }\n        return false;\n    }\n    function isObject(value) {\n        return value !== null && (typeof value === 'object' || typeof value === 'function');\n    }\n    const name = attribute.toLowerCase();\n    if (name === 'style') {\n        const style = element.style;\n        if (!style) {\n            return null;\n        }\n        return typeof style === 'string' ? style : style.cssText;\n    }\n    if ((name === 'selected' || name === 'checked') && isSelectable(element)) {\n        return isSelected(element) ? 'true' : null;\n    }\n    const isLink = isElement(element, 'A');\n    const isImg = isElement(element, 'IMG');\n    if ((isImg && name === 'src') || (isLink && name === 'href')) {\n        const attrValue = getAttribute(element, name);\n        if (attrValue) {\n            return String(getProperty(element, name));\n        }\n        return attrValue;\n    }\n    if (name === 'spellcheck') {\n        const attrValue = getAttribute(element, name);\n        if (attrValue !== null) {\n            const lower = attrValue.toLowerCase();\n            if (lower === 'false') {\n                return 'false';\n            }\n            if (lower === 'true') {\n                return 'true';\n            }\n        }\n        return String(getProperty(element, name));\n    }\n    const propName = PROPERTY_ALIASES[name] || attribute;\n    if (BOOLEAN_PROPERTIES.has(name)) {\n        const hasAttr = element.getAttribute(name) !== null;\n        const propValue = getProperty(element, propName);\n        return hasAttr || !!propValue ? 'true' : null;\n    }\n    if (name === 'value' && isElement(element, 'LI')) {\n        const attrValue = element.getAttribute(name);\n        return attrValue != null ? attrValue : null;\n    }\n    let property;\n    try {\n        property = getProperty(element, propName);\n    }\n    catch (_e) {\n    }\n    if (property == null || isObject(property)) {\n        const attrValue = element.getAttribute(name);\n        return attrValue != null ? attrValue : null;\n    }\n    return property != null ? String(property) : null;\n})).apply(null, arguments);"
}
[1783513380.849][INFO]: Waiting for pending navigations...
[1783513380.850][INFO]: Done waiting for pending navigations. Status: ok
[1783513380.854][INFO]: Waiting for pending navigations...
[1783513380.855][INFO]: Done waiting for pending navigations. Status: ok
[1783513380.855][INFO]: [8efdbb22e63138c8342c133790a7028c] RESPONSE ExecuteScript "https://rukminim2.flixcart.com/image/612/612/xif0q/mug/t/r/b/ceramic-milk-coffee-mugs-black-mug-350ml-pack-of-4-350-0-4-alive-original-imahj2hkhwdu2awe.jpeg?q=70"
[1783513380.857][INFO]: [8efdbb22e63138c8342c133790a7028c] COMMAND FindChildElement {
   "id": "f.49D49945748C2EC068872BC92F3619EA.d.1FA0012362CDD3C62DB479648FDB025A.e.3114",
   "using": "xpath",
   "value": ".//span[@class='PvbNMB']"
}
[1783513380.857][INFO]: Waiting for pending navigations...
[1783513380.858][INFO]: Done waiting for pending navigations. Status: ok
[1783513380.865][INFO]: Waiting for pending navigations...
[1783513380.866][INFO]: Done waiting for pending navigations. Status: ok
[1783513380.866][INFO]: [8efdbb22e63138c8342c133790a7028c] RESPONSE FindChildElement {
   "element-6066-11e4-a52e-4f735466cecf": "f.49D49945748C2EC068872BC92F3619EA.d.1FA0012362CDD3C62DB479648FDB025A.e.3154"
}
[1783513380.868][INFO]: [8efdbb22e63138c8342c133790a7028c] COMMAND GetElementText {
   "id": "f.49D49945748C2EC068872BC92F3619EA.d.1FA0012362CDD3C62DB479648FDB025A.e.3154"
}
[1783513380.868][INFO]: Waiting for pending navigations...
[1783513380.869][INFO]: Done waiting for pending navigations. Status: ok
[1783513380.878][INFO]: Waiting for pending navigations...
[1783513380.879][INFO]: Done waiting for pending navigations. Status: ok
[1783513380.879][INFO]: [8efdbb22e63138c8342c133790a7028c] RESPONSE GetElementText "(837)"
[1783513380.881][INFO]: [8efdbb22e63138c8342c133790a7028c] COMMAND FindChildElement {
   "id": "f.49D49945748C2EC068872BC92F3619EA.d.1FA0012362CDD3C62DB479648FDB025A.e.3115",
   "using": "xpath",
   "value": ".//div[@class='lWX0_T']//img"
}
[1783513380.881][INFO]: Waiting for pending navigations...
[1783513380.882][INFO]: Done waiting for pending navigations. Status: ok
[1783513380.891][INFO]: Waiting for pending navigations...
[1783513380.891][INFO]: Done waiting for pending navigations. Status: ok
[1783513380.891][INFO]: [8efdbb22e63138c8342c133790a7028c] RESPONSE FindChildElement {
   "element-6066-11e4-a52e-4f735466cecf": "f.49D49945748C2EC068872BC92F3619EA.d.1FA0012362CDD3C62DB479648FDB025A.e.2290"
}
[1783513380.894][INFO]: [8efdbb22e63138c8342c133790a7028c] COMMAND ExecuteScript {
   "args": [ {
      "element-6066-11e4-a52e-4f735466cecf": "f.49D49945748C2EC068872BC92F3619EA.d.1FA0012362CDD3C62DB479648FDB025A.e.2290"
   }, "alt" ],
   "script": "/* getAttribute */return ((function (element, attribute) {\n    const PROPERTY_ALIASES = {\n        'class': 'className',\n        'readonly': 'readOnly',\n    };\n    const BOOLEAN_PROPERTIES = new Set([\n        'allowfullscreen',\n        'allowpaymentrequest',\n        'allowusermedia',\n        'async',\n        'autofocus',\n        'autoplay',\n        'checked',\n        'compact',\n        'complete',\n        'controls',\n        'declare',\n        'default',\n        'defaultchecked',\n        'defaultselected',\n        'defer',\n        'disabled',\n        'ended',\n        'formnovalidate',\n        'hidden',\n        'indeterminate',\n        'iscontenteditable',\n        'ismap',\n        'itemscope',\n        'loop',\n        'multiple',\n        'muted',\n        'nohref',\n        'nomodule',\n        'noresize',\n        'noshade',\n        'novalidate',\n        'nowrap',\n        'open',\n        'paused',\n        'playsinline',\n        'pubdate',\n        'readonly',\n        'required',\n        'reversed',\n        'scoped',\n        'seamless',\n        'seeking',\n        'selected',\n        'truespeed',\n        'typemustmatch',\n        'willvalidate',\n    ]);\n    function getAttribute(element, attributeName) {\n        return element.getAttribute(attributeName.toLowerCase());\n    }\n    function getProperty(element, propertyName) {\n        return element[propertyName];\n    }\n    function isElement(node, tagName) {\n        const elem = node;\n        if (!elem || elem.nodeType !== 1) {\n            return false;\n        }\n        if (!tagName) {\n            return true;\n        }\n        const normalizedTag = tagName.toUpperCase();\n        if (node instanceof HTMLFormElement) {\n            return normalizedTag === 'FORM';\n        }\n        return typeof elem.tagName === 'string' && elem.tagName.toUpperCase() === normalizedTag;\n    }\n    function isSelectable(element) {\n        if (isElement(element, 'OPTION')) {\n            return true;\n        }\n        if (isElement(element, 'INPUT')) {\n            const type = element.type.toLowerCase();\n            return type === 'checkbox' || type === 'radio';\n        }\n        return false;\n    }\n    function isSelected(element) {\n        var _a;\n        if (isElement(element, 'OPTION')) {\n            return element.selected;\n        }\n        const type = (_a = element.type) === null || _a === void 0 ? void 0 : _a.toLowerCase();\n        if (type === 'checkbox' || type === 'radio') {\n            return element.checked;\n        }\n        return false;\n    }\n    function isObject(value) {\n        return value !== null && (typeof value === 'object' || typeof value === 'function');\n    }\n    const name = attribute.toLowerCase();\n    if (name === 'style') {\n        const style = element.style;\n        if (!style) {\n            return null;\n        }\n        return typeof style === 'string' ? style : style.cssText;\n    }\n    if ((name === 'selected' || name === 'checked') && isSelectable(element)) {\n        return isSelected(element) ? 'true' : null;\n    }\n    const isLink = isElement(element, 'A');\n    const isImg = isElement(element, 'IMG');\n    if ((isImg && name === 'src') || (isLink && name === 'href')) {\n        const attrValue = getAttribute(element, name);\n        if (attrValue) {\n            return String(getProperty(element, name));\n        }\n        return attrValue;\n    }\n    if (name === 'spellcheck') {\n        const attrValue = getAttribute(element, name);\n        if (attrValue !== null) {\n            const lower = attrValue.toLowerCase();\n            if (lower === 'false') {\n                return 'false';\n            }\n            if (lower === 'true') {\n                return 'true';\n            }\n        }\n        return String(getProperty(element, name));\n    }\n    const propName = PROPERTY_ALIASES[name] || attribute;\n    if (BOOLEAN_PROPERTIES.has(name)) {\n        const hasAttr = element.getAttribute(name) !== null;\n        const propValue = getProperty(element, propName);\n        return hasAttr || !!propValue ? 'true' : null;\n    }\n    if (name === 'value' && isElement(element, 'LI')) {\n        const attrValue = element.getAttribute(name);\n        return attrValue != null ? attrValue : null;\n    }\n    let property;\n    try {\n        property = getProperty(element, propName);\n    }\n    catch (_e) {\n    }\n    if (property == null || isObject(property)) {\n        const attrValue = element.getAttribute(name);\n        return attrValue != null ? attrValue : null;\n    }\n    return property != null ? String(property) : null;\n})).apply(null, arguments);"
}
[1783513380.894][INFO]: Waiting for pending navigations...
[1783513380.895][INFO]: Done waiting for pending navigations. Status: ok
[1783513380.899][INFO]: Waiting for pending navigations...
[1783513380.900][INFO]: Done waiting for pending navigations. Status: ok
[1783513380.900][INFO]: [8efdbb22e63138c8342c133790a7028c] RESPONSE ExecuteScript "BlendLife Premium Travel Tumbler with Lid Durable Insulated- Ice Drinks & Hot Beverage Stainless Steel Tumbler"
[1783513380.902][INFO]: [8efdbb22e63138c8342c133790a7028c] COMMAND FindChildElement {
   "id": "f.49D49945748C2EC068872BC92F3619EA.d.1FA0012362CDD3C62DB479648FDB025A.e.3115",
   "using": "xpath",
   "value": ".//div[@class='lWX0_T']//img"
}
[1783513380.902][INFO]: Waiting for pending navigations...
[1783513380.903][INFO]: Done waiting for pending navigations. Status: ok
[1783513380.909][INFO]: Waiting for pending navigations...
[1783513380.910][INFO]: Done waiting for pending navigations. Status: ok
[1783513380.910][INFO]: [8efdbb22e63138c8342c133790a7028c] RESPONSE FindChildElement {
   "element-6066-11e4-a52e-4f735466cecf": "f.49D49945748C2EC068872BC92F3619EA.d.1FA0012362CDD3C62DB479648FDB025A.e.2290"
}
[1783513380.912][INFO]: [8efdbb22e63138c8342c133790a7028c] COMMAND ExecuteScript {
   "args": [ {
      "element-6066-11e4-a52e-4f735466cecf": "f.49D49945748C2EC068872BC92F3619EA.d.1FA0012362CDD3C62DB479648FDB025A.e.2290"
   }, "src" ],
   "script": "/* getAttribute */return ((function (element, attribute) {\n    const PROPERTY_ALIASES = {\n        'class': 'className',\n        'readonly': 'readOnly',\n    };\n    const BOOLEAN_PROPERTIES = new Set([\n        'allowfullscreen',\n        'allowpaymentrequest',\n        'allowusermedia',\n        'async',\n        'autofocus',\n        'autoplay',\n        'checked',\n        'compact',\n        'complete',\n        'controls',\n        'declare',\n        'default',\n        'defaultchecked',\n        'defaultselected',\n        'defer',\n        'disabled',\n        'ended',\n        'formnovalidate',\n        'hidden',\n        'indeterminate',\n        'iscontenteditable',\n        'ismap',\n        'itemscope',\n        'loop',\n        'multiple',\n        'muted',\n        'nohref',\n        'nomodule',\n        'noresize',\n        'noshade',\n        'novalidate',\n        'nowrap',\n        'open',\n        'paused',\n        'playsinline',\n        'pubdate',\n        'readonly',\n        'required',\n        'reversed',\n        'scoped',\n        'seamless',\n        'seeking',\n        'selected',\n        'truespeed',\n        'typemustmatch',\n        'willvalidate',\n    ]);\n    function getAttribute(element, attributeName) {\n        return element.getAttribute(attributeName.toLowerCase());\n    }\n    function getProperty(element, propertyName) {\n        return element[propertyName];\n    }\n    function isElement(node, tagName) {\n        const elem = node;\n        if (!elem || elem.nodeType !== 1) {\n            return false;\n        }\n        if (!tagName) {\n            return true;\n        }\n        const normalizedTag = tagName.toUpperCase();\n        if (node instanceof HTMLFormElement) {\n            return normalizedTag === 'FORM';\n        }\n        return typeof elem.tagName === 'string' && elem.tagName.toUpperCase() === normalizedTag;\n    }\n    function isSelectable(element) {\n        if (isElement(element, 'OPTION')) {\n            return true;\n        }\n        if (isElement(element, 'INPUT')) {\n            const type = element.type.toLowerCase();\n            return type === 'checkbox' || type === 'radio';\n        }\n        return false;\n    }\n    function isSelected(element) {\n        var _a;\n        if (isElement(element, 'OPTION')) {\n            return element.selected;\n        }\n        const type = (_a = element.type) === null || _a === void 0 ? void 0 : _a.toLowerCase();\n        if (type === 'checkbox' || type === 'radio') {\n            return element.checked;\n        }\n        return false;\n    }\n    function isObject(value) {\n        return value !== null && (typeof value === 'object' || typeof value === 'function');\n    }\n    const name = attribute.toLowerCase();\n    if (name === 'style') {\n        const style = element.style;\n        if (!style) {\n            return null;\n        }\n        return typeof style === 'string' ? style : style.cssText;\n    }\n    if ((name === 'selected' || name === 'checked') && isSelectable(element)) {\n        return isSelected(element) ? 'true' : null;\n    }\n    const isLink = isElement(element, 'A');\n    const isImg = isElement(element, 'IMG');\n    if ((isImg && name === 'src') || (isLink && name === 'href')) {\n        const attrValue = getAttribute(element, name);\n        if (attrValue) {\n            return String(getProperty(element, name));\n        }\n        return attrValue;\n    }\n    if (name === 'spellcheck') {\n        const attrValue = getAttribute(element, name);\n        if (attrValue !== null) {\n            const lower = attrValue.toLowerCase();\n            if (lower === 'false') {\n                return 'false';\n            }\n            if (lower === 'true') {\n                return 'true';\n            }\n        }\n        return String(getProperty(element, name));\n    }\n    const propName = PROPERTY_ALIASES[name] || attribute;\n    if (BOOLEAN_PROPERTIES.has(name)) {\n        const hasAttr = element.getAttribute(name) !== null;\n        const propValue = getProperty(element, propName);\n        return hasAttr || !!propValue ? 'true' : null;\n    }\n    if (name === 'value' && isElement(element, 'LI')) {\n        const attrValue = element.getAttribute(name);\n        return attrValue != null ? attrValue : null;\n    }\n    let property;\n    try {\n        property = getProperty(element, propName);\n    }\n    catch (_e) {\n    }\n    if (property == null || isObject(property)) {\n        const attrValue = element.getAttribute(name);\n        return attrValue != null ? attrValue : null;\n    }\n    return property != null ? String(property) : null;\n})).apply(null, arguments);"
}
[1783513380.912][INFO]: Waiting for pending navigations...
[1783513380.913][INFO]: Done waiting for pending navigations. Status: ok
[1783513380.918][INFO]: Waiting for pending navigations...
[1783513380.918][INFO]: Done waiting for pending navigations. Status: ok
[1783513380.918][INFO]: [8efdbb22e63138c8342c133790a7028c] RESPONSE ExecuteScript "https://rukminim2.flixcart.com/image/612/612/xif0q/mug/u/q/l/premium-travel-tumbler-with-lid-durable-insulated-mug-ice-drinks-original-imagvgscchu2hmzm.jpeg?q=70"
[1783513380.920][INFO]: [8efdbb22e63138c8342c133790a7028c] COMMAND FindChildElement {
   "id": "f.49D49945748C2EC068872BC92F3619EA.d.1FA0012362CDD3C62DB479648FDB025A.e.3115",
   "using": "xpath",
   "value": ".//span[@class='PvbNMB']"
}
[1783513380.920][INFO]: Waiting for pending navigations...
[1783513380.921][INFO]: Done waiting for pending navigations. Status: ok
[1783513380.928][INFO]: Waiting for pending navigations...
[1783513380.929][INFO]: Done waiting for pending navigations. Status: ok
[1783513380.929][INFO]: [8efdbb22e63138c8342c133790a7028c] RESPONSE FindChildElement {
   "element-6066-11e4-a52e-4f735466cecf": "f.49D49945748C2EC068872BC92F3619EA.d.1FA0012362CDD3C62DB479648FDB025A.e.3155"
}
[1783513380.930][INFO]: [8efdbb22e63138c8342c133790a7028c] COMMAND GetElementText {
   "id": "f.49D49945748C2EC068872BC92F3619EA.d.1FA0012362CDD3C62DB479648FDB025A.e.3155"
}
[1783513380.931][INFO]: Waiting for pending navigations...
[1783513380.932][INFO]: Done waiting for pending navigations. Status: ok
[1783513380.940][INFO]: Waiting for pending navigations...
[1783513380.941][INFO]: Done waiting for pending navigations. Status: ok
[1783513380.941][INFO]: [8efdbb22e63138c8342c133790a7028c] RESPONSE GetElementText "(479)"
[1783513380.943][INFO]: [8efdbb22e63138c8342c133790a7028c] COMMAND FindChildElement {
   "id": "f.49D49945748C2EC068872BC92F3619EA.d.1FA0012362CDD3C62DB479648FDB025A.e.3116",
   "using": "xpath",
   "value": ".//div[@class='lWX0_T']//img"
}
[1783513380.943][INFO]: Waiting for pending navigations...
[1783513380.944][INFO]: Done waiting for pending navigations. Status: ok
[1783513380.951][INFO]: Waiting for pending navigations...
[1783513380.952][INFO]: Done waiting for pending navigations. Status: ok
[1783513380.952][INFO]: [8efdbb22e63138c8342c133790a7028c] RESPONSE FindChildElement {
   "element-6066-11e4-a52e-4f735466cecf": "f.49D49945748C2EC068872BC92F3619EA.d.1FA0012362CDD3C62DB479648FDB025A.e.2291"
}
[1783513380.955][INFO]: [8efdbb22e63138c8342c133790a7028c] COMMAND ExecuteScript {
   "args": [ {
      "element-6066-11e4-a52e-4f735466cecf": "f.49D49945748C2EC068872BC92F3619EA.d.1FA0012362CDD3C62DB479648FDB025A.e.2291"
   }, "alt" ],
   "script": "/* getAttribute */return ((function (element, attribute) {\n    const PROPERTY_ALIASES = {\n        'class': 'className',\n        'readonly': 'readOnly',\n    };\n    const BOOLEAN_PROPERTIES = new Set([\n        'allowfullscreen',\n        'allowpaymentrequest',\n        'allowusermedia',\n        'async',\n        'autofocus',\n        'autoplay',\n        'checked',\n        'compact',\n        'complete',\n        'controls',\n        'declare',\n        'default',\n        'defaultchecked',\n        'defaultselected',\n        'defer',\n        'disabled',\n        'ended',\n        'formnovalidate',\n        'hidden',\n        'indeterminate',\n        'iscontenteditable',\n        'ismap',\n        'itemscope',\n        'loop',\n        'multiple',\n        'muted',\n        'nohref',\n        'nomodule',\n        'noresize',\n        'noshade',\n        'novalidate',\n        'nowrap',\n        'open',\n        'paused',\n        'playsinline',\n        'pubdate',\n        'readonly',\n        'required',\n        'reversed',\n        'scoped',\n        'seamless',\n        'seeking',\n        'selected',\n        'truespeed',\n        'typemustmatch',\n        'willvalidate',\n    ]);\n    function getAttribute(element, attributeName) {\n        return element.getAttribute(attributeName.toLowerCase());\n    }\n    function getProperty(element, propertyName) {\n        return element[propertyName];\n    }\n    function isElement(node, tagName) {\n        const elem = node;\n        if (!elem || elem.nodeType !== 1) {\n            return false;\n        }\n        if (!tagName) {\n            return true;\n        }\n        const normalizedTag = tagName.toUpperCase();\n        if (node instanceof HTMLFormElement) {\n            return normalizedTag === 'FORM';\n        }\n        return typeof elem.tagName === 'string' && elem.tagName.toUpperCase() === normalizedTag;\n    }\n    function isSelectable(element) {\n        if (isElement(element, 'OPTION')) {\n            return true;\n        }\n        if (isElement(element, 'INPUT')) {\n            const type = element.type.toLowerCase();\n            return type === 'checkbox' || type === 'radio';\n        }\n        return false;\n    }\n    function isSelected(element) {\n        var _a;\n        if (isElement(element, 'OPTION')) {\n            return element.selected;\n        }\n        const type = (_a = element.type) === null || _a === void 0 ? void 0 : _a.toLowerCase();\n        if (type === 'checkbox' || type === 'radio') {\n            return element.checked;\n        }\n        return false;\n    }\n    function isObject(value) {\n        return value !== null && (typeof value === 'object' || typeof value === 'function');\n    }\n    const name = attribute.toLowerCase();\n    if (name === 'style') {\n        const style = element.style;\n        if (!style) {\n            return null;\n        }\n        return typeof style === 'string' ? style : style.cssText;\n    }\n    if ((name === 'selected' || name === 'checked') && isSelectable(element)) {\n        return isSelected(element) ? 'true' : null;\n    }\n    const isLink = isElement(element, 'A');\n    const isImg = isElement(element, 'IMG');\n    if ((isImg && name === 'src') || (isLink && name === 'href')) {\n        const attrValue = getAttribute(element, name);\n        if (attrValue) {\n            return String(getProperty(element, name));\n        }\n        return attrValue;\n    }\n    if (name === 'spellcheck') {\n        const attrValue = getAttribute(element, name);\n        if (attrValue !== null) {\n            const lower = attrValue.toLowerCase();\n            if (lower === 'false') {\n                return 'false';\n            }\n            if (lower === 'true') {\n                return 'true';\n            }\n        }\n        return String(getProperty(element, name));\n    }\n    const propName = PROPERTY_ALIASES[name] || attribute;\n    if (BOOLEAN_PROPERTIES.has(name)) {\n        const hasAttr = element.getAttribute(name) !== null;\n        const propValue = getProperty(element, propName);\n        return hasAttr || !!propValue ? 'true' : null;\n    }\n    if (name === 'value' && isElement(element, 'LI')) {\n        const attrValue = element.getAttribute(name);\n        return attrValue != null ? attrValue : null;\n    }\n    let property;\n    try {\n        property = getProperty(element, propName);\n    }\n    catch (_e) {\n    }\n    if (property == null || isObject(property)) {\n        const attrValue = element.getAttribute(name);\n        return attrValue != null ? attrValue : null;\n    }\n    return property != null ? String(property) : null;\n})).apply(null, arguments);"
}
[1783513380.955][INFO]: Waiting for pending navigations...
[1783513380.956][INFO]: Done waiting for pending navigations. Status: ok
[1783513380.960][INFO]: Waiting for pending navigations...
[1783513380.961][INFO]: Done waiting for pending navigations. Status: ok
[1783513380.961][INFO]: [8efdbb22e63138c8342c133790a7028c] RESPONSE ExecuteScript "HOUSE OF QUIRK 1200ML Stainless Steel Tumbler with Handle & Lid, 2 Straws -Pink Petal Stainless Steel Tumbler"
[1783513380.962][INFO]: [8efdbb22e63138c8342c133790a7028c] COMMAND FindChildElement {
   "id": "f.49D49945748C2EC068872BC92F3619EA.d.1FA0012362CDD3C62DB479648FDB025A.e.3116",
   "using": "xpath",
   "value": ".//div[@class='lWX0_T']//img"
}
[1783513380.962][INFO]: Waiting for pending navigations...
[1783513380.963][INFO]: Done waiting for pending navigations. Status: ok
[1783513380.971][INFO]: Waiting for pending navigations...
[1783513380.972][INFO]: Done waiting for pending navigations. Status: ok
[1783513380.972][INFO]: [8efdbb22e63138c8342c133790a7028c] RESPONSE FindChildElement {
   "element-6066-11e4-a52e-4f735466cecf": "f.49D49945748C2EC068872BC92F3619EA.d.1FA0012362CDD3C62DB479648FDB025A.e.2291"
}
[1783513380.974][INFO]: [8efdbb22e63138c8342c133790a7028c] COMMAND ExecuteScript {
   "args": [ {
      "element-6066-11e4-a52e-4f735466cecf": "f.49D49945748C2EC068872BC92F3619EA.d.1FA0012362CDD3C62DB479648FDB025A.e.2291"
   }, "src" ],
   "script": "/* getAttribute */return ((function (element, attribute) {\n    const PROPERTY_ALIASES = {\n        'class': 'className',\n        'readonly': 'readOnly',\n    };\n    const BOOLEAN_PROPERTIES = new Set([\n        'allowfullscreen',\n        'allowpaymentrequest',\n        'allowusermedia',\n        'async',\n        'autofocus',\n        'autoplay',\n        'checked',\n        'compact',\n        'complete',\n        'controls',\n        'declare',\n        'default',\n        'defaultchecked',\n        'defaultselected',\n        'defer',\n        'disabled',\n        'ended',\n        'formnovalidate',\n        'hidden',\n        'indeterminate',\n        'iscontenteditable',\n        'ismap',\n        'itemscope',\n        'loop',\n        'multiple',\n        'muted',\n        'nohref',\n        'nomodule',\n        'noresize',\n        'noshade',\n        'novalidate',\n        'nowrap',\n        'open',\n        'paused',\n        'playsinline',\n        'pubdate',\n        'readonly',\n        'required',\n        'reversed',\n        'scoped',\n        'seamless',\n        'seeking',\n        'selected',\n        'truespeed',\n        'typemustmatch',\n        'willvalidate',\n    ]);\n    function getAttribute(element, attributeName) {\n        return element.getAttribute(attributeName.toLowerCase());\n    }\n    function getProperty(element, propertyName) {\n        return element[propertyName];\n    }\n    function isElement(node, tagName) {\n        const elem = node;\n        if (!elem || elem.nodeType !== 1) {\n            return false;\n        }\n        if (!tagName) {\n            return true;\n        }\n        const normalizedTag = tagName.toUpperCase();\n        if (node instanceof HTMLFormElement) {\n            return normalizedTag === 'FORM';\n        }\n        return typeof elem.tagName === 'string' && elem.tagName.toUpperCase() === normalizedTag;\n    }\n    function isSelectable(element) {\n        if (isElement(element, 'OPTION')) {\n            return true;\n        }\n        if (isElement(element, 'INPUT')) {\n            const type = element.type.toLowerCase();\n            return type === 'checkbox' || type === 'radio';\n        }\n        return false;\n    }\n    function isSelected(element) {\n        var _a;\n        if (isElement(element, 'OPTION')) {\n            return element.selected;\n        }\n        const type = (_a = element.type) === null || _a === void 0 ? void 0 : _a.toLowerCase();\n        if (type === 'checkbox' || type === 'radio') {\n            return element.checked;\n        }\n        return false;\n    }\n    function isObject(value) {\n        return value !== null && (typeof value === 'object' || typeof value === 'function');\n    }\n    const name = attribute.toLowerCase();\n    if (name === 'style') {\n        const style = element.style;\n        if (!style) {\n            return null;\n        }\n        return typeof style === 'string' ? style : style.cssText;\n    }\n    if ((name === 'selected' || name === 'checked') && isSelectable(element)) {\n        return isSelected(element) ? 'true' : null;\n    }\n    const isLink = isElement(element, 'A');\n    const isImg = isElement(element, 'IMG');\n    if ((isImg && name === 'src') || (isLink && name === 'href')) {\n        const attrValue = getAttribute(element, name);\n        if (attrValue) {\n            return String(getProperty(element, name));\n        }\n        return attrValue;\n    }\n    if (name === 'spellcheck') {\n        const attrValue = getAttribute(element, name);\n        if (attrValue !== null) {\n            const lower = attrValue.toLowerCase();\n            if (lower === 'false') {\n                return 'false';\n            }\n            if (lower === 'true') {\n                return 'true';\n            }\n        }\n        return String(getProperty(element, name));\n    }\n    const propName = PROPERTY_ALIASES[name] || attribute;\n    if (BOOLEAN_PROPERTIES.has(name)) {\n        const hasAttr = element.getAttribute(name) !== null;\n        const propValue = getProperty(element, propName);\n        return hasAttr || !!propValue ? 'true' : null;\n    }\n    if (name === 'value' && isElement(element, 'LI')) {\n        const attrValue = element.getAttribute(name);\n        return attrValue != null ? attrValue : null;\n    }\n    let property;\n    try {\n        property = getProperty(element, propName);\n    }\n    catch (_e) {\n    }\n    if (property == null || isObject(property)) {\n        const attrValue = element.getAttribute(name);\n        return attrValue != null ? attrValue : null;\n    }\n    return property != null ? String(property) : null;\n})).apply(null, arguments);"
}
[1783513380.974][INFO]: Waiting for pending navigations...
[1783513380.975][INFO]: Done waiting for pending navigations. Status: ok
[1783513380.980][INFO]: Waiting for pending navigations...
[1783513380.981][INFO]: Done waiting for pending navigations. Status: ok
[1783513380.981][INFO]: [8efdbb22e63138c8342c133790a7028c] RESPONSE ExecuteScript "https://rukminim2.flixcart.com/image/612/612/xif0q/mug/p/v/e/1200ml-stainless-steel-tumbler-with-handle-lid-2-straws-pink-original-imahgrudh4tshz3n.jpeg?q=70"
[1783513380.982][INFO]: [8efdbb22e63138c8342c133790a7028c] COMMAND FindChildElement {
   "id": "f.49D49945748C2EC068872BC92F3619EA.d.1FA0012362CDD3C62DB479648FDB025A.e.3116",
   "using": "xpath",
   "value": ".//span[@class='PvbNMB']"
}
[1783513380.982][INFO]: Waiting for pending navigations...
[1783513380.983][INFO]: Done waiting for pending navigations. Status: ok
[1783513380.991][INFO]: Waiting for pending navigations...
[1783513380.992][INFO]: Done waiting for pending navigations. Status: ok
[1783513380.992][INFO]: [8efdbb22e63138c8342c133790a7028c] RESPONSE FindChildElement {
   "element-6066-11e4-a52e-4f735466cecf": "f.49D49945748C2EC068872BC92F3619EA.d.1FA0012362CDD3C62DB479648FDB025A.e.3156"
}
[1783513380.993][INFO]: [8efdbb22e63138c8342c133790a7028c] COMMAND GetElementText {
   "id": "f.49D49945748C2EC068872BC92F3619EA.d.1FA0012362CDD3C62DB479648FDB025A.e.3156"
}
[1783513380.993][INFO]: Waiting for pending navigations...
[1783513380.994][INFO]: Done waiting for pending navigations. Status: ok
[1783513381.003][INFO]: Waiting for pending navigations...
[1783513381.004][INFO]: Done waiting for pending navigations. Status: ok
[1783513381.004][INFO]: [8efdbb22e63138c8342c133790a7028c] RESPONSE GetElementText "(32)"
[1783513381.005][INFO]: [8efdbb22e63138c8342c133790a7028c] COMMAND FindChildElement {
   "id": "f.49D49945748C2EC068872BC92F3619EA.d.1FA0012362CDD3C62DB479648FDB025A.e.3117",
   "using": "xpath",
   "value": ".//div[@class='lWX0_T']//img"
}
[1783513381.005][INFO]: Waiting for pending navigations...
[1783513381.006][INFO]: Done waiting for pending navigations. Status: ok
[1783513381.014][INFO]: Waiting for pending navigations...
[1783513381.015][INFO]: Done waiting for pending navigations. Status: ok
[1783513381.015][INFO]: [8efdbb22e63138c8342c133790a7028c] RESPONSE FindChildElement {
   "element-6066-11e4-a52e-4f735466cecf": "f.49D49945748C2EC068872BC92F3619EA.d.1FA0012362CDD3C62DB479648FDB025A.e.2204"
}
[1783513381.016][INFO]: [8efdbb22e63138c8342c133790a7028c] COMMAND ExecuteScript {
   "args": [ {
      "element-6066-11e4-a52e-4f735466cecf": "f.49D49945748C2EC068872BC92F3619EA.d.1FA0012362CDD3C62DB479648FDB025A.e.2204"
   }, "alt" ],
   "script": "/* getAttribute */return ((function (element, attribute) {\n    const PROPERTY_ALIASES = {\n        'class': 'className',\n        'readonly': 'readOnly',\n    };\n    const BOOLEAN_PROPERTIES = new Set([\n        'allowfullscreen',\n        'allowpaymentrequest',\n        'allowusermedia',\n        'async',\n        'autofocus',\n        'autoplay',\n        'checked',\n        'compact',\n        'complete',\n        'controls',\n        'declare',\n        'default',\n        'defaultchecked',\n        'defaultselected',\n        'defer',\n        'disabled',\n        'ended',\n        'formnovalidate',\n        'hidden',\n        'indeterminate',\n        'iscontenteditable',\n        'ismap',\n        'itemscope',\n        'loop',\n        'multiple',\n        'muted',\n        'nohref',\n        'nomodule',\n        'noresize',\n        'noshade',\n        'novalidate',\n        'nowrap',\n        'open',\n        'paused',\n        'playsinline',\n        'pubdate',\n        'readonly',\n        'required',\n        'reversed',\n        'scoped',\n        'seamless',\n        'seeking',\n        'selected',\n        'truespeed',\n        'typemustmatch',\n        'willvalidate',\n    ]);\n    function getAttribute(element, attributeName) {\n        return element.getAttribute(attributeName.toLowerCase());\n    }\n    function getProperty(element, propertyName) {\n        return element[propertyName];\n    }\n    function isElement(node, tagName) {\n        const elem = node;\n        if (!elem || elem.nodeType !== 1) {\n            return false;\n        }\n        if (!tagName) {\n            return true;\n        }\n        const normalizedTag = tagName.toUpperCase();\n        if (node instanceof HTMLFormElement) {\n            return normalizedTag === 'FORM';\n        }\n        return typeof elem.tagName === 'string' && elem.tagName.toUpperCase() === normalizedTag;\n    }\n    function isSelectable(element) {\n        if (isElement(element, 'OPTION')) {\n            return true;\n        }\n        if (isElement(element, 'INPUT')) {\n            const type = element.type.toLowerCase();\n            return type === 'checkbox' || type === 'radio';\n        }\n        return false;\n    }\n    function isSelected(element) {\n        var _a;\n        if (isElement(element, 'OPTION')) {\n            return element.selected;\n        }\n        const type = (_a = element.type) === null || _a === void 0 ? void 0 : _a.toLowerCase();\n        if (type === 'checkbox' || type === 'radio') {\n            return element.checked;\n        }\n        return false;\n    }\n    function isObject(value) {\n        return value !== null && (typeof value === 'object' || typeof value === 'function');\n    }\n    const name = attribute.toLowerCase();\n    if (name === 'style') {\n        const style = element.style;\n        if (!style) {\n            return null;\n        }\n        return typeof style === 'string' ? style : style.cssText;\n    }\n    if ((name === 'selected' || name === 'checked') && isSelectable(element)) {\n        return isSelected(element) ? 'true' : null;\n    }\n    const isLink = isElement(element, 'A');\n    const isImg = isElement(element, 'IMG');\n    if ((isImg && name === 'src') || (isLink && name === 'href')) {\n        const attrValue = getAttribute(element, name);\n        if (attrValue) {\n            return String(getProperty(element, name));\n        }\n        return attrValue;\n    }\n    if (name === 'spellcheck') {\n        const attrValue = getAttribute(element, name);\n        if (attrValue !== null) {\n            const lower = attrValue.toLowerCase();\n            if (lower === 'false') {\n                return 'false';\n            }\n            if (lower === 'true') {\n                return 'true';\n            }\n        }\n        return String(getProperty(element, name));\n    }\n    const propName = PROPERTY_ALIASES[name] || attribute;\n    if (BOOLEAN_PROPERTIES.has(name)) {\n        const hasAttr = element.getAttribute(name) !== null;\n        const propValue = getProperty(element, propName);\n        return hasAttr || !!propValue ? 'true' : null;\n    }\n    if (name === 'value' && isElement(element, 'LI')) {\n        const attrValue = element.getAttribute(name);\n        return attrValue != null ? attrValue : null;\n    }\n    let property;\n    try {\n        property = getProperty(element, propName);\n    }\n    catch (_e) {\n    }\n    if (property == null || isObject(property)) {\n        const attrValue = element.getAttribute(name);\n        return attrValue != null ? attrValue : null;\n    }\n    return property != null ? String(property) : null;\n})).apply(null, arguments);"
}
[1783513381.016][INFO]: Waiting for pending navigations...
[1783513381.017][INFO]: Done waiting for pending navigations. Status: ok
[1783513381.022][INFO]: Waiting for pending navigations...
[1783513381.023][INFO]: Done waiting for pending navigations. Status: ok
[1783513381.023][INFO]: [8efdbb22e63138c8342c133790a7028c] RESPONSE ExecuteScript "MAGICSPOON Stainless Steel Coffee with Lid (300 ml) (Pack of 2) (Maroon) Stainless Steel Coffee Mug"
[1783513381.024][INFO]: [8efdbb22e63138c8342c133790a7028c] COMMAND FindChildElement {
   "id": "f.49D49945748C2EC068872BC92F3619EA.d.1FA0012362CDD3C62DB479648FDB025A.e.3117",
   "using": "xpath",
   "value": ".//div[@class='lWX0_T']//img"
}
[1783513381.024][INFO]: Waiting for pending navigations...
[1783513381.025][INFO]: Done waiting for pending navigations. Status: ok
[1783513381.033][INFO]: Waiting for pending navigations...
[1783513381.033][INFO]: Done waiting for pending navigations. Status: ok
[1783513381.033][INFO]: [8efdbb22e63138c8342c133790a7028c] RESPONSE FindChildElement {
   "element-6066-11e4-a52e-4f735466cecf": "f.49D49945748C2EC068872BC92F3619EA.d.1FA0012362CDD3C62DB479648FDB025A.e.2204"
}
[1783513381.035][INFO]: [8efdbb22e63138c8342c133790a7028c] COMMAND ExecuteScript {
   "args": [ {
      "element-6066-11e4-a52e-4f735466cecf": "f.49D49945748C2EC068872BC92F3619EA.d.1FA0012362CDD3C62DB479648FDB025A.e.2204"
   }, "src" ],
   "script": "/* getAttribute */return ((function (element, attribute) {\n    const PROPERTY_ALIASES = {\n        'class': 'className',\n        'readonly': 'readOnly',\n    };\n    const BOOLEAN_PROPERTIES = new Set([\n        'allowfullscreen',\n        'allowpaymentrequest',\n        'allowusermedia',\n        'async',\n        'autofocus',\n        'autoplay',\n        'checked',\n        'compact',\n        'complete',\n        'controls',\n        'declare',\n        'default',\n        'defaultchecked',\n        'defaultselected',\n        'defer',\n        'disabled',\n        'ended',\n        'formnovalidate',\n        'hidden',\n        'indeterminate',\n        'iscontenteditable',\n        'ismap',\n        'itemscope',\n        'loop',\n        'multiple',\n        'muted',\n        'nohref',\n        'nomodule',\n        'noresize',\n        'noshade',\n        'novalidate',\n        'nowrap',\n        'open',\n        'paused',\n        'playsinline',\n        'pubdate',\n        'readonly',\n        'required',\n        'reversed',\n        'scoped',\n        'seamless',\n        'seeking',\n        'selected',\n        'truespeed',\n        'typemustmatch',\n        'willvalidate',\n    ]);\n    function getAttribute(element, attributeName) {\n        return element.getAttribute(attributeName.toLowerCase());\n    }\n    function getProperty(element, propertyName) {\n        return element[propertyName];\n    }\n    function isElement(node, tagName) {\n        const elem = node;\n        if (!elem || elem.nodeType !== 1) {\n            return false;\n        }\n        if (!tagName) {\n            return true;\n        }\n        const normalizedTag = tagName.toUpperCase();\n        if (node instanceof HTMLFormElement) {\n            return normalizedTag === 'FORM';\n        }\n        return typeof elem.tagName === 'string' && elem.tagName.toUpperCase() === normalizedTag;\n    }\n    function isSelectable(element) {\n        if (isElement(element, 'OPTION')) {\n            return true;\n        }\n        if (isElement(element, 'INPUT')) {\n            const type = element.type.toLowerCase();\n            return type === 'checkbox' || type === 'radio';\n        }\n        return false;\n    }\n    function isSelected(element) {\n        var _a;\n        if (isElement(element, 'OPTION')) {\n            return element.selected;\n        }\n        const type = (_a = element.type) === null || _a === void 0 ? void 0 : _a.toLowerCase();\n        if (type === 'checkbox' || type === 'radio') {\n            return element.checked;\n        }\n        return false;\n    }\n    function isObject(value) {\n        return value !== null && (typeof value === 'object' || typeof value === 'function');\n    }\n    const name = attribute.toLowerCase();\n    if (name === 'style') {\n        const style = element.style;\n        if (!style) {\n            return null;\n        }\n        return typeof style === 'string' ? style : style.cssText;\n    }\n    if ((name === 'selected' || name === 'checked') && isSelectable(element)) {\n        return isSelected(element) ? 'true' : null;\n    }\n    const isLink = isElement(element, 'A');\n    const isImg = isElement(element, 'IMG');\n    if ((isImg && name === 'src') || (isLink && name === 'href')) {\n        const attrValue = getAttribute(element, name);\n        if (attrValue) {\n            return String(getProperty(element, name));\n        }\n        return attrValue;\n    }\n    if (name === 'spellcheck') {\n        const attrValue = getAttribute(element, name);\n        if (attrValue !== null) {\n            const lower = attrValue.toLowerCase();\n            if (lower === 'false') {\n                return 'false';\n            }\n            if (lower === 'true') {\n                return 'true';\n            }\n        }\n        return String(getProperty(element, name));\n    }\n    const propName = PROPERTY_ALIASES[name] || attribute;\n    if (BOOLEAN_PROPERTIES.has(name)) {\n        const hasAttr = element.getAttribute(name) !== null;\n        const propValue = getProperty(element, propName);\n        return hasAttr || !!propValue ? 'true' : null;\n    }\n    if (name === 'value' && isElement(element, 'LI')) {\n        const attrValue = element.getAttribute(name);\n        return attrValue != null ? attrValue : null;\n    }\n    let property;\n    try {\n        property = getProperty(element, propName);\n    }\n    catch (_e) {\n    }\n    if (property == null || isObject(property)) {\n        const attrValue = element.getAttribute(name);\n        return attrValue != null ? attrValue : null;\n    }\n    return property != null ? String(property) : null;\n})).apply(null, arguments);"
}
[1783513381.035][INFO]: Waiting for pending navigations...
[1783513381.036][INFO]: Done waiting for pending navigations. Status: ok
[1783513381.039][INFO]: Waiting for pending navigations...
[1783513381.040][INFO]: Done waiting for pending navigations. Status: ok
[1783513381.040][INFO]: [8efdbb22e63138c8342c133790a7028c] RESPONSE ExecuteScript "https://rukminim2.flixcart.com/image/612/612/xif0q/mug/e/m/s/stainless-steel-coffee-mug-with-lid-300-ml-pack-of-2-maroon-300-original-imahkxxc6hssrgzh.jpeg?q=70"
[1783513381.041][INFO]: [8efdbb22e63138c8342c133790a7028c] COMMAND FindChildElement {
   "id": "f.49D49945748C2EC068872BC92F3619EA.d.1FA0012362CDD3C62DB479648FDB025A.e.3117",
   "using": "xpath",
   "value": ".//span[@class='PvbNMB']"
}
[1783513381.041][INFO]: Waiting for pending navigations...
[1783513381.042][INFO]: Done waiting for pending navigations. Status: ok
[1783513381.049][INFO]: Waiting for pending navigations...
[1783513381.050][INFO]: Done waiting for pending navigations. Status: ok
[1783513381.050][INFO]: [8efdbb22e63138c8342c133790a7028c] RESPONSE FindChildElement {
   "element-6066-11e4-a52e-4f735466cecf": "f.49D49945748C2EC068872BC92F3619EA.d.1FA0012362CDD3C62DB479648FDB025A.e.3157"
}
[1783513381.051][INFO]: [8efdbb22e63138c8342c133790a7028c] COMMAND GetElementText {
   "id": "f.49D49945748C2EC068872BC92F3619EA.d.1FA0012362CDD3C62DB479648FDB025A.e.3157"
}
[1783513381.051][INFO]: Waiting for pending navigations...
[1783513381.052][INFO]: Done waiting for pending navigations. Status: ok
[1783513381.060][INFO]: Waiting for pending navigations...
[1783513381.061][INFO]: Done waiting for pending navigations. Status: ok
[1783513381.061][INFO]: [8efdbb22e63138c8342c133790a7028c] RESPONSE GetElementText "(1,835)"
[1783513381.062][INFO]: [8efdbb22e63138c8342c133790a7028c] COMMAND FindChildElement {
   "id": "f.49D49945748C2EC068872BC92F3619EA.d.1FA0012362CDD3C62DB479648FDB025A.e.3118",
   "using": "xpath",
   "value": ".//div[@class='lWX0_T']//img"
}
[1783513381.062][INFO]: Waiting for pending navigations...
[1783513381.063][INFO]: Done waiting for pending navigations. Status: ok
[1783513381.069][INFO]: Waiting for pending navigations...
[1783513381.070][INFO]: Done waiting for pending navigations. Status: ok
[1783513381.070][INFO]: [8efdbb22e63138c8342c133790a7028c] RESPONSE FindChildElement {
   "element-6066-11e4-a52e-4f735466cecf": "f.49D49945748C2EC068872BC92F3619EA.d.1FA0012362CDD3C62DB479648FDB025A.e.2205"
}
[1783513381.072][INFO]: [8efdbb22e63138c8342c133790a7028c] COMMAND ExecuteScript {
   "args": [ {
      "element-6066-11e4-a52e-4f735466cecf": "f.49D49945748C2EC068872BC92F3619EA.d.1FA0012362CDD3C62DB479648FDB025A.e.2205"
   }, "alt" ],
   "script": "/* getAttribute */return ((function (element, attribute) {\n    const PROPERTY_ALIASES = {\n        'class': 'className',\n        'readonly': 'readOnly',\n    };\n    const BOOLEAN_PROPERTIES = new Set([\n        'allowfullscreen',\n        'allowpaymentrequest',\n        'allowusermedia',\n        'async',\n        'autofocus',\n        'autoplay',\n        'checked',\n        'compact',\n        'complete',\n        'controls',\n        'declare',\n        'default',\n        'defaultchecked',\n        'defaultselected',\n        'defer',\n        'disabled',\n        'ended',\n        'formnovalidate',\n        'hidden',\n        'indeterminate',\n        'iscontenteditable',\n        'ismap',\n        'itemscope',\n        'loop',\n        'multiple',\n        'muted',\n        'nohref',\n        'nomodule',\n        'noresize',\n        'noshade',\n        'novalidate',\n        'nowrap',\n        'open',\n        'paused',\n        'playsinline',\n        'pubdate',\n        'readonly',\n        'required',\n        'reversed',\n        'scoped',\n        'seamless',\n        'seeking',\n        'selected',\n        'truespeed',\n        'typemustmatch',\n        'willvalidate',\n    ]);\n    function getAttribute(element, attributeName) {\n        return element.getAttribute(attributeName.toLowerCase());\n    }\n    function getProperty(element, propertyName) {\n        return element[propertyName];\n    }\n    function isElement(node, tagName) {\n        const elem = node;\n        if (!elem || elem.nodeType !== 1) {\n            return false;\n        }\n        if (!tagName) {\n            return true;\n        }\n        const normalizedTag = tagName.toUpperCase();\n        if (node instanceof HTMLFormElement) {\n            return normalizedTag === 'FORM';\n        }\n        return typeof elem.tagName === 'string' && elem.tagName.toUpperCase() === normalizedTag;\n    }\n    function isSelectable(element) {\n        if (isElement(element, 'OPTION')) {\n            return true;\n        }\n        if (isElement(element, 'INPUT')) {\n            const type = element.type.toLowerCase();\n            return type === 'checkbox' || type === 'radio';\n        }\n        return false;\n    }\n    function isSelected(element) {\n        var _a;\n        if (isElement(element, 'OPTION')) {\n            return element.selected;\n        }\n        const type = (_a = element.type) === null || _a === void 0 ? void 0 : _a.toLowerCase();\n        if (type === 'checkbox' || type === 'radio') {\n            return element.checked;\n        }\n        return false;\n    }\n    function isObject(value) {\n        return value !== null && (typeof value === 'object' || typeof value === 'function');\n    }\n    const name = attribute.toLowerCase();\n    if (name === 'style') {\n        const style = element.style;\n        if (!style) {\n            return null;\n        }\n        return typeof style === 'string' ? style : style.cssText;\n    }\n    if ((name === 'selected' || name === 'checked') && isSelectable(element)) {\n        return isSelected(element) ? 'true' : null;\n    }\n    const isLink = isElement(element, 'A');\n    const isImg = isElement(element, 'IMG');\n    if ((isImg && name === 'src') || (isLink && name === 'href')) {\n        const attrValue = getAttribute(element, name);\n        if (attrValue) {\n            return String(getProperty(element, name));\n        }\n        return attrValue;\n    }\n    if (name === 'spellcheck') {\n        const attrValue = getAttribute(element, name);\n        if (attrValue !== null) {\n            const lower = attrValue.toLowerCase();\n            if (lower === 'false') {\n                return 'false';\n            }\n            if (lower === 'true') {\n                return 'true';\n            }\n        }\n        return String(getProperty(element, name));\n    }\n    const propName = PROPERTY_ALIASES[name] || attribute;\n    if (BOOLEAN_PROPERTIES.has(name)) {\n        const hasAttr = element.getAttribute(name) !== null;\n        const propValue = getProperty(element, propName);\n        return hasAttr || !!propValue ? 'true' : null;\n    }\n    if (name === 'value' && isElement(element, 'LI')) {\n        const attrValue = element.getAttribute(name);\n        return attrValue != null ? attrValue : null;\n    }\n    let property;\n    try {\n        property = getProperty(element, propName);\n    }\n    catch (_e) {\n    }\n    if (property == null || isObject(property)) {\n        const attrValue = element.getAttribute(name);\n        return attrValue != null ? attrValue : null;\n    }\n    return property != null ? String(property) : null;\n})).apply(null, arguments);"
}
[1783513381.072][INFO]: Waiting for pending navigations...
[1783513381.072][INFO]: Done waiting for pending navigations. Status: ok
[1783513381.076][INFO]: Waiting for pending navigations...
[1783513381.077][INFO]: Done waiting for pending navigations. Status: ok
[1783513381.077][INFO]: [8efdbb22e63138c8342c133790a7028c] RESPONSE ExecuteScript "Novo Insulated Coffee Travel, Double WalledInsulated Cup with Leakproof Lid Stainless Steel Tumbler"
[1783513381.078][INFO]: [8efdbb22e63138c8342c133790a7028c] COMMAND FindChildElement {
   "id": "f.49D49945748C2EC068872BC92F3619EA.d.1FA0012362CDD3C62DB479648FDB025A.e.3118",
   "using": "xpath",
   "value": ".//div[@class='lWX0_T']//img"
}
[1783513381.078][INFO]: Waiting for pending navigations...
[1783513381.079][INFO]: Done waiting for pending navigations. Status: ok
[1783513381.086][INFO]: Waiting for pending navigations...
[1783513381.087][INFO]: Done waiting for pending navigations. Status: ok
[1783513381.087][INFO]: [8efdbb22e63138c8342c133790a7028c] RESPONSE FindChildElement {
   "element-6066-11e4-a52e-4f735466cecf": "f.49D49945748C2EC068872BC92F3619EA.d.1FA0012362CDD3C62DB479648FDB025A.e.2205"
}
[1783513381.090][INFO]: [8efdbb22e63138c8342c133790a7028c] COMMAND ExecuteScript {
   "args": [ {
      "element-6066-11e4-a52e-4f735466cecf": "f.49D49945748C2EC068872BC92F3619EA.d.1FA0012362CDD3C62DB479648FDB025A.e.2205"
   }, "src" ],
   "script": "/* getAttribute */return ((function (element, attribute) {\n    const PROPERTY_ALIASES = {\n        'class': 'className',\n        'readonly': 'readOnly',\n    };\n    const BOOLEAN_PROPERTIES = new Set([\n        'allowfullscreen',\n        'allowpaymentrequest',\n        'allowusermedia',\n        'async',\n        'autofocus',\n        'autoplay',\n        'checked',\n        'compact',\n        'complete',\n        'controls',\n        'declare',\n        'default',\n        'defaultchecked',\n        'defaultselected',\n        'defer',\n        'disabled',\n        'ended',\n        'formnovalidate',\n        'hidden',\n        'indeterminate',\n        'iscontenteditable',\n        'ismap',\n        'itemscope',\n        'loop',\n        'multiple',\n        'muted',\n        'nohref',\n        'nomodule',\n        'noresize',\n        'noshade',\n        'novalidate',\n        'nowrap',\n        'open',\n        'paused',\n        'playsinline',\n        'pubdate',\n        'readonly',\n        'required',\n        'reversed',\n        'scoped',\n        'seamless',\n        'seeking',\n        'selected',\n        'truespeed',\n        'typemustmatch',\n        'willvalidate',\n    ]);\n    function getAttribute(element, attributeName) {\n        return element.getAttribute(attributeName.toLowerCase());\n    }\n    function getProperty(element, propertyName) {\n        return element[propertyName];\n    }\n    function isElement(node, tagName) {\n        const elem = node;\n        if (!elem || elem.nodeType !== 1) {\n            return false;\n        }\n        if (!tagName) {\n            return true;\n        }\n        const normalizedTag = tagName.toUpperCase();\n        if (node instanceof HTMLFormElement) {\n            return normalizedTag === 'FORM';\n        }\n        return typeof elem.tagName === 'string' && elem.tagName.toUpperCase() === normalizedTag;\n    }\n    function isSelectable(element) {\n        if (isElement(element, 'OPTION')) {\n            return true;\n        }\n        if (isElement(element, 'INPUT')) {\n            const type = element.type.toLowerCase();\n            return type === 'checkbox' || type === 'radio';\n        }\n        return false;\n    }\n    function isSelected(element) {\n        var _a;\n        if (isElement(element, 'OPTION')) {\n            return element.selected;\n        }\n        const type = (_a = element.type) === null || _a === void 0 ? void 0 : _a.toLowerCase();\n        if (type === 'checkbox' || type === 'radio') {\n            return element.checked;\n        }\n        return false;\n    }\n    function isObject(value) {\n        return value !== null && (typeof value === 'object' || typeof value === 'function');\n    }\n    const name = attribute.toLowerCase();\n    if (name === 'style') {\n        const style = element.style;\n        if (!style) {\n            return null;\n        }\n        return typeof style === 'string' ? style : style.cssText;\n    }\n    if ((name === 'selected' || name === 'checked') && isSelectable(element)) {\n        return isSelected(element) ? 'true' : null;\n    }\n    const isLink = isElement(element, 'A');\n    const isImg = isElement(element, 'IMG');\n    if ((isImg && name === 'src') || (isLink && name === 'href')) {\n        const attrValue = getAttribute(element, name);\n        if (attrValue) {\n            return String(getProperty(element, name));\n        }\n        return attrValue;\n    }\n    if (name === 'spellcheck') {\n        const attrValue = getAttribute(element, name);\n        if (attrValue !== null) {\n            const lower = attrValue.toLowerCase();\n            if (lower === 'false') {\n                return 'false';\n            }\n            if (lower === 'true') {\n                return 'true';\n            }\n        }\n        return String(getProperty(element, name));\n    }\n    const propName = PROPERTY_ALIASES[name] || attribute;\n    if (BOOLEAN_PROPERTIES.has(name)) {\n        const hasAttr = element.getAttribute(name) !== null;\n        const propValue = getProperty(element, propName);\n        return hasAttr || !!propValue ? 'true' : null;\n    }\n    if (name === 'value' && isElement(element, 'LI')) {\n        const attrValue = element.getAttribute(name);\n        return attrValue != null ? attrValue : null;\n    }\n    let property;\n    try {\n        property = getProperty(element, propName);\n    }\n    catch (_e) {\n    }\n    if (property == null || isObject(property)) {\n        const attrValue = element.getAttribute(name);\n        return attrValue != null ? attrValue : null;\n    }\n    return property != null ? String(property) : null;\n})).apply(null, arguments);"
}
[1783513381.090][INFO]: Waiting for pending navigations...
[1783513381.091][INFO]: Done waiting for pending navigations. Status: ok
[1783513381.094][INFO]: Waiting for pending navigations...
[1783513381.095][INFO]: Done waiting for pending navigations. Status: ok
[1783513381.095][INFO]: [8efdbb22e63138c8342c133790a7028c] RESPONSE ExecuteScript "https://rukminim2.flixcart.com/image/612/612/xif0q/mug/r/s/1/insulated-coffee-travel-mug-double-walledinsulated-cup-with-original-imahjx87rcurvcay.jpeg?q=70"
[1783513381.097][INFO]: [8efdbb22e63138c8342c133790a7028c] COMMAND FindChildElement {
   "id": "f.49D49945748C2EC068872BC92F3619EA.d.1FA0012362CDD3C62DB479648FDB025A.e.3118",
   "using": "xpath",
   "value": ".//span[@class='PvbNMB']"
}
[1783513381.097][INFO]: Waiting for pending navigations...
[1783513381.098][INFO]: Done waiting for pending navigations. Status: ok
[1783513381.105][INFO]: Waiting for pending navigations...
[1783513381.106][INFO]: Done waiting for pending navigations. Status: ok
[1783513381.106][INFO]: [8efdbb22e63138c8342c133790a7028c] RESPONSE FindChildElement {
   "element-6066-11e4-a52e-4f735466cecf": "f.49D49945748C2EC068872BC92F3619EA.d.1FA0012362CDD3C62DB479648FDB025A.e.3158"
}
[1783513381.108][INFO]: [8efdbb22e63138c8342c133790a7028c] COMMAND GetElementText {
   "id": "f.49D49945748C2EC068872BC92F3619EA.d.1FA0012362CDD3C62DB479648FDB025A.e.3158"
}
[1783513381.108][INFO]: Waiting for pending navigations...
[1783513381.109][INFO]: Done waiting for pending navigations. Status: ok
[1783513381.117][INFO]: Waiting for pending navigations...
[1783513381.117][INFO]: Done waiting for pending navigations. Status: ok
[1783513381.117][INFO]: [8efdbb22e63138c8342c133790a7028c] RESPONSE GetElementText "(118)"
[1783513381.121][INFO]: [8efdbb22e63138c8342c133790a7028c] COMMAND SetTimeouts {
   "implicit": 0
}
[1783513381.121][INFO]: [8efdbb22e63138c8342c133790a7028c] RESPONSE SetTimeouts
[1783513391.136][INFO]: [8efdbb22e63138c8342c133790a7028c] COMMAND CloseWindow {
}
[1783513391.281][INFO]: [8efdbb22e63138c8342c133790a7028c] RESPONSE CloseWindow [  ]
